user_id,signup_date,city_tier,segment,preferred_device,acquisition_channel,tenure_days,current_plan_id,plan_name,tier,current_plan_price,lifetime_paid_months,last_active_date,engagement_band,avg_active_days,avg_minutes_week,sub_status,sub_end,is_churned
U000001,2025-05-27,1,value,mobile,paid_social,234,PLN_BASIC,Basic,low,299.0,1,2026-01-30,high,10.75,0.0,cancelled,2025-10-24,1
U000002,2025-11-15,1,regular,web,search,62,PLN_BASIC,Basic,low,299.0,1,2026-01-30,high,10.5,141.72,active,2026-01-30,0
U000003,2025-10-16,1,regular,web,referral,92,PLN_STD,Standard,mid,499.0,1,2026-01-30,high,10.75,100.2025,cancelled,2026-01-14,1
U000004,2025-08-23,2,regular,web,referral,146,PLN_PREM,Premium,high,799.0,1,2026-01-30,high,10.75,291.9175,active,2026-01-30,0
U000005,2025-08-21,1,regular,mobile,organic,148,PLN_BASIC,Basic,low,299.0,1,2026-01-30,high,10.75,194.6575,active,2026-01-30,0
U000006,2025-12-06,3,value,mobile,organic,41,PLN_BASIC,Basic,low,299.0,1,2026-01-30,high,10.5,86.0725,active,2026-01-30,0
U000007,2025-05-26,3,value,mobile,organic,235,PLN_BASIC,Basic,low,299.0,1,2026-01-30,high,10.75,96.08,active,2026-01-30,0
U000008,2025-10-27,3,value,web,organic,81,PLN_BASIC,Basic,low,299.0,1,2026-01-30,high,10.75,93.835,active,2026-01-30,0
U000009,2025-06-24,2,premium,web,search,206,PLN_PREM,Premium,high,799.0,1,2026-01-30,high,10.75,368.205,active,2026-01-30,0
U000010,2025-05-28,3,value,web,organic,233,PLN_STD,Standard,mid,499.0,1,2026-01-30,high,10.5,62.3775,active,2026-01-30,0
U000011,2025-09-14,1,premium,mobile,paid_social,124,PLN_PREM,Premium,high,799.0,1,2026-01-30,high,10.75,311.785,active,2026-01-30,0
U000012,2026-01-04,2,value,web,organic,12,PLN_BASIC,Basic,low,299.0,1,2026-01-30,high,6.75,42.3575,cancelled,2026-01-30,1
U000013,2025-11-05,2,value,web,organic,72,PLN_BASIC,Basic,low,299.0,1,2026-01-30,high,10.5,90.0975,active,2026-01-30,0
U000014,2025-11-12,3,value,mobile,paid_social,65,PLN_BASIC,Basic,low,299.0,1,2026-01-30,high,10.5,55.6475,cancelled,2026-01-15,1
U000015,2025-11-01,2,value,web,search,76,PLN_BASIC,Basic,low,299.0,1,2026-01-30,high,10.5,16.81,cancelled,2026-01-01,1
U000016,2025-11-18,3,regular,mobile,search,59,PLN_STD,Standard,mid,499.0,1,2026-01-30,high,10.75,191.95250000000001,active,2026-01-30,0
U000017,2025-09-10,1,regular,web,referral,128,PLN_BASIC,Basic,low,299.0,1,2026-01-30,high,10.75,145.9775,active,2026-01-30,0
U000018,2025-06-06,3,value,unknown,email,224,PLN_BASIC,Basic,low,299.0,1,2026-01-30,high,10.75,96.215,active,2026-01-30,0
U000019,2025-12-01,2,regular,web,search,46,PLN_PREM,Premium,high,799.0,1,2026-01-30,high,10.5,224.42,active,2026-01-30,0
U000020,2025-08-26,2,regular,web,organic,143,PLN_STD,Standard,mid,499.0,1,2026-01-30,high,10.75,124.2925,active,2026-01-30,0
U000021,2025-09-07,3,premium,web,organic,131,PLN_STD,Standard,mid,499.0,1,2026-01-30,high,10.75,253.3925,active,2026-01-30,0
U000022,2025-08-06,2,premium,web,email,163,PLN_PREM,Premium,high,799.0,1,2026-01-30,high,10.5,327.5575,active,2026-01-30,0
U000023,2025-06-19,2,regular,mobile,paid_social,211,PLN_BASIC,Basic,low,299.0,1,2026-01-30,high,10.5,0.0,cancelled,2025-11-19,1
U000024,2025-12-23,2,regular,web,paid_social,24,PLN_STD,Standard,mid,499.0,1,2026-01-30,high,9.5,168.465,active,2026-01-30,0
U000025,2025-11-17,1,regular,web,paid_social,60,PLN_STD,Standard,mid,499.0,1,2026-01-30,high,10.25,175.36,active,2026-01-30,0
U000026,2025-10-13,2,regular,mobile,organic,95,PLN_PREM,Premium,high,799.0,1,2026-01-30,high,10.5,0.0,cancelled,2025-12-12,1
U000027,2025-08-14,1,regular,web,search,155,PLN_BASIC,Basic,low,299.0,1,2026-01-30,high,10.75,0.0,cancelled,2025-11-12,1
U000028,2025-11-27,1,value,mobile,referral,50,PLN_BASIC,Basic,low,299.0,1,2026-01-30,high,10.75,15.122499999999999,expired,2026-01-03,1
U000029,2025-09-18,3,regular,mobile,referral,120,PLN_STD,Standard,mid,499.0,1,2026-01-30,high,10.5,183.545,active,2026-01-30,0
U000030,2025-08-24,2,premium,web,organic,145,PLN_PREM,Premium,high,799.0,1,2026-01-30,high,10.75,249.875,active,2026-01-30,0
U000031,2025-08-26,2,value,mobile,paid_social,143,PLN_BASIC,Basic,low,299.0,1,2026-01-30,high,10.75,107.5025,active,2026-01-30,0
U000032,2025-07-01,2,regular,web,organic,199,PLN_STD,Standard,mid,499.0,1,2026-01-30,high,10.75,0.0,cancelled,2025-12-04,1
U000033,2025-05-28,2,premium,web,email,233,PLN_PREM,Premium,high,799.0,1,2026-01-30,high,10.5,0.0,expired,2025-07-03,1
U000034,2025-09-21,2,value,web,organic,117,PLN_BASIC,Basic,low,299.0,1,2026-01-30,high,10.5,3.13,cancelled,2025-12-21,1
U000035,2025-12-13,3,regular,mobile,paid_social,34,PLN_STD,Standard,mid,499.0,1,2026-01-30,high,10.75,165.235,active,2026-01-30,0
U000036,2025-05-21,3,premium,mobile,organic,240,PLN_STD,Standard,mid,499.0,1,2026-01-30,high,10.5,0.0,expired,2025-08-25,1
U000037,2025-12-06,2,premium,web,paid_social,41,PLN_STD,Standard,mid,499.0,1,2026-01-30,high,10.5,309.1325,active,2026-01-30,0
U000038,2025-11-28,2,value,mobile,paid_social,49,PLN_BASIC,Basic,low,299.0,1,2026-01-30,high,10.5,39.105,active,2026-01-30,0
U000039,2025-07-13,2,value,web,organic,187,PLN_BASIC,Basic,low,299.0,1,2026-01-30,high,10.75,101.775,active,2026-01-30,0
U000040,2025-10-10,2,regular,mobile,referral,98,PLN_STD,Standard,mid,499.0,1,2026-01-30,high,10.75,187.845,active,2026-01-30,0
U000041,2025-06-15,2,value,mobile,referral,215,PLN_BASIC,Basic,low,299.0,1,2026-01-30,high,10.75,141.85474158801736,active,2026-01-30,0
U000042,2025-11-11,2,value,mobile,referral,66,PLN_BASIC,Basic,low,299.0,1,2026-01-30,high,10.5,0.0,cancelled,2025-12-18,1
U000043,2025-10-27,2,value,mobile,organic,81,PLN_BASIC,Basic,low,299.0,1,2026-01-30,high,10.75,126.1675,active,2026-01-30,0
U000044,2025-08-01,2,value,mobile,paid_social,168,PLN_BASIC,Basic,low,299.0,1,2026-01-30,high,10.5,0.0,cancelled,2025-09-05,1
U000045,2025-05-22,2,regular,web,search,239,PLN_STD,Standard,mid,499.0,1,2026-01-30,high,10.75,195.995,active,2026-01-30,0
U000046,2026-01-03,2,regular,mobile,paid_social,13,PLN_STD,Standard,mid,499.0,1,2026-01-30,high,7.0,137.425,active,2026-01-30,0
U000047,2025-08-24,1,regular,mobile,search,145,PLN_STD,Standard,mid,499.0,1,2026-01-30,high,10.75,332.716312874164,active,2026-01-30,0
U000048,2025-12-15,1,regular,mobile,paid_social,32,PLN_STD,Standard,mid,499.0,1,2026-01-30,high,10.75,108.815,cancelled,2026-01-20,1
U000049,2025-10-22,2,regular,web,organic,86,PLN_BASIC,Basic,low,299.0,1,2026-01-30,high,10.75,156.96,active,2026-01-30,0
U000050,2025-11-16,2,value,mobile,search,61,PLN_STD,Standard,mid,499.0,1,2026-01-30,high,10.5,3.135,expired,2025-12-23,1
U000051,2025-11-11,1,value,web,organic,66,PLN_BASIC,Basic,low,299.0,1,2026-01-30,high,10.5,93.1925,active,2026-01-30,0
U000052,2025-06-22,2,value,web,organic,208,PLN_STD,Standard,mid,499.0,1,2026-01-30,high,10.75,63.24,active,2026-01-30,0
U000053,2025-08-04,3,value,web,organic,165,PLN_BASIC,Basic,low,299.0,1,2026-01-30,high,10.75,0.0,expired,2025-10-06,1
U000054,2025-08-30,2,value,web,organic,139,PLN_STD,Standard,mid,499.0,1,2026-01-30,high,10.5,0.0,cancelled,2025-10-31,1
U000055,2025-09-06,3,value,mobile,referral,132,PLN_BASIC,Basic,low,299.0,1,2026-01-30,high,10.25,0.0,cancelled,2025-11-05,1
U000056,2025-05-15,3,value,web,search,246,PLN_BASIC,Basic,low,299.0,1,2026-01-30,high,10.75,81.205,active,2026-01-30,0
U000057,2025-09-19,2,regular,mobile,organic,119,PLN_PREM,Premium,high,799.0,1,2026-01-30,high,10.5,181.2975,active,2026-01-30,0
U000058,2025-06-12,2,regular,mobile,referral,218,PLN_BASIC,Basic,low,299.0,1,2026-01-30,high,10.75,0.0,cancelled,2025-12-13,1
U000059,2025-11-07,1,premium,web,email,70,PLN_PREM,Premium,high,799.0,1,2026-01-30,high,10.75,0.0,cancelled,2025-12-07,1
U000060,2025-10-23,3,regular,mobile,referral,85,PLN_STD,Standard,mid,499.0,1,2026-01-30,high,10.5,227.07,active,2026-01-30,0
U000061,2025-12-22,2,regular,web,referral,25,PLN_STD,Standard,mid,499.0,1,2026-01-30,high,10.0,138.1975,active,2026-01-30,0
U000062,2025-11-07,3,value,mobile,email,70,PLN_BASIC,Basic,low,299.0,1,2026-01-30,high,10.5,65.4725,active,2026-01-30,0
U000063,2025-08-05,2,regular,mobile,paid_social,164,PLN_STD,Standard,mid,499.0,1,2026-01-30,high,10.75,194.285,active,2026-01-30,0
U000064,2026-01-02,1,value,web,email,14,PLN_BASIC,Basic,low,299.0,1,2026-01-30,high,7.25,35.167500000000004,cancelled,2026-01-30,1
U000065,2025-08-16,1,regular,mobile,email,153,PLN_BASIC,Basic,low,299.0,1,2026-01-30,high,10.5,204.14249999999998,active,2026-01-30,0
U000066,2025-07-25,2,regular,web,organic,175,PLN_STD,Standard,mid,499.0,1,2026-01-30,high,10.5,181.45,active,2026-01-30,0
U000067,2025-12-18,2,regular,web,referral,29,PLN_STD,Standard,mid,499.0,1,2026-01-30,high,10.75,192.74,active,2026-01-30,0
U000068,2025-08-05,1,value,mobile,referral,164,PLN_BASIC,Basic,low,299.0,1,2026-01-30,high,10.75,100.7975,active,2026-01-30,0
U000069,2025-05-24,2,regular,web,paid_social,237,PLN_PREM,Premium,high,799.0,1,2026-01-30,high,10.5,7.6274999999999995,expired,2025-12-27,1
U000070,2025-08-30,3,regular,mobile,referral,139,PLN_BASIC,Basic,low,299.0,1,2026-01-30,high,10.75,0.0,cancelled,2025-10-04,1
U000071,2025-11-20,2,regular,web,search,57,PLN_STD,Standard,mid,499.0,1,2026-01-30,high,10.5,7.4875,cancelled,2025-12-25,1
U000072,2025-06-21,2,regular,web,search,209,PLN_STD,Standard,mid,499.0,1,2026-01-30,high,10.75,169.1925,active,2026-01-30,0
U000073,2025-08-29,1,regular,mobile,paid_social,140,PLN_STD,Standard,mid,499.0,1,2026-01-30,high,10.25,169.84,active,2026-01-30,0
U000074,2025-06-06,3,value,web,paid_social,224,PLN_STD,Standard,mid,499.0,1,2026-01-30,high,10.75,98.3425,active,2026-01-30,0
U000075,2025-10-24,2,regular,mobile,referral,84,PLN_BASIC,Basic,low,299.0,1,2026-01-30,high,10.75,194.3525,active,2026-01-30,0
U000076,2025-09-01,3,regular,web,referral,137,PLN_BASIC,Basic,low,299.0,1,2026-01-30,high,10.75,155.85,active,2026-01-30,0
U000077,2025-07-26,2,value,mobile,paid_social,174,PLN_BASIC,Basic,low,299.0,1,2026-01-29,high,10.5,23.895,cancelled,2026-01-24,1
U000078,2025-06-30,2,value,mobile,email,200,PLN_STD,Standard,mid,499.0,1,2026-01-30,high,10.5,0.0,cancelled,2025-11-01,1
U000079,2025-09-23,2,premium,web,organic,115,PLN_STD,Standard,mid,499.0,1,2026-01-30,high,10.75,277.8825,active,2026-01-30,0
U000080,2025-10-20,1,regular,web,email,88,PLN_BASIC,Basic,low,299.0,1,2026-01-30,high,10.75,198.16,active,2026-01-30,0
U000081,2025-12-27,3,regular,web,organic,20,PLN_BASIC,Basic,low,299.0,1,2026-01-30,high,8.75,183.7625,active,2026-01-30,0
U000082,2025-08-22,2,regular,mobile,search,147,PLN_STD,Standard,mid,499.0,1,2026-01-30,high,10.25,206.9475,active,2026-01-30,0
U000083,2025-06-14,2,regular,web,organic,216,PLN_BASIC,Basic,low,299.0,1,2026-01-30,high,10.5,0.0,cancelled,2025-12-15,1
U000084,2025-11-30,3,regular,web,search,47,PLN_BASIC,Basic,low,299.0,1,2026-01-30,high,10.75,65.535,expired,2026-01-03,1
U000085,2025-10-10,3,value,mobile,search,98,PLN_STD,Standard,mid,499.0,1,2026-01-30,high,10.75,57.4,active,2026-01-30,0
U000086,2025-10-27,3,regular,web,organic,81,PLN_BASIC,Basic,low,299.0,1,2026-01-30,high,10.75,182.615,active,2026-01-30,0
U000087,2025-05-29,1,regular,web,paid_social,232,PLN_STD,Standard,mid,499.0,1,2026-01-30,high,10.75,243.6175,active,2026-01-30,0
U000088,2025-07-22,2,value,web,paid_social,178,PLN_BASIC,Basic,low,299.0,1,2026-01-30,high,10.75,0.0,cancelled,2025-10-25,1
U000089,2025-11-13,3,regular,web,organic,64,PLN_PREM,Premium,high,799.0,1,2026-01-30,high,10.75,207.625,active,2026-01-30,0
U000090,2025-11-29,2,value,mobile,paid_social,48,PLN_BASIC,Basic,low,299.0,1,2026-01-30,high,10.75,50.387499999999996,active,2026-01-30,0
U000091,2025-08-22,1,regular,mobile,organic,147,PLN_BASIC,Basic,low,299.0,1,2026-01-30,high,10.5,158.865,active,2026-01-30,0
U000092,2025-11-22,3,regular,mobile,organic,55,PLN_STD,Standard,mid,499.0,1,2026-01-30,high,10.5,166.7425,active,2026-01-30,0
U000093,2025-12-02,2,regular,mobile,organic,45,PLN_STD,Standard,mid,499.0,1,2026-01-30,high,10.25,276.5525,active,2026-01-30,0
U000094,2025-08-10,2,regular,web,paid_social,159,PLN_BASIC,Basic,low,299.0,1,2026-01-30,high,10.75,163.5425,active,2026-01-30,0
U000095,2025-12-16,3,premium,web,paid_social,31,PLN_PREM,Premium,high,799.0,1,2026-01-30,high,10.75,320.1175,active,2026-01-30,0
U000096,2025-07-16,2,regular,mobile,paid_social,184,PLN_STD,Standard,mid,499.0,1,2026-01-30,high,10.5,247.9325,active,2026-01-30,0
U000097,2025-07-04,2,regular,mobile,referral,196,PLN_PREM,Premium,high,799.0,1,2026-01-30,high,10.75,117.1725,active,2026-01-30,0
U000098,2025-10-23,2,regular,mobile,paid_social,85,PLN_PREM,Premium,high,799.0,1,2026-01-30,high,10.75,169.385,cancelled,2026-01-25,1
U000099,2025-10-11,2,value,web,referral,97,PLN_BASIC,Basic,low,299.0,1,2026-01-30,high,10.75,88.6875,active,2026-01-30,0
U000100,2025-06-09,1,value,mobile,email,221,PLN_BASIC,Basic,low,299.0,1,2026-01-30,high,10.75,98.225,active,2026-01-30,0
U000101,2025-11-30,3,regular,mobile,search,47,PLN_STD,Standard,mid,499.0,1,2026-01-30,high,10.75,192.25171929737664,active,2026-01-30,0
U000102,2025-06-24,3,value,mobile,organic,206,PLN_STD,Standard,mid,499.0,1,2026-01-30,high,10.75,0.0,cancelled,2025-12-25,1
U000103,2025-11-23,2,value,mobile,organic,54,PLN_BASIC,Basic,low,299.0,1,2026-01-30,high,10.5,12.335,cancelled,2025-12-24,1
U000104,2025-05-06,2,regular,web,paid_social,255,PLN_STD,Standard,mid,499.0,1,2026-01-30,high,10.75,182.1375,active,2026-01-30,0
U000105,2025-11-21,3,regular,web,search,56,PLN_STD,Standard,mid,499.0,1,2026-01-30,high,10.75,139.935,active,2026-01-30,0
U000106,2025-11-18,1,value,web,organic,59,PLN_BASIC,Basic,low,299.0,1,2026-01-30,high,10.75,43.775,cancelled,2026-01-18,1
U000107,2025-11-16,2,regular,web,referral,61,PLN_BASIC,Basic,low,299.0,1,2026-01-30,high,10.25,1.3425,cancelled,2025-12-23,1
U000108,2025-10-18,2,regular,mobile,email,90,PLN_BASIC,Basic,low,299.0,1,2026-01-30,high,10.75,0.0,cancelled,2025-11-19,1
U000109,2025-08-31,2,regular,web,organic,138,PLN_STD,Standard,mid,499.0,1,2026-01-30,high,10.75,156.685,active,2026-01-30,0
U000110,2025-10-28,1,value,web,organic,80,PLN_BASIC,Basic,low,299.0,1,2026-01-30,high,10.75,0.0,cancelled,2025-12-04,1
U000111,2025-07-13,2,regular,web,organic,187,PLN_STD,Standard,mid,499.0,1,2026-01-30,high,10.5,142.315,active,2026-01-30,0
U000112,2025-11-16,2,value,mobile,search,61,PLN_BASIC,Basic,low,299.0,1,2026-01-30,high,10.75,95.24,active,2026-01-30,0
U000113,2025-09-21,2,regular,web,referral,117,PLN_BASIC,Basic,low,299.0,1,2026-01-30,high,10.75,114.0125,cancelled,2026-01-24,1
U000114,2025-08-28,1,value,web,paid_social,141,PLN_BASIC,Basic,low,299.0,1,2026-01-30,high,10.5,80.09,active,2026-01-30,0
U000115,2025-09-08,2,premium,mobile,organic,130,PLN_STD,Standard,mid,499.0,1,2026-01-30,high,10.5,0.0,cancelled,2025-10-13,1
U000116,2025-09-24,2,value,web,search,114,PLN_STD,Standard,mid,499.0,1,2026-01-30,high,10.75,123.0625,active,2026-01-30,0
U000117,2025-05-14,1,regular,web,organic,247,PLN_PREM,Premium,high,799.0,1,2026-01-30,high,10.75,183.5575,active,2026-01-30,0
U000118,2025-06-09,1,value,web,search,221,PLN_BASIC,Basic,low,299.0,1,2026-01-30,high,10.5,75.2675,active,2026-01-30,0
U000119,2025-07-05,1,regular,mobile,search,195,PLN_STD,Standard,mid,499.0,1,2026-01-30,high,10.75,0.0,cancelled,2025-10-06,1
U000120,2025-06-02,2,regular,mobile,paid_social,228,PLN_BASIC,Basic,low,299.0,1,2026-01-30,high,10.75,244.6575,active,2026-01-30,0
U000121,2025-08-23,1,value,mobile,search,146,PLN_BASIC,Basic,low,299.0,1,2026-01-30,high,10.75,84.495,active,2026-01-30,0
U000122,2025-10-19,3,value,web,referral,89,PLN_BASIC,Basic,low,299.0,1,2026-01-30,high,10.5,69.4125,active,2026-01-30,0
U000123,2025-10-16,2,value,mobile,organic,92,PLN_BASIC,Basic,low,299.0,1,2026-01-30,high,10.75,101.005,active,2026-01-30,0
U000124,2025-08-31,3,value,mobile,paid_social,138,PLN_BASIC,Basic,low,299.0,1,2026-01-30,high,10.75,63.0875,active,2026-01-30,0
U000125,2025-12-05,3,premium,web,organic,42,PLN_PREM,Premium,high,799.0,1,2026-01-30,high,10.5,408.1475,active,2026-01-30,0
U000126,2025-09-23,1,regular,unknown,organic,115,PLN_STD,Standard,mid,499.0,1,2026-01-30,high,10.75,188.48,active,2026-01-30,0
U000127,2025-05-24,2,value,web,referral,237,PLN_BASIC,Basic,low,299.0,1,2026-01-30,high,10.75,161.26047443237397,active,2026-01-30,0
U000128,2025-11-13,3,premium,mobile,paid_social,64,PLN_PREM,Premium,high,799.0,1,2026-01-30,high,10.5,284.1275,active,2026-01-30,0
U000129,2025-09-26,2,value,web,organic,112,PLN_BASIC,Basic,low,299.0,1,2026-01-30,high,10.5,19.9575,active,2026-01-30,0
U000130,2025-10-11,2,regular,web,search,97,PLN_STD,Standard,mid,499.0,1,2026-01-30,high,10.5,0.0,cancelled,2025-11-13,1
U000131,2025-09-23,2,regular,mobile,paid_social,115,PLN_STD,Standard,mid,499.0,1,2026-01-30,high,10.75,206.2825,active,2026-01-30,0
U000132,2025-09-20,1,premium,mobile,email,118,PLN_PREM,Premium,high,799.0,1,2026-01-30,high,10.75,288.3225,active,2026-01-30,0
U000133,2025-05-27,2,regular,mobile,paid_social,234,PLN_PREM,Premium,high,799.0,1,2026-01-30,high,10.75,182.4725,active,2026-01-30,0
U000134,2025-09-22,3,regular,mobile,organic,116,PLN_STD,Standard,mid,499.0,1,2026-01-30,high,10.75,0.0,cancelled,2025-10-29,1
U000135,2025-11-20,3,premium,web,search,57,PLN_STD,Standard,mid,499.0,1,2026-01-30,high,10.25,347.345,active,2026-01-30,0
U000136,2025-07-20,1,value,mobile,organic,180,PLN_BASIC,Basic,low,299.0,1,2026-01-30,high,10.75,0.0,expired,2025-09-22,1
U000137,2025-10-03,2,premium,unknown,organic,105,PLN_PREM,Premium,high,799.0,1,2026-01-30,high,10.75,299.9025,active,2026-01-30,0
U000138,2025-05-12,2,regular,web,paid_social,249,PLN_STD,Standard,mid,499.0,1,2026-01-30,high,10.75,196.3525,active,2026-01-30,0
U000139,2025-07-31,3,premium,mobile,paid_social,169,PLN_PREM,Premium,high,799.0,1,2026-01-30,high,10.25,374.845,active,2026-01-30,0
U000140,2025-08-22,1,value,web,organic,147,PLN_BASIC,Basic,low,299.0,1,2026-01-30,high,10.75,100.4425,active,2026-01-30,0
U000141,2026-01-06,3,value,web,referral,10,PLN_BASIC,Basic,low,299.0,1,2026-01-30,high,6.25,49.817499999999995,active,2026-01-30,0
U000142,2025-06-27,3,regular,mobile,paid_social,203,PLN_STD,Standard,mid,499.0,1,2026-01-30,high,10.5,161.6875,active,2026-01-30,0
U000143,2025-07-13,1,regular,web,paid_social,187,PLN_BASIC,Basic,low,299.0,1,2026-01-30,high,10.75,335.1541469863789,active,2026-01-30,0
U000144,2025-08-15,1,regular,web,organic,154,PLN_STD,Standard,mid,499.0,1,2026-01-30,high,10.25,180.9575,active,2026-01-30,0
U000145,2026-01-09,3,premium,mobile,search,7,PLN_STD,Standard,mid,499.0,1,2026-01-30,high,5.25,131.34,active,2026-01-30,0
U000146,2025-12-05,1,regular,mobile,organic,42,PLN_PREM,Premium,high,799.0,1,2026-01-30,high,10.75,59.1725,cancelled,2026-01-09,1
U000147,2025-05-13,2,value,mobile,organic,248,PLN_BASIC,Basic,low,299.0,1,2026-01-30,high,10.25,0.0,cancelled,2025-12-13,1
U000148,2025-07-02,3,regular,web,organic,198,PLN_STD,Standard,mid,499.0,1,2026-01-30,high,10.5,0.0,expired,2025-12-02,1
U000149,2025-11-27,2,value,mobile,organic,50,PLN_BASIC,Basic,low,299.0,1,2026-01-30,high,10.75,72.8925,expired,2026-01-28,1
U000150,2025-05-19,2,value,mobile,organic,242,PLN_STD,Standard,mid,499.0,1,2026-01-30,high,10.75,88.295,active,2026-01-30,0
U000151,2025-12-05,2,value,web,organic,42,PLN_BASIC,Basic,low,299.0,1,2026-01-30,high,10.75,89.28,active,2026-01-30,0
U000152,2025-07-14,1,regular,web,email,186,PLN_STD,Standard,mid,499.0,1,2026-01-30,high,10.75,203.83,active,2026-01-30,0
U000153,2025-12-21,3,regular,web,referral,26,PLN_BASIC,Basic,low,299.0,1,2026-01-30,high,10.25,244.9,active,2026-01-30,0
U000154,2025-07-17,2,regular,web,search,183,PLN_PREM,Premium,high,799.0,1,2026-01-30,high,10.75,0.0,cancelled,2025-09-22,1
U000155,2025-08-22,1,value,web,email,147,PLN_STD,Standard,mid,499.0,1,2026-01-30,high,10.5,12.775,cancelled,2025-12-26,1
U000156,2025-10-18,2,regular,mobile,organic,90,PLN_STD,Standard,mid,499.0,1,2026-01-30,high,10.5,157.0475,active,2026-01-30,0
U000157,2025-06-05,3,regular,mobile,search,225,PLN_BASIC,Basic,low,299.0,1,2026-01-30,high,10.5,183.1925,active,2026-01-30,0
U000158,2025-09-21,1,premium,web,referral,117,PLN_PREM,Premium,high,799.0,1,2026-01-30,high,10.75,304.5725,active,2026-01-30,0
U000159,2025-09-08,3,regular,mobile,search,130,PLN_BASIC,Basic,low,299.0,1,2026-01-30,high,10.75,0.0,cancelled,2025-10-11,1
U000160,2025-11-17,2,regular,web,organic,60,PLN_STD,Standard,mid,499.0,1,2026-01-30,high,10.75,130.755,cancelled,2026-01-16,1
U000161,2026-01-10,3,regular,web,search,6,PLN_STD,Standard,mid,499.0,1,2026-01-30,high,5.25,57.9775,active,2026-01-30,0
U000162,2025-10-18,3,regular,mobile,search,90,PLN_STD,Standard,mid,499.0,1,2026-01-30,high,10.75,0.0,cancelled,2025-11-20,1
U000163,2025-08-15,3,premium,web,paid_social,154,PLN_PREM,Premium,high,799.0,1,2026-01-30,high,10.75,231.51749999999998,active,2026-01-30,0
U000164,2025-08-15,3,regular,mobile,search,154,PLN_BASIC,Basic,low,299.0,1,2026-01-30,high,10.5,211.46,active,2026-01-30,0
U000165,2025-08-17,1,regular,web,search,152,PLN_STD,Standard,mid,499.0,1,2026-01-30,high,10.75,200.4025,active,2026-01-30,0
U000166,2025-11-25,3,value,web,organic,52,PLN_BASIC,Basic,low,299.0,1,2026-01-30,high,10.75,12.43,expired,2026-01-24,1
U000167,2025-07-24,2,regular,web,search,176,PLN_BASIC,Basic,low,299.0,1,2026-01-30,high,10.25,221.57500000000002,active,2026-01-30,0
U000168,2025-06-15,2,regular,web,organic,215,PLN_STD,Standard,mid,499.0,1,2026-01-30,high,10.75,0.0,expired,2025-07-20,1
U000169,2025-07-27,3,regular,mobile,referral,173,PLN_STD,Standard,mid,499.0,1,2026-01-30,high,10.5,152.4675,active,2026-01-30,0
U000170,2025-05-10,3,regular,mobile,paid_social,251,PLN_BASIC,Basic,low,299.0,1,2026-01-30,high,10.75,210.45,active,2026-01-30,0
U000171,2025-05-31,2,value,web,search,230,PLN_BASIC,Basic,low,299.0,1,2026-01-30,high,10.75,64.64750000000001,active,2026-01-30,0
U000172,2025-05-27,2,premium,web,paid_social,234,PLN_PREM,Premium,high,799.0,1,2026-01-30,high,10.75,321.26,active,2026-01-30,0
U000173,2025-11-14,2,value,mobile,organic,63,PLN_BASIC,Basic,low,299.0,1,2026-01-30,high,10.75,84.5325,active,2026-01-30,0
U000174,2025-11-02,2,premium,mobile,search,75,PLN_STD,Standard,mid,499.0,1,2026-01-30,high,10.5,264.49,active,2026-01-30,0
U000175,2025-10-26,2,value,web,search,82,PLN_BASIC,Basic,low,299.0,1,2026-01-30,high,10.5,58.71,active,2026-01-30,0
U000176,2025-08-28,2,regular,web,search,141,PLN_PREM,Premium,high,799.0,1,2026-01-30,high,10.75,164.4925,active,2026-01-30,0
U000177,2025-10-31,1,regular,web,paid_social,77,PLN_STD,Standard,mid,499.0,1,2026-01-30,high,10.5,175.76749999999998,active,2026-01-30,0
U000178,2025-06-14,1,regular,web,email,216,PLN_BASIC,Basic,low,299.0,1,2026-01-30,high,10.5,220.67249999999999,active,2026-01-30,0
U000179,2025-12-17,3,value,web,search,30,PLN_BASIC,Basic,low,299.0,1,2026-01-30,high,10.5,84.455,active,2026-01-30,0
U000180,2025-09-07,2,premium,web,search,131,PLN_PREM,Premium,high,799.0,1,2026-01-30,high,10.75,348.69,active,2026-01-30,0
U000181,2025-12-26,3,regular,web,paid_social,21,PLN_STD,Standard,mid,499.0,1,2026-01-30,high,9.0,168.79,cancelled,2026-01-30,1
U000182,2025-06-12,2,regular,web,organic,218,PLN_BASIC,Basic,low,299.0,1,2026-01-30,high,10.75,47.515,cancelled,2026-01-08,1
U000183,2025-09-06,1,regular,web,organic,132,PLN_BASIC,Basic,low,299.0,1,2026-01-30,high,10.25,150.815,active,2026-01-30,0
U000184,2025-10-26,1,value,mobile,email,82,PLN_STD,Standard,mid,499.0,1,2026-01-30,high,10.5,60.655,active,2026-01-30,0
U000185,2025-09-06,1,regular,mobile,referral,132,PLN_BASIC,Basic,low,299.0,1,2026-01-30,high,10.75,230.73,active,2026-01-30,0
U000186,2025-08-24,3,value,web,email,145,PLN_BASIC,Basic,low,299.0,1,2026-01-29,high,10.25,45.85,active,2026-01-30,0
U000187,2025-06-15,1,value,web,organic,215,PLN_BASIC,Basic,low,299.0,1,2026-01-30,high,10.75,91.33,active,2026-01-30,0
U000188,2025-08-08,2,regular,web,organic,161,PLN_STD,Standard,mid,499.0,1,2026-01-30,high,10.75,0.0,cancelled,2025-10-10,1
U000189,2025-07-03,3,regular,mobile,search,197,PLN_BASIC,Basic,low,299.0,1,2026-01-30,high,10.75,139.685,active,2026-01-30,0
U000190,2025-07-19,3,value,mobile,email,181,PLN_BASIC,Basic,low,299.0,1,2026-01-30,high,10.75,0.0,cancelled,2025-12-18,1
U000191,2025-10-23,1,value,web,organic,85,PLN_BASIC,Basic,low,299.0,1,2026-01-30,high,10.75,103.0425,active,2026-01-30,0
U000192,2025-10-10,1,value,mobile,organic,98,PLN_STD,Standard,mid,499.0,1,2026-01-30,high,10.75,125.78,active,2026-01-30,0
U000193,2025-10-04,1,value,mobile,organic,104,PLN_STD,Standard,mid,499.0,1,2026-01-30,high,10.75,97.16,active,2026-01-30,0
U000194,2025-08-03,1,regular,mobile,paid_social,166,PLN_STD,Standard,mid,499.0,1,2026-01-30,high,10.75,221.44,active,2026-01-30,0
U000195,2025-12-31,1,value,web,referral,16,PLN_BASIC,Basic,low,299.0,1,2026-01-30,high,7.75,61.0,cancelled,2026-01-30,1
U000196,2025-05-27,2,premium,web,paid_social,234,PLN_PREM,Premium,high,799.0,1,2026-01-30,high,10.75,336.1375,active,2026-01-30,0
U000197,2025-07-29,3,value,mobile,organic,171,PLN_BASIC,Basic,low,299.0,1,2026-01-30,high,10.75,45.2575,active,2026-01-30,0
U000198,2025-06-03,2,value,web,paid_social,227,PLN_BASIC,Basic,low,299.0,1,2026-01-30,high,10.5,103.7125,active,2026-01-30,0
U000199,2025-07-29,2,premium,mobile,search,171,PLN_PREM,Premium,high,799.0,1,2026-01-30,high,10.75,364.05,active,2026-01-30,0
U000200,2026-01-01,1,value,mobile,organic,15,PLN_BASIC,Basic,low,299.0,1,2026-01-30,high,7.5,56.599999999999994,cancelled,2026-01-30,1
U000201,2025-08-04,3,regular,web,organic,165,PLN_PREM,Premium,high,799.0,1,2026-01-30,high,10.5,176.7625,active,2026-01-30,0
U000202,2025-12-19,2,premium,web,search,28,PLN_STD,Standard,mid,499.0,1,2026-01-30,high,10.5,306.3975,active,2026-01-30,0
U000203,2025-09-06,3,premium,web,organic,132,PLN_STD,Standard,mid,499.0,1,2026-01-30,high,10.75,308.1375,active,2026-01-30,0
U000204,2025-10-27,3,regular,web,email,81,PLN_BASIC,Basic,low,299.0,1,2026-01-30,high,10.75,66.5975,cancelled,2025-12-30,1
U000205,2025-08-27,2,value,mobile,search,142,PLN_BASIC,Basic,low,299.0,1,2026-01-30,high,10.75,87.1725,cancelled,2026-01-30,1
U000206,2025-07-10,1,regular,mobile,search,190,PLN_BASIC,Basic,low,299.0,1,2026-01-30,high,10.75,172.57,active,2026-01-30,0
U000207,2025-11-12,1,premium,web,paid_social,65,PLN_PREM,Premium,high,799.0,1,2026-01-30,high,10.75,369.9275,active,2026-01-30,0
U000208,2026-01-03,2,premium,mobile,paid_social,13,PLN_PREM,Premium,high,799.0,1,2026-01-30,high,7.0,249.4975,active,2026-01-30,0
U000209,2025-07-10,3,value,web,organic,190,PLN_STD,Standard,mid,499.0,1,2026-01-30,high,10.75,117.4325,active,2026-01-30,0
U000210,2025-11-16,2,regular,mobile,paid_social,61,PLN_BASIC,Basic,low,299.0,1,2026-01-30,high,10.5,250.385,active,2026-01-30,0
U000211,2025-07-09,3,value,web,organic,191,PLN_STD,Standard,mid,499.0,1,2026-01-30,high,10.75,102.48,active,2026-01-30,0
U000212,2025-10-31,2,value,mobile,search,77,PLN_STD,Standard,mid,499.0,1,2026-01-30,high,10.5,106.4325,active,2026-01-30,0
U000213,2025-11-19,1,regular,mobile,paid_social,58,PLN_STD,Standard,mid,499.0,1,2026-01-30,high,10.75,168.5125,active,2026-01-30,0
U000214,2025-08-25,2,value,web,search,144,PLN_STD,Standard,mid,499.0,1,2026-01-30,high,10.75,34.73,cancelled,2026-01-27,1
U000215,2025-11-05,2,value,mobile,search,72,PLN_BASIC,Basic,low,299.0,1,2026-01-30,high,10.5,77.96000000000001,active,2026-01-30,0
U000216,2025-07-12,2,value,mobile,organic,188,PLN_STD,Standard,mid,499.0,1,2026-01-30,high,10.75,89.02,active,2026-01-30,0
U000217,2025-05-24,2,regular,web,search,237,PLN_BASIC,Basic,low,299.0,1,2026-01-30,high,10.75,202.9425,active,2026-01-30,0
U000218,2025-05-29,1,value,mobile,organic,232,PLN_BASIC,Basic,low,299.0,1,2026-01-30,high,10.75,114.9625,active,2026-01-30,0
U000219,2025-08-25,2,regular,mobile,email,144,PLN_PREM,Premium,high,799.0,1,2026-01-30,high,10.75,223.51749999999998,active,2026-01-30,0
U000220,2025-12-17,1,value,mobile,search,30,PLN_BASIC,Basic,low,299.0,1,2026-01-30,high,10.5,87.9325,active,2026-01-30,0
U000221,2025-06-06,3,premium,web,referral,224,PLN_STD,Standard,mid,499.0,1,2026-01-30,high,10.5,0.0,cancelled,2025-08-08,1
U000222,2025-08-27,1,value,unknown,search,142,PLN_BASIC,Basic,low,299.0,1,2026-01-30,high,10.75,114.08,active,2026-01-30,0
U000223,2025-10-28,1,regular,mobile,referral,80,PLN_STD,Standard,mid,499.0,1,2026-01-30,high,10.75,133.075,active,2026-01-30,0
U000224,2025-06-24,2,value,mobile,organic,206,PLN_BASIC,Basic,low,299.0,1,2026-01-30,high,10.75,62.195,active,2026-01-30,0
U000225,2025-11-02,2,value,web,organic,75,PLN_STD,Standard,mid,499.0,1,2026-01-30,high,10.75,135.0,active,2026-01-30,0
U000226,2025-07-20,2,value,web,organic,180,PLN_BASIC,Basic,low,299.0,1,2026-01-30,high,10.25,67.9675,active,2026-01-30,0
U000227,2025-11-23,2,value,mobile,organic,54,PLN_BASIC,Basic,low,299.0,1,2026-01-30,high,10.75,0.0,expired,2025-12-23,1
U000228,2025-09-27,3,value,web,email,111,PLN_BASIC,Basic,low,299.0,1,2026-01-30,high,10.25,0.0,expired,2025-11-29,1
U000229,2025-09-19,2,regular,web,paid_social,119,PLN_BASIC,Basic,low,299.0,1,2026-01-30,high,10.5,226.83,active,2026-01-30,0
U000230,2025-06-18,2,regular,web,paid_social,212,PLN_STD,Standard,mid,499.0,1,2026-01-30,high,10.25,0.0,cancelled,2025-11-19,1
U000231,2025-08-29,2,value,mobile,search,140,PLN_BASIC,Basic,low,299.0,1,2026-01-30,high,10.75,0.0,cancelled,2025-10-05,1
U000232,2025-12-06,1,regular,web,search,41,PLN_PREM,Premium,high,799.0,1,2026-01-30,high,10.75,232.32,active,2026-01-30,0
U000233,2025-05-09,2,regular,mobile,paid_social,252,PLN_BASIC,Basic,low,299.0,1,2026-01-30,high,10.75,0.0,cancelled,2025-09-10,1
U000234,2025-11-11,1,value,mobile,referral,66,PLN_BASIC,Basic,low,299.0,1,2026-01-30,high,10.5,18.675,cancelled,2026-01-12,1
U000235,2025-09-05,2,value,mobile,paid_social,133,PLN_STD,Standard,mid,499.0,1,2026-01-30,high,10.75,93.4525,active,2026-01-30,0
U000236,2025-11-01,1,value,mobile,paid_social,76,PLN_BASIC,Basic,low,299.0,1,2026-01-30,high,10.75,0.0,cancelled,2025-12-03,1
U000237,2025-10-18,3,value,web,organic,90,PLN_BASIC,Basic,low,299.0,1,2026-01-29,high,10.5,87.705,active,2026-01-30,0
U000238,2025-08-21,2,regular,mobile,email,148,PLN_STD,Standard,mid,499.0,1,2026-01-30,high,10.75,254.9575,active,2026-01-30,0
U000239,2025-07-21,3,premium,web,organic,179,PLN_STD,Standard,mid,499.0,1,2026-01-30,high,10.75,245.655,cancelled,2026-01-19,1
U000240,2025-10-09,2,premium,mobile,search,99,PLN_PREM,Premium,high,799.0,1,2026-01-30,high,10.75,323.59499999999997,active,2026-01-30,0
U000241,2025-06-09,1,premium,web,referral,221,PLN_PREM,Premium,high,799.0,1,2026-01-30,high,10.75,76.6175,expired,2026-01-10,1
U000242,2025-09-28,3,regular,mobile,organic,110,PLN_BASIC,Basic,low,299.0,1,2026-01-30,high,10.75,0.0,expired,2025-12-01,1
U000243,2025-05-28,2,value,mobile,organic,233,PLN_STD,Standard,mid,499.0,1,2026-01-30,high,10.75,0.0,cancelled,2025-10-29,1
U000244,2025-10-15,3,value,web,search,93,PLN_BASIC,Basic,low,299.0,1,2026-01-30,high,10.75,0.0,cancelled,2025-12-17,1
U000245,2025-10-09,2,value,mobile,search,99,PLN_STD,Standard,mid,499.0,1,2026-01-30,high,10.75,88.0575,active,2026-01-30,0
U000246,2025-05-26,2,value,web,email,235,PLN_BASIC,Basic,low,299.0,1,2026-01-30,high,10.25,0.0,expired,2025-09-26,1
U000247,2025-11-11,3,value,web,referral,66,PLN_BASIC,Basic,low,299.0,1,2026-01-30,high,10.75,66.5925,cancelled,2026-01-15,1
U000248,2025-08-17,2,regular,web,search,152,PLN_STD,Standard,mid,499.0,1,2026-01-30,high,10.5,241.995,active,2026-01-30,0
U000249,2025-11-18,2,value,web,email,59,PLN_BASIC,Basic,low,299.0,1,2026-01-30,high,10.5,52.589999999999996,active,2026-01-30,0
U000250,2025-05-15,2,value,mobile,paid_social,246,PLN_STD,Standard,mid,499.0,1,2026-01-30,high,10.5,0.0,expired,2025-06-16,1
U000251,2025-06-19,2,regular,mobile,referral,211,PLN_STD,Standard,mid,499.0,1,2026-01-30,high,10.75,151.45,active,2026-01-30,0
U000252,2025-09-05,3,value,web,organic,133,PLN_BASIC,Basic,low,299.0,1,2026-01-30,high,10.75,110.5675,active,2026-01-30,0
U000253,2025-06-21,2,premium,mobile,search,209,PLN_STD,Standard,mid,499.0,1,2026-01-30,high,10.75,345.4275,active,2026-01-30,0
U000254,2025-07-26,2,value,mobile,organic,174,PLN_STD,Standard,mid,499.0,1,2026-01-30,high,10.5,94.30250000000001,active,2026-01-30,0
U000255,2025-10-17,3,regular,mobile,organic,91,PLN_STD,Standard,mid,499.0,1,2026-01-30,high,10.75,233.44343890643017,active,2026-01-30,0
U000256,2025-06-10,2,value,web,paid_social,220,PLN_BASIC,Basic,low,299.0,1,2026-01-30,high,10.5,0.0,expired,2025-07-17,1
U000257,2025-10-22,2,regular,mobile,organic,86,PLN_STD,Standard,mid,499.0,1,2026-01-30,high,10.75,203.8725,active,2026-01-30,0
U000258,2025-05-30,2,value,web,search,231,PLN_BASIC,Basic,low,299.0,1,2026-01-30,high,10.75,77.235,active,2026-01-30,0
U000259,2025-06-17,1,value,mobile,paid_social,213,PLN_BASIC,Basic,low,299.0,1,2026-01-30,high,10.25,92.39,active,2026-01-30,0
U000260,2025-09-29,2,regular,mobile,organic,109,PLN_STD,Standard,mid,499.0,1,2026-01-30,high,10.75,199.305,active,2026-01-30,0
U000261,2025-11-20,1,value,mobile,search,57,PLN_BASIC,Basic,low,299.0,1,2026-01-29,high,10.5,97.9075,active,2026-01-30,0
U000262,2025-06-16,1,value,web,paid_social,214,PLN_STD,Standard,mid,499.0,1,2026-01-30,high,10.5,92.155,active,2026-01-30,0
U000263,2025-07-19,2,premium,web,referral,181,PLN_STD,Standard,mid,499.0,1,2026-01-30,high,10.75,391.735,active,2026-01-30,0
U000264,2025-12-23,2,value,mobile,organic,24,PLN_STD,Standard,mid,499.0,1,2026-01-30,high,9.75,36.76,cancelled,2026-01-24,1
U000265,2026-01-08,3,regular,web,email,8,PLN_PREM,Premium,high,799.0,1,2026-01-30,high,5.5,116.5325,active,2026-01-30,0
U000266,2025-09-27,2,regular,web,referral,111,PLN_BASIC,Basic,low,299.0,1,2026-01-30,high,10.75,50.6475,cancelled,2026-01-01,1
U000267,2025-08-25,1,value,mobile,paid_social,144,PLN_BASIC,Basic,low,299.0,1,2026-01-30,high,10.75,96.39,active,2026-01-30,0
U000268,2025-07-31,3,regular,mobile,search,169,PLN_STD,Standard,mid,499.0,1,2026-01-30,high,10.5,192.905,active,2026-01-30,0
U000269,2025-10-05,1,value,web,paid_social,103,PLN_BASIC,Basic,low,299.0,1,2026-01-30,high,10.75,65.575,active,2026-01-30,0
U000270,2025-09-30,1,regular,web,referral,108,PLN_STD,Standard,mid,499.0,1,2026-01-30,high,10.75,174.945,cancelled,2026-01-28,1
U000271,2025-07-17,2,value,mobile,organic,183,PLN_BASIC,Basic,low,299.0,1,2026-01-30,high,10.75,105.7875,active,2026-01-30,0
U000272,2025-05-10,2,value,web,email,251,PLN_BASIC,Basic,low,299.0,1,2026-01-30,high,10.75,0.0,cancelled,2025-08-12,1
U000273,2025-06-12,3,value,web,email,218,PLN_BASIC,Basic,low,299.0,1,2026-01-30,high,10.75,101.235,active,2026-01-30,0
U000274,2025-12-31,3,premium,web,search,16,PLN_STD,Standard,mid,499.0,1,2026-01-30,high,7.75,248.2675,active,2026-01-30,0
U000275,2025-08-17,2,regular,web,paid_social,152,PLN_BASIC,Basic,low,299.0,1,2026-01-30,high,10.75,243.38750000000002,active,2026-01-30,0
U000276,2025-09-03,1,premium,mobile,search,135,PLN_STD,Standard,mid,499.0,1,2026-01-30,high,10.5,283.945,active,2026-01-30,0
U000277,2025-08-30,2,regular,web,paid_social,139,PLN_STD,Standard,mid,499.0,1,2026-01-30,high,10.75,0.0,expired,2025-12-02,1
U000278,2025-11-17,2,regular,web,referral,60,PLN_PREM,Premium,high,799.0,1,2026-01-30,high,10.5,192.12,active,2026-01-30,0
U000279,2025-05-21,1,regular,web,organic,240,PLN_STD,Standard,mid,499.0,1,2026-01-30,high,10.75,0.0,cancelled,2025-11-23,1
U000280,2025-05-25,2,premium,web,organic,236,PLN_STD,Standard,mid,499.0,1,2026-01-29,high,10.5,312.6275,active,2026-01-30,0
U000281,2025-07-13,2,regular,web,organic,187,PLN_PREM,Premium,high,799.0,1,2026-01-30,high,10.75,212.0575,active,2026-01-30,0
U000282,2025-09-04,1,value,mobile,email,134,PLN_BASIC,Basic,low,299.0,1,2026-01-30,high,10.75,101.61749999999999,active,2026-01-30,0
U000283,2025-10-20,2,regular,mobile,search,88,PLN_STD,Standard,mid,499.0,1,2026-01-30,high,10.75,249.2674005950061,active,2026-01-30,0
U000284,2025-09-05,2,regular,web,referral,133,PLN_STD,Standard,mid,499.0,1,2026-01-30,high,10.5,78.1425,cancelled,2026-01-10,1
U000285,2025-08-23,1,value,web,search,146,PLN_BASIC,Basic,low,299.0,1,2026-01-30,high,10.5,76.72749999999999,active,2026-01-30,0
U000286,2025-12-26,2,regular,web,organic,21,PLN_BASIC,Basic,low,299.0,1,2026-01-30,high,9.0,89.8975,expired,2026-01-26,1
U000287,2025-06-14,3,value,web,email,216,PLN_STD,Standard,mid,499.0,1,2026-01-30,high,10.0,115.0435138974716,active,2026-01-30,0
U000288,2025-09-25,2,regular,mobile,search,113,PLN_STD,Standard,mid,499.0,1,2026-01-30,high,10.75,167.4625,active,2026-01-30,0
U000289,2025-09-18,3,value,web,search,120,PLN_BASIC,Basic,low,299.0,1,2026-01-30,high,10.75,0.0,cancelled,2025-10-18,1
U000290,2025-08-31,2,regular,mobile,organic,138,PLN_STD,Standard,mid,499.0,1,2026-01-30,high,10.75,219.63871404909924,active,2026-01-30,0
U000291,2025-11-23,3,regular,mobile,organic,54,PLN_BASIC,Basic,low,299.0,1,2026-01-30,high,10.75,8.0625,expired,2025-12-24,1
U000292,2025-07-11,1,regular,web,organic,189,PLN_BASIC,Basic,low,299.0,1,2026-01-30,high,10.5,242.8525,active,2026-01-30,0
U000293,2025-12-30,2,value,mobile,search,17,PLN_BASIC,Basic,low,299.0,1,2026-01-30,high,8.0,65.3125,cancelled,2026-01-30,1
U000294,2025-07-27,1,premium,web,paid_social,173,PLN_PREM,Premium,high,799.0,1,2026-01-30,high,10.75,397.71,active,2026-01-30,0
U000295,2025-09-18,2,regular,web,organic,120,PLN_PREM,Premium,high,799.0,1,2026-01-30,high,10.75,189.255,active,2026-01-30,0
U000296,2025-09-12,2,value,mobile,organic,126,PLN_BASIC,Basic,low,299.0,1,2026-01-30,high,10.5,77.7375,active,2026-01-30,0
U000297,2025-12-04,1,value,web,organic,43,PLN_STD,Standard,mid,499.0,1,2026-01-30,high,10.75,55.35,active,2026-01-30,0
U000298,2025-08-23,3,value,mobile,search,146,PLN_BASIC,Basic,low,299.0,1,2026-01-30,high,10.75,0.0,cancelled,2025-10-29,1
U000299,2025-07-15,2,value,mobile,email,185,PLN_BASIC,Basic,low,299.0,1,2026-01-30,high,10.75,82.7575,active,2026-01-30,0
U000300,2025-05-10,2,regular,web,search,251,PLN_BASIC,Basic,low,299.0,1,2026-01-30,high,10.75,182.9175,active,2026-01-30,0
U000301,2025-08-04,1,premium,mobile,organic,165,PLN_STD,Standard,mid,499.0,1,2026-01-30,high,10.75,230.255,active,2026-01-30,0
U000302,2025-11-28,2,regular,web,paid_social,49,PLN_BASIC,Basic,low,299.0,1,2026-01-30,high,10.5,170.5026163367865,active,2026-01-30,0
U000303,2025-05-07,2,regular,mobile,email,254,PLN_STD,Standard,mid,499.0,1,2026-01-30,high,10.75,255.35750000000002,active,2026-01-30,0
U000304,2025-12-15,2,regular,web,referral,32,PLN_STD,Standard,mid,499.0,1,2026-01-30,high,10.75,166.41,active,2026-01-30,0
U000305,2025-09-18,1,regular,web,referral,120,PLN_STD,Standard,mid,499.0,1,2026-01-30,high,10.75,199.2125,active,2026-01-30,0
U000306,2025-06-09,3,regular,web,email,221,PLN_STD,Standard,mid,499.0,1,2026-01-29,high,10.5,225.2575,active,2026-01-30,0
U000307,2025-07-19,3,value,mobile,paid_social,181,PLN_BASIC,Basic,low,299.0,1,2026-01-30,high,10.75,79.9275,active,2026-01-30,0
U000308,2025-09-21,2,premium,web,email,117,PLN_STD,Standard,mid,499.0,1,2026-01-30,high,10.75,259.3175,active,2026-01-30,0
U000309,2025-07-23,2,regular,mobile,organic,177,PLN_STD,Standard,mid,499.0,1,2026-01-30,high,10.75,9.217500000000001,cancelled,2025-12-25,1
U000310,2025-06-01,3,regular,web,referral,229,PLN_PREM,Premium,high,799.0,1,2026-01-30,high,10.5,205.0925,active,2026-01-30,0
U000311,2025-10-19,3,premium,web,referral,89,PLN_PREM,Premium,high,799.0,1,2026-01-30,high,10.75,298.775,active,2026-01-30,0
U000312,2025-10-20,2,regular,web,email,88,PLN_STD,Standard,mid,499.0,1,2026-01-30,high,10.75,0.0,cancelled,2025-11-23,1
U000313,2025-06-03,3,value,web,search,227,PLN_STD,Standard,mid,499.0,1,2026-01-30,high,10.25,80.87,active,2026-01-30,0
U000314,2025-07-14,3,regular,mobile,referral,186,PLN_STD,Standard,mid,499.0,1,2026-01-30,high,10.75,39.5075,cancelled,2026-01-15,1
U000315,2025-07-05,3,value,web,organic,195,PLN_STD,Standard,mid,499.0,1,2026-01-30,high,10.75,98.6375,active,2026-01-30,0
U000316,2025-10-17,2,regular,mobile,paid_social,91,PLN_BASIC,Basic,low,299.0,1,2026-01-30,high,10.5,111.41,active,2026-01-30,0
U000317,2025-11-04,1,value,mobile,search,73,PLN_BASIC,Basic,low,299.0,1,2026-01-30,high,10.5,0.0,expired,2025-12-11,1
U000318,2025-11-03,1,regular,web,paid_social,74,PLN_PREM,Premium,high,799.0,1,2026-01-30,high,10.75,249.095,active,2026-01-30,0
U000319,2025-12-26,2,premium,mobile,paid_social,21,PLN_PREM,Premium,high,799.0,1,2026-01-30,high,8.75,238.8175,active,2026-01-30,0
U000320,2025-11-13,2,value,mobile,search,64,PLN_BASIC,Basic,low,299.0,1,2026-01-30,high,10.75,39.849999999999994,expired,2026-01-17,1
U000321,2025-07-24,2,regular,mobile,organic,176,PLN_BASIC,Basic,low,299.0,1,2026-01-30,high,10.25,0.0,expired,2025-10-23,1
U000322,2025-06-01,2,regular,web,organic,229,PLN_BASIC,Basic,low,299.0,1,2026-01-30,high,10.75,217.2925,active,2026-01-30,0
U000323,2025-10-06,2,regular,mobile,paid_social,102,PLN_STD,Standard,mid,499.0,1,2026-01-30,high,10.5,200.1975,active,2026-01-30,0
U000324,2025-12-20,3,value,mobile,paid_social,27,PLN_BASIC,Basic,low,299.0,1,2026-01-30,high,10.25,82.095,expired,2026-01-22,1
U000325,2026-01-04,1,value,web,paid_social,12,PLN_BASIC,Basic,low,299.0,1,2026-01-30,high,6.75,37.722500000000004,cancelled,2026-01-30,1
U000326,2025-07-01,1,regular,mobile,organic,199,PLN_BASIC,Basic,low,299.0,1,2026-01-30,high,10.75,35.6875,cancelled,2026-01-02,1
U000327,2025-07-03,3,regular,web,referral,197,PLN_STD,Standard,mid,499.0,1,2026-01-30,high,10.5,230.4,active,2026-01-30,0
U000328,2025-05-14,3,regular,mobile,paid_social,247,PLN_PREM,Premium,high,799.0,1,2026-01-30,high,10.75,199.0925,active,2026-01-30,0
U000329,2025-06-09,3,value,mobile,organic,221,PLN_BASIC,Basic,low,299.0,1,2026-01-30,high,10.5,25.305,expired,2026-01-10,1
U000330,2025-09-21,3,regular,mobile,organic,117,PLN_BASIC,Basic,low,299.0,1,2026-01-30,high,10.5,162.9075,active,2026-01-30,0
U000331,2025-09-19,3,value,mobile,search,119,PLN_BASIC,Basic,low,299.0,1,2026-01-30,high,10.5,95.79,active,2026-01-30,0
U000332,2025-08-06,2,value,mobile,search,163,PLN_STD,Standard,mid,499.0,1,2026-01-30,high,10.5,0.0,expired,2025-10-09,1
U000333,2025-07-21,2,regular,mobile,organic,179,PLN_BASIC,Basic,low,299.0,1,2026-01-30,high,10.5,135.995,active,2026-01-30,0
U000334,2025-11-29,2,value,web,organic,48,PLN_BASIC,Basic,low,299.0,1,2026-01-30,high,10.75,122.31,active,2026-01-30,0
U000335,2025-08-28,2,regular,web,organic,141,PLN_BASIC,Basic,low,299.0,1,2026-01-30,high,10.75,0.0,cancelled,2025-11-02,1
U000336,2025-11-23,3,premium,web,organic,54,PLN_PREM,Premium,high,799.0,1,2026-01-30,high,10.75,304.4025,active,2026-01-30,0
U000337,2026-01-01,2,regular,web,organic,15,PLN_STD,Standard,mid,499.0,1,2026-01-30,high,7.5,178.0575,active,2026-01-30,0
U000338,2025-07-23,2,regular,mobile,referral,177,PLN_BASIC,Basic,low,299.0,1,2026-01-30,high,10.5,230.8925,active,2026-01-30,0
U000339,2025-06-24,2,value,mobile,search,206,PLN_BASIC,Basic,low,299.0,1,2026-01-30,high,10.5,82.58,active,2026-01-30,0
U000340,2025-12-30,1,value,web,search,17,PLN_BASIC,Basic,low,299.0,1,2026-01-30,high,7.75,65.985,active,2026-01-30,0
U000341,2025-10-11,1,value,web,paid_social,97,PLN_BASIC,Basic,low,299.0,1,2026-01-30,high,10.25,108.5125,active,2026-01-30,0
U000342,2025-07-17,1,regular,mobile,search,183,PLN_STD,Standard,mid,499.0,1,2026-01-30,high,10.5,122.67999999999999,active,2026-01-30,0
U000343,2025-10-08,3,regular,web,organic,100,PLN_PREM,Premium,high,799.0,1,2026-01-30,high,10.75,238.1375,active,2026-01-30,0
U000344,2025-09-11,2,value,mobile,organic,127,PLN_BASIC,Basic,low,299.0,1,2026-01-30,high,10.75,124.1375,active,2026-01-30,0
U000345,2025-12-18,3,value,mobile,organic,29,PLN_BASIC,Basic,low,299.0,1,2026-01-30,high,10.75,38.545,cancelled,2026-01-17,1
U000346,2025-07-08,2,value,web,paid_social,192,PLN_BASIC,Basic,low,299.0,1,2026-01-30,high,10.75,97.77,active,2026-01-30,0
U000347,2026-01-08,1,regular,web,search,8,PLN_BASIC,Basic,low,299.0,1,2026-01-30,high,5.5,114.01,active,2026-01-30,0
U000348,2025-12-25,1,regular,web,search,22,PLN_BASIC,Basic,low,299.0,1,2026-01-30,high,9.25,131.0375,cancelled,2026-01-29,1
U000349,2025-06-19,3,regular,web,search,211,PLN_STD,Standard,mid,499.0,1,2026-01-30,high,10.75,139.98000000000002,active,2026-01-30,0
U000350,2025-06-15,2,premium,web,email,215,PLN_PREM,Premium,high,799.0,1,2026-01-30,high,10.75,245.13,active,2026-01-30,0
U000351,2025-09-15,3,value,web,organic,123,PLN_BASIC,Basic,low,299.0,1,2026-01-30,high,10.75,106.36749999999999,active,2026-01-30,0
U000352,2025-05-16,1,regular,web,search,245,PLN_STD,Standard,mid,499.0,1,2026-01-30,high,10.75,0.0,cancelled,2025-09-17,1
U000353,2025-07-18,2,regular,web,search,182,PLN_BASIC,Basic,low,299.0,1,2026-01-30,high,10.5,199.45,active,2026-01-30,0
U000354,2025-08-22,3,value,web,paid_social,147,PLN_BASIC,Basic,low,299.0,1,2026-01-30,high,10.75,78.875,active,2026-01-30,0
U000355,2026-01-03,1,premium,mobile,paid_social,13,PLN_STD,Standard,mid,499.0,1,2026-01-30,high,7.0,260.1075,active,2026-01-30,0
U000356,2026-01-09,2,value,web,paid_social,7,PLN_STD,Standard,mid,499.0,1,2026-01-30,high,5.5,46.86,active,2026-01-30,0
U000357,2025-06-12,3,regular,mobile,organic,218,PLN_PREM,Premium,high,799.0,1,2026-01-30,high,10.75,0.0,cancelled,2025-09-11,1
U000358,2025-12-14,2,regular,web,search,33,PLN_STD,Standard,mid,499.0,1,2026-01-30,high,10.75,196.92249999999999,active,2026-01-30,0
U000359,2025-05-27,2,premium,web,referral,234,PLN_PREM,Premium,high,799.0,1,2026-01-30,high,10.5,346.8975,active,2026-01-30,0
U000360,2025-11-08,2,regular,web,search,69,PLN_STD,Standard,mid,499.0,1,2026-01-30,high,10.5,205.1525,active,2026-01-30,0
U000361,2025-12-03,2,value,mobile,email,44,PLN_BASIC,Basic,low,299.0,1,2026-01-30,high,10.75,22.1575,cancelled,2026-01-03,1
U000362,2025-12-14,3,regular,web,search,33,PLN_BASIC,Basic,low,299.0,1,2026-01-30,high,10.75,89.0775,expired,2026-01-14,1
U000363,2025-06-30,3,regular,web,search,200,PLN_STD,Standard,mid,499.0,1,2026-01-30,high,10.75,201.17,active,2026-01-30,0
U000364,2025-12-15,2,regular,web,search,32,PLN_STD,Standard,mid,499.0,1,2026-01-30,high,10.5,191.905,active,2026-01-30,0
U000365,2025-06-03,3,regular,mobile,search,227,PLN_BASIC,Basic,low,299.0,1,2026-01-30,high,10.75,174.8125,active,2026-01-30,0
U000366,2025-09-12,1,value,web,referral,126,PLN_BASIC,Basic,low,299.0,1,2026-01-30,high,10.5,89.105,active,2026-01-30,0
U000367,2025-08-30,1,regular,web,organic,139,PLN_STD,Standard,mid,499.0,1,2026-01-30,high,10.75,217.095,active,2026-01-30,0
U000368,2025-07-23,2,premium,mobile,search,177,PLN_PREM,Premium,high,799.0,1,2026-01-30,high,10.25,353.27250000000004,active,2026-01-30,0
U000369,2025-05-10,3,value,web,paid_social,251,PLN_BASIC,Basic,low,299.0,1,2026-01-30,high,10.75,103.815,active,2026-01-30,0
U000370,2025-11-14,1,regular,web,referral,63,PLN_BASIC,Basic,low,299.0,1,2026-01-30,high,10.5,157.155,active,2026-01-30,0
U000371,2025-07-28,1,premium,mobile,paid_social,172,PLN_STD,Standard,mid,499.0,1,2026-01-30,high,10.75,331.0175,active,2026-01-30,0
U000372,2025-10-18,2,regular,web,email,90,PLN_STD,Standard,mid,499.0,1,2026-01-30,high,10.5,143.385,active,2026-01-30,0
U000373,2025-08-15,3,premium,web,referral,154,PLN_PREM,Premium,high,799.0,1,2026-01-30,high,10.5,373.69,active,2026-01-30,0
U000374,2025-08-06,1,regular,web,search,163,PLN_STD,Standard,mid,499.0,1,2026-01-30,high,10.75,78.1975,cancelled,2026-01-10,1
U000375,2025-12-13,2,premium,web,referral,34,PLN_PREM,Premium,high,799.0,1,2026-01-30,high,10.75,368.88,active,2026-01-30,0
U000376,2025-05-28,2,value,mobile,email,233,PLN_STD,Standard,mid,499.0,1,2026-01-30,high,10.75,81.61500000000001,active,2026-01-30,0
U000377,2025-11-05,2,regular,mobile,organic,72,PLN_PREM,Premium,high,799.0,1,2026-01-30,high,10.75,90.2,cancelled,2026-01-08,1
U000378,2025-11-08,1,regular,mobile,paid_social,69,PLN_BASIC,Basic,low,299.0,1,2026-01-30,high,10.5,234.805,active,2026-01-30,0
U000379,2025-08-08,1,regular,web,organic,161,PLN_STD,Standard,mid,499.0,1,2026-01-30,high,10.75,202.5225,active,2026-01-30,0
U000380,2025-07-09,2,premium,mobile,paid_social,191,PLN_STD,Standard,mid,499.0,1,2026-01-30,high,10.75,299.2675,active,2026-01-30,0
U000381,2025-05-06,2,regular,mobile,organic,255,PLN_PREM,Premium,high,799.0,1,2026-01-30,high,10.75,254.4275,active,2026-01-30,0
U000382,2025-12-26,3,regular,web,paid_social,21,PLN_BASIC,Basic,low,299.0,1,2026-01-30,high,8.5,83.5275,active,2026-01-30,0
U000383,2025-12-28,2,regular,mobile,search,19,PLN_BASIC,Basic,low,299.0,1,2026-01-30,high,8.25,114.215,active,2026-01-30,0
U000384,2025-07-04,2,regular,mobile,paid_social,196,PLN_STD,Standard,mid,499.0,1,2026-01-30,high,10.5,0.0,cancelled,2025-12-08,1
U000385,2025-05-13,3,regular,mobile,organic,248,PLN_STD,Standard,mid,499.0,1,2026-01-30,high,10.75,217.1325,active,2026-01-30,0
U000386,2025-06-04,2,value,web,paid_social,226,PLN_BASIC,Basic,low,299.0,1,2026-01-30,high,10.5,0.0,cancelled,2025-07-10,1
U000387,2025-05-21,2,regular,web,search,240,PLN_STD,Standard,mid,499.0,1,2026-01-30,high,10.5,330.86,active,2026-01-30,0
U000388,2025-11-29,3,premium,mobile,paid_social,48,PLN_PREM,Premium,high,799.0,1,2026-01-30,high,10.75,419.90999999999997,active,2026-01-30,0
U000389,2025-12-14,1,regular,mobile,organic,33,PLN_STD,Standard,mid,499.0,1,2026-01-30,high,10.75,122.4725,active,2026-01-30,0
U000390,2025-06-12,2,regular,web,organic,218,PLN_STD,Standard,mid,499.0,1,2026-01-30,high,10.75,190.6025,active,2026-01-30,0
U000391,2025-11-08,3,regular,web,search,69,PLN_BASIC,Basic,low,299.0,1,2026-01-30,high,10.0,123.52000000000001,active,2026-01-30,0
U000392,2025-06-18,1,regular,mobile,email,212,PLN_BASIC,Basic,low,299.0,1,2026-01-30,high,10.75,218.8525,active,2026-01-30,0
U000393,2025-08-05,2,value,web,organic,164,PLN_BASIC,Basic,low,299.0,1,2026-01-30,high,10.75,0.0,expired,2025-09-10,1
U000394,2025-10-02,1,regular,web,paid_social,106,PLN_STD,Standard,mid,499.0,1,2026-01-30,high,10.75,0.0,cancelled,2025-11-03,1
U000395,2025-11-01,1,regular,mobile,organic,76,PLN_STD,Standard,mid,499.0,1,2026-01-30,high,10.5,26.8925,cancelled,2026-01-01,1
U000396,2025-12-10,2,value,web,paid_social,37,PLN_BASIC,Basic,low,299.0,1,2026-01-30,high,10.75,103.3475,active,2026-01-30,0
U000397,2025-05-16,2,value,web,organic,245,PLN_BASIC,Basic,low,299.0,1,2026-01-30,high,10.75,96.065,active,2026-01-30,0
U000398,2025-06-23,3,regular,web,search,207,PLN_STD,Standard,mid,499.0,1,2026-01-30,high,10.5,171.525,active,2026-01-30,0
U000399,2025-07-14,3,regular,mobile,search,186,PLN_BASIC,Basic,low,299.0,1,2026-01-30,high,10.75,181.52,active,2026-01-30,0
U000400,2025-07-21,3,regular,web,organic,179,PLN_STD,Standard,mid,499.0,1,2026-01-30,high,10.5,0.0,cancelled,2025-11-25,1
U000401,2026-01-10,2,value,mobile,search,6,PLN_BASIC,Basic,low,299.0,1,2026-01-30,high,5.25,15.7225,cancelled,2026-01-30,1
U000402,2025-11-16,2,regular,mobile,search,61,PLN_STD,Standard,mid,499.0,1,2026-01-30,high,10.75,230.59,active,2026-01-30,0
U000403,2025-07-24,2,regular,mobile,search,176,PLN_PREM,Premium,high,799.0,1,2026-01-30,high,10.75,174.305,active,2026-01-30,0
U000404,2026-01-03,1,regular,web,email,13,PLN_BASIC,Basic,low,299.0,1,2026-01-30,high,6.75,79.0525,expired,2026-01-30,1
U000405,2025-09-07,3,regular,web,search,131,PLN_BASIC,Basic,low,299.0,1,2026-01-30,high,10.75,161.87,active,2026-01-30,0
U000406,2025-09-07,2,value,web,email,131,PLN_BASIC,Basic,low,299.0,1,2026-01-30,high,10.75,0.0,cancelled,2025-12-07,1
U000407,2025-08-21,1,premium,mobile,search,148,PLN_PREM,Premium,high,799.0,1,2026-01-30,high,10.75,0.0,cancelled,2025-12-20,1
U000408,2025-06-10,3,value,mobile,organic,220,PLN_BASIC,Basic,low,299.0,1,2026-01-30,high,10.25,77.7525,active,2026-01-30,0
U000409,2025-12-25,2,regular,mobile,organic,22,PLN_STD,Standard,mid,499.0,1,2026-01-30,high,9.0,156.505,active,2026-01-30,0
U000410,2025-05-08,1,value,web,search,253,PLN_BASIC,Basic,low,299.0,1,2026-01-30,high,10.75,22.9575,cancelled,2026-01-07,1
U000411,2025-06-17,1,regular,web,organic,213,PLN_PREM,Premium,high,799.0,1,2026-01-30,high,10.75,205.41750000000002,active,2026-01-30,0
U000412,2025-07-01,2,value,mobile,referral,199,PLN_BASIC,Basic,low,299.0,1,2026-01-30,high,10.5,44.9,active,2026-01-30,0
U000413,2025-07-14,3,premium,web,paid_social,186,PLN_STD,Standard,mid,499.0,1,2026-01-30,high,10.75,0.0,cancelled,2025-11-16,1
U000414,2025-06-07,1,regular,mobile,search,223,PLN_STD,Standard,mid,499.0,1,2026-01-30,high,10.75,278.98488811365814,active,2026-01-30,0
U000415,2025-05-09,3,regular,web,search,252,PLN_BASIC,Basic,low,299.0,1,2026-01-30,high,10.75,146.85750000000002,active,2026-01-30,0
U000416,2025-10-22,3,value,mobile,search,86,PLN_BASIC,Basic,low,299.0,1,2026-01-30,high,10.5,68.0175,active,2026-01-30,0
U000417,2026-01-03,3,value,mobile,paid_social,13,PLN_BASIC,Basic,low,299.0,1,2026-01-30,high,7.0,75.685,active,2026-01-30,0
U000418,2025-06-04,1,regular,web,organic,226,PLN_BASIC,Basic,low,299.0,1,2026-01-30,high,10.75,195.7125,active,2026-01-30,0
U000419,2025-07-18,1,regular,web,organic,182,PLN_STD,Standard,mid,499.0,1,2026-01-30,high,10.75,226.09,active,2026-01-30,0
U000420,2025-09-09,3,regular,mobile,organic,129,PLN_BASIC,Basic,low,299.0,1,2026-01-30,high,10.5,0.0,cancelled,2025-12-14,1
U000421,2025-12-23,2,premium,web,organic,24,PLN_PREM,Premium,high,799.0,1,2026-01-30,high,9.75,380.6675,active,2026-01-30,0
U000422,2025-10-26,2,regular,web,paid_social,82,PLN_PREM,Premium,high,799.0,1,2026-01-30,high,10.75,338.5192482737997,active,2026-01-30,0
U000423,2025-11-13,3,premium,web,organic,64,PLN_STD,Standard,mid,499.0,1,2026-01-30,high,10.75,381.3275,active,2026-01-30,0
U000424,2025-09-27,1,value,web,organic,111,PLN_BASIC,Basic,low,299.0,1,2026-01-30,high,10.75,0.0,expired,2025-11-28,1
U000425,2025-08-17,3,regular,mobile,email,152,PLN_PREM,Premium,high,799.0,1,2026-01-30,high,10.75,246.57750000000001,active,2026-01-30,0
U000426,2025-06-24,3,regular,web,email,206,PLN_BASIC,Basic,low,299.0,1,2026-01-30,high,10.75,150.14000000000001,active,2026-01-30,0
U000427,2025-12-07,2,regular,web,search,40,PLN_PREM,Premium,high,799.0,1,2026-01-30,high,10.75,203.8625,active,2026-01-30,0
U000428,2025-11-22,2,premium,mobile,search,55,PLN_PREM,Premium,high,799.0,1,2026-01-30,high,10.75,299.465,active,2026-01-30,0
U000429,2025-05-11,3,regular,web,paid_social,250,PLN_BASIC,Basic,low,299.0,1,2026-01-30,high,10.75,146.005,active,2026-01-30,0
U000430,2025-10-31,2,premium,web,organic,77,PLN_PREM,Premium,high,799.0,1,2026-01-30,high,10.5,404.4,active,2026-01-30,0
U000431,2025-05-26,2,regular,mobile,search,235,PLN_BASIC,Basic,low,299.0,1,2026-01-30,high,10.75,175.2825,active,2026-01-30,0
U000432,2025-11-06,3,value,mobile,organic,71,PLN_BASIC,Basic,low,299.0,1,2026-01-30,high,10.75,97.725,active,2026-01-30,0
U000433,2025-11-28,2,regular,mobile,search,49,PLN_STD,Standard,mid,499.0,1,2026-01-30,high,10.75,164.225,active,2026-01-30,0
U000434,2025-06-06,2,regular,mobile,email,224,PLN_BASIC,Basic,low,299.0,1,2026-01-30,high,10.75,144.275,active,2026-01-30,0
U000435,2025-08-21,1,premium,web,paid_social,148,PLN_PREM,Premium,high,799.0,1,2026-01-30,high,10.5,377.495,active,2026-01-30,0
U000436,2025-06-05,1,regular,web,email,225,PLN_STD,Standard,mid,499.0,1,2026-01-30,high,10.75,208.1425,active,2026-01-30,0
U000437,2025-09-24,2,value,mobile,paid_social,114,PLN_BASIC,Basic,low,299.0,1,2026-01-30,high,10.75,66.215,active,2026-01-30,0
U000438,2025-12-23,2,value,mobile,paid_social,24,PLN_BASIC,Basic,low,299.0,1,2026-01-30,high,9.75,130.4875,active,2026-01-30,0
U000439,2025-05-25,2,value,mobile,paid_social,236,PLN_BASIC,Basic,low,299.0,1,2026-01-30,high,10.75,101.505,active,2026-01-30,0
U000440,2025-08-12,2,regular,web,paid_social,157,PLN_STD,Standard,mid,499.0,1,2026-01-30,high,10.75,243.5125,active,2026-01-30,0
U000441,2026-01-04,3,value,web,search,12,PLN_BASIC,Basic,low,299.0,1,2026-01-30,high,6.5,18.655,expired,2026-01-30,1
U000442,2025-07-19,3,regular,web,organic,181,PLN_STD,Standard,mid,499.0,1,2026-01-30,high,10.75,158.735,active,2026-01-30,0
U000443,2025-06-07,1,regular,mobile,search,223,PLN_STD,Standard,mid,499.0,1,2026-01-30,high,10.75,189.755,active,2026-01-30,0
U000444,2025-09-04,2,regular,mobile,organic,134,PLN_BASIC,Basic,low,299.0,1,2026-01-30,high,10.75,122.29249999999999,active,2026-01-30,0
U000445,2025-09-09,2,value,web,search,129,PLN_BASIC,Basic,low,299.0,1,2026-01-30,high,10.75,101.775,active,2026-01-30,0
U000446,2025-10-18,2,regular,web,organic,90,PLN_STD,Standard,mid,499.0,1,2026-01-30,high,10.5,181.1925,active,2026-01-30,0
U000447,2025-07-22,1,value,web,search,178,PLN_STD,Standard,mid,499.0,1,2026-01-30,high,10.75,89.3125,active,2026-01-30,0
U000448,2025-12-30,3,premium,web,organic,17,PLN_PREM,Premium,high,799.0,1,2026-01-30,high,8.0,260.3825,active,2026-01-30,0
U000449,2025-09-12,3,value,mobile,organic,126,PLN_STD,Standard,mid,499.0,1,2026-01-30,high,10.5,85.41,active,2026-01-30,0
U000450,2025-07-15,2,value,mobile,search,185,PLN_BASIC,Basic,low,299.0,1,2026-01-30,high,10.75,0.0,expired,2025-09-19,1
U000451,2026-01-01,3,value,web,organic,15,PLN_BASIC,Basic,low,299.0,1,2026-01-30,high,7.5,60.080000000000005,active,2026-01-30,0
U000452,2025-12-23,3,regular,mobile,email,24,PLN_STD,Standard,mid,499.0,1,2026-01-30,high,9.5,185.5275,cancelled,2026-01-27,1
U000453,2025-09-07,2,value,mobile,search,131,PLN_STD,Standard,mid,499.0,1,2026-01-30,high,10.75,105.5625,active,2026-01-30,0
U000454,2025-05-11,2,regular,web,search,250,PLN_STD,Standard,mid,499.0,1,2026-01-30,high,10.25,183.9625,active,2026-01-30,0
U000455,2025-10-01,2,regular,web,organic,107,PLN_BASIC,Basic,low,299.0,1,2026-01-30,high,10.5,101.5175,active,2026-01-30,0
U000456,2025-09-21,3,regular,web,referral,117,PLN_STD,Standard,mid,499.0,1,2026-01-30,high,10.75,137.1125,cancelled,2026-01-24,1
U000457,2025-06-11,1,value,web,paid_social,219,PLN_BASIC,Basic,low,299.0,1,2026-01-30,high,10.5,0.0,cancelled,2025-11-09,1
U000458,2025-10-11,2,value,web,search,97,PLN_BASIC,Basic,low,299.0,1,2026-01-30,high,10.5,129.7025,active,2026-01-30,0
U000459,2025-12-02,3,regular,mobile,organic,45,PLN_BASIC,Basic,low,299.0,1,2026-01-30,high,10.5,199.815,active,2026-01-30,0
U000460,2025-05-31,2,value,web,paid_social,230,PLN_STD,Standard,mid,499.0,1,2026-01-30,high,10.75,74.9975,active,2026-01-30,0
U000461,2025-11-02,3,regular,web,email,75,PLN_BASIC,Basic,low,299.0,1,2026-01-30,high,10.0,164.7275,active,2026-01-30,0
U000462,2025-06-09,2,value,mobile,search,221,PLN_BASIC,Basic,low,299.0,1,2026-01-30,high,10.5,56.22,active,2026-01-30,0
U000463,2025-11-08,3,regular,web,organic,69,PLN_BASIC,Basic,low,299.0,1,2026-01-30,high,10.5,175.6425,active,2026-01-30,0
U000464,2025-08-18,3,value,mobile,organic,151,PLN_BASIC,Basic,low,299.0,1,2026-01-30,high,10.75,45.2575,expired,2026-01-17,1
U000465,2025-05-06,2,regular,mobile,organic,255,PLN_BASIC,Basic,low,299.0,1,2026-01-30,high,10.75,214.1625,active,2026-01-30,0
U000466,2026-01-02,3,value,mobile,paid_social,14,PLN_BASIC,Basic,low,299.0,1,2026-01-30,high,7.25,52.3875,cancelled,2026-01-30,1
U000467,2025-06-15,2,regular,mobile,email,215,PLN_STD,Standard,mid,499.0,1,2026-01-30,high,10.75,236.5075,active,2026-01-30,0
U000468,2025-10-01,2,value,mobile,email,107,PLN_BASIC,Basic,low,299.0,1,2026-01-30,high,10.75,0.0,cancelled,2025-11-07,1
U000469,2025-06-19,2,premium,mobile,referral,211,PLN_PREM,Premium,high,799.0,1,2026-01-30,high,10.75,317.325,active,2026-01-30,0
U000470,2025-12-25,3,regular,web,organic,22,PLN_BASIC,Basic,low,299.0,1,2026-01-30,high,9.25,209.8725,active,2026-01-30,0
U000471,2025-11-06,1,value,web,email,71,PLN_BASIC,Basic,low,299.0,1,2026-01-30,high,10.75,77.955,active,2026-01-30,0
U000472,2025-11-22,1,value,web,organic,55,PLN_BASIC,Basic,low,299.0,1,2026-01-30,high,10.5,138.2275,active,2026-01-30,0
U000473,2025-08-21,2,value,web,organic,148,PLN_BASIC,Basic,low,299.0,1,2026-01-30,high,10.75,33.8,active,2026-01-30,0
U000474,2025-08-30,2,value,web,paid_social,139,PLN_STD,Standard,mid,499.0,1,2026-01-30,high,10.75,66.03,active,2026-01-30,0
U000475,2025-10-11,2,value,web,organic,97,PLN_BASIC,Basic,low,299.0,1,2026-01-30,high,10.75,78.0575,active,2026-01-30,0
U000476,2025-11-17,1,premium,web,referral,60,PLN_PREM,Premium,high,799.0,1,2026-01-30,high,10.75,405.575,active,2026-01-30,0
U000477,2025-12-03,2,regular,web,email,44,PLN_BASIC,Basic,low,299.0,1,2026-01-30,high,10.75,26.0825,cancelled,2026-01-05,1
U000478,2025-05-09,3,value,web,paid_social,252,PLN_BASIC,Basic,low,299.0,1,2026-01-30,high,10.25,0.0,cancelled,2025-12-07,1
U000479,2025-10-18,1,regular,mobile,referral,90,PLN_BASIC,Basic,low,299.0,1,2026-01-30,high,10.75,130.0575,active,2026-01-30,0
U000480,2025-06-01,2,value,mobile,search,229,PLN_BASIC,Basic,low,299.0,1,2026-01-30,high,10.75,108.47,active,2026-01-30,0
U000481,2025-07-16,3,premium,mobile,organic,184,PLN_STD,Standard,mid,499.0,1,2026-01-30,high,10.75,0.0,cancelled,2025-09-20,1
U000482,2025-11-29,1,value,web,referral,48,PLN_BASIC,Basic,low,299.0,1,2026-01-30,high,10.75,36.4375,expired,2026-01-05,1
U000483,2025-07-06,2,regular,mobile,paid_social,194,PLN_STD,Standard,mid,499.0,1,2026-01-30,high,10.75,218.3675,active,2026-01-30,0
U000484,2025-11-21,2,regular,mobile,email,56,PLN_PREM,Premium,high,799.0,1,2026-01-30,high,10.75,0.0,expired,2025-12-24,1
U000485,2025-08-29,3,value,web,organic,140,PLN_STD,Standard,mid,499.0,1,2026-01-30,high,10.75,71.65,active,2026-01-30,0
U000486,2025-07-02,2,value,mobile,organic,198,PLN_BASIC,Basic,low,299.0,1,2026-01-30,high,10.75,85.945,active,2026-01-30,0
U000487,2025-07-27,3,regular,web,search,173,PLN_STD,Standard,mid,499.0,1,2026-01-30,high,10.75,221.8175,active,2026-01-30,0
U000488,2025-09-15,1,premium,mobile,paid_social,123,PLN_STD,Standard,mid,499.0,1,2026-01-30,high,10.75,288.26,active,2026-01-30,0
U000489,2025-11-13,2,regular,mobile,referral,64,PLN_STD,Standard,mid,499.0,1,2026-01-30,high,10.75,59.885,cancelled,2026-01-13,1
U000490,2025-10-04,3,regular,web,email,104,PLN_STD,Standard,mid,499.0,1,2026-01-30,high,10.5,208.11,active,2026-01-30,0
U000491,2025-12-25,1,regular,mobile,organic,22,PLN_BASIC,Basic,low,299.0,1,2026-01-30,high,9.0,158.7725,active,2026-01-30,0
U000492,2025-12-08,1,regular,web,search,39,PLN_BASIC,Basic,low,299.0,1,2026-01-30,high,10.75,218.645,active,2026-01-30,0
U000493,2025-11-10,1,regular,web,organic,67,PLN_BASIC,Basic,low,299.0,1,2026-01-30,high,10.25,185.54500000000002,active,2026-01-30,0
U000494,2025-10-03,3,regular,web,organic,105,PLN_STD,Standard,mid,499.0,1,2026-01-30,high,10.5,227.535,active,2026-01-30,0
U000495,2025-07-16,2,regular,web,search,184,PLN_STD,Standard,mid,499.0,1,2026-01-30,high,10.75,193.025,active,2026-01-30,0
U000496,2025-08-16,2,value,web,paid_social,153,PLN_BASIC,Basic,low,299.0,1,2026-01-30,high,10.5,0.0,cancelled,2025-11-21,1
U000497,2025-06-03,2,premium,unknown,search,227,PLN_PREM,Premium,high,799.0,1,2026-01-30,high,10.5,0.0,cancelled,2025-10-03,1
U000498,2025-08-06,2,value,web,search,163,PLN_BASIC,Basic,low,299.0,1,2026-01-30,high,10.25,91.59,active,2026-01-30,0
U000499,2025-12-23,2,value,web,paid_social,24,PLN_BASIC,Basic,low,299.0,1,2026-01-30,high,9.75,51.8875,cancelled,2026-01-22,1
U000500,2025-08-19,2,regular,mobile,referral,150,PLN_STD,Standard,mid,499.0,1,2026-01-30,high,10.75,0.0,cancelled,2025-10-21,1
U000501,2025-06-02,2,value,web,organic,228,PLN_BASIC,Basic,low,299.0,1,2026-01-30,high,10.75,0.0,expired,2025-11-06,1
U000502,2025-10-15,1,value,web,search,93,PLN_STD,Standard,mid,499.0,1,2026-01-30,high,10.75,66.8625,cancelled,2026-01-18,1
U000503,2026-01-01,3,value,mobile,paid_social,15,PLN_BASIC,Basic,low,299.0,1,2026-01-30,high,7.5,176.193098853965,cancelled,2026-01-30,1
U000504,2025-12-08,3,regular,mobile,paid_social,39,PLN_PREM,Premium,high,799.0,1,2026-01-30,high,10.75,46.0025,cancelled,2026-01-12,1
U000505,2025-07-12,2,regular,web,referral,188,PLN_PREM,Premium,high,799.0,1,2026-01-30,high,10.75,179.85,active,2026-01-30,0
U000506,2025-08-26,2,value,web,organic,143,PLN_BASIC,Basic,low,299.0,1,2026-01-30,high,10.75,58.7925,active,2026-01-30,0
U000507,2025-09-15,1,value,mobile,search,123,PLN_BASIC,Basic,low,299.0,1,2026-01-30,high,10.75,86.8875,active,2026-01-30,0
U000508,2025-07-06,3,regular,mobile,email,194,PLN_PREM,Premium,high,799.0,1,2026-01-30,high,10.75,207.715,active,2026-01-30,0
U000509,2025-07-11,3,premium,web,search,189,PLN_PREM,Premium,high,799.0,1,2026-01-30,high,10.75,390.6875,active,2026-01-30,0
U000510,2025-07-03,3,value,web,search,197,PLN_BASIC,Basic,low,299.0,1,2026-01-30,high,10.75,0.0,cancelled,2025-09-07,1
U000511,2026-01-09,2,premium,web,email,7,PLN_PREM,Premium,high,799.0,1,2026-01-30,high,5.5,190.57999999999998,active,2026-01-30,0
U000512,2025-11-08,1,premium,mobile,organic,69,PLN_PREM,Premium,high,799.0,1,2026-01-30,high,10.5,219.5375,active,2026-01-30,0
U000513,2025-12-02,1,value,mobile,paid_social,45,PLN_BASIC,Basic,low,299.0,1,2026-01-30,high,10.75,78.1575,active,2026-01-30,0
U000514,2025-11-25,1,regular,mobile,referral,52,PLN_STD,Standard,mid,499.0,1,2026-01-30,high,10.75,163.745,active,2026-01-30,0
U000515,2025-12-31,1,regular,web,organic,16,PLN_BASIC,Basic,low,299.0,1,2026-01-30,high,7.75,99.965,active,2026-01-30,0
U000516,2025-05-31,1,regular,mobile,paid_social,230,PLN_BASIC,Basic,low,299.0,1,2026-01-30,high,10.5,151.9325,active,2026-01-30,0
U000517,2025-12-12,3,regular,mobile,search,35,PLN_BASIC,Basic,low,299.0,1,2026-01-30,high,10.25,10.212499999999999,cancelled,2026-01-13,1
U000518,2025-05-21,1,regular,web,referral,240,PLN_PREM,Premium,high,799.0,1,2026-01-30,high,10.5,156.2925,active,2026-01-30,0
U000519,2025-09-01,1,regular,mobile,email,137,PLN_STD,Standard,mid,499.0,1,2026-01-30,high,10.75,210.2,active,2026-01-30,0
U000520,2025-10-01,3,regular,web,referral,107,PLN_STD,Standard,mid,499.0,1,2026-01-30,high,10.75,192.425,active,2026-01-30,0
U000521,2025-08-02,2,premium,web,organic,167,PLN_STD,Standard,mid,499.0,1,2026-01-30,high,10.5,259.0925,active,2026-01-30,0
U000522,2025-06-10,3,regular,mobile,paid_social,220,PLN_STD,Standard,mid,499.0,1,2026-01-30,high,10.25,187.4525,active,2026-01-30,0
U000523,2025-06-22,2,regular,web,email,208,PLN_BASIC,Basic,low,299.0,1,2026-01-30,high,10.75,196.94,active,2026-01-30,0
U000524,2025-11-27,3,premium,mobile,paid_social,50,PLN_PREM,Premium,high,799.0,1,2026-01-30,high,10.25,16.400000000000002,expired,2025-12-31,1
U000525,2025-07-23,2,value,web,paid_social,177,PLN_BASIC,Basic,low,299.0,1,2026-01-30,high,10.75,0.0,expired,2025-09-22,1
U000526,2025-07-21,2,value,web,organic,179,PLN_BASIC,Basic,low,299.0,1,2026-01-30,high,10.75,93.06,active,2026-01-30,0
U000527,2025-12-22,2,regular,web,referral,25,PLN_PREM,Premium,high,799.0,1,2026-01-30,high,10.0,138.14000000000001,cancelled,2026-01-27,1
U000528,2025-06-10,2,premium,web,organic,220,PLN_PREM,Premium,high,799.0,1,2026-01-30,high,10.75,249.56,active,2026-01-30,0
U000529,2025-12-20,2,value,web,organic,27,PLN_BASIC,Basic,low,299.0,1,2026-01-30,high,10.5,39.18,expired,2026-01-21,1
U000530,2025-12-22,2,regular,mobile,email,25,PLN_BASIC,Basic,low,299.0,1,2026-01-30,high,10.0,155.8475,active,2026-01-30,0
U000531,2025-10-02,1,value,web,email,106,PLN_BASIC,Basic,low,299.0,1,2026-01-30,high,10.75,52.1075,active,2026-01-30,0
U000532,2025-06-15,3,value,web,email,215,PLN_STD,Standard,mid,499.0,1,2026-01-30,high,10.75,91.08,active,2026-01-30,0
U000533,2025-06-13,2,regular,mobile,search,217,PLN_BASIC,Basic,low,299.0,1,2026-01-30,high,10.5,0.0,cancelled,2025-10-12,1
U000534,2025-07-15,1,value,web,organic,185,PLN_STD,Standard,mid,499.0,1,2026-01-30,high,10.75,94.05499999999999,active,2026-01-30,0
U000535,2025-09-26,1,premium,mobile,search,112,PLN_STD,Standard,mid,499.0,1,2026-01-30,high,10.75,330.11,active,2026-01-30,0
U000536,2025-06-12,3,value,web,organic,218,PLN_STD,Standard,mid,499.0,1,2026-01-30,high,10.5,93.5025,active,2026-01-30,0
U000537,2025-08-27,2,premium,web,referral,142,PLN_PREM,Premium,high,799.0,1,2026-01-30,high,10.5,342.105,active,2026-01-30,0
U000538,2025-06-02,2,value,mobile,search,228,PLN_BASIC,Basic,low,299.0,1,2026-01-30,high,10.75,75.1,active,2026-01-30,0
U000539,2025-09-17,3,premium,mobile,search,121,PLN_STD,Standard,mid,499.0,1,2026-01-30,high,10.75,283.0575,active,2026-01-30,0
U000540,2025-05-10,1,regular,mobile,organic,251,PLN_STD,Standard,mid,499.0,1,2026-01-30,high,10.75,211.31,active,2026-01-30,0
U000541,2025-10-29,3,value,web,search,79,PLN_BASIC,Basic,low,299.0,1,2026-01-30,high,10.5,130.365,active,2026-01-30,0
U000542,2025-05-18,2,value,web,referral,243,PLN_STD,Standard,mid,499.0,1,2026-01-30,high,10.75,51.8,active,2026-01-30,0
U000543,2025-06-22,1,value,mobile,paid_social,208,PLN_STD,Standard,mid,499.0,1,2026-01-30,high,10.75,67.7925,active,2026-01-30,0
U000544,2025-06-17,2,regular,mobile,organic,213,PLN_BASIC,Basic,low,299.0,1,2026-01-30,high,10.5,144.0375,active,2026-01-30,0
U000545,2025-11-29,3,regular,mobile,organic,48,PLN_BASIC,Basic,low,299.0,1,2026-01-30,high,10.75,227.3125,active,2026-01-30,0
U000546,2025-05-18,2,regular,mobile,search,243,PLN_PREM,Premium,high,799.0,1,2026-01-30,high,10.75,208.535,active,2026-01-30,0
U000547,2025-08-20,2,regular,mobile,organic,149,PLN_STD,Standard,mid,499.0,1,2026-01-30,high,10.75,176.025,active,2026-01-30,0
U000548,2025-09-30,2,regular,web,email,108,PLN_BASIC,Basic,low,299.0,1,2026-01-30,high,10.75,220.55,active,2026-01-30,0
U000549,2025-09-11,2,regular,mobile,paid_social,127,PLN_PREM,Premium,high,799.0,1,2026-01-30,high,10.5,0.0,expired,2025-10-16,1
U000550,2025-10-22,2,regular,web,organic,86,PLN_BASIC,Basic,low,299.0,1,2026-01-30,high,10.75,303.2725,active,2026-01-30,0
U000551,2025-11-22,2,regular,web,referral,55,PLN_BASIC,Basic,low,299.0,1,2026-01-30,high,10.25,163.235,active,2026-01-30,0
U000552,2025-08-11,2,regular,mobile,search,158,PLN_STD,Standard,mid,499.0,1,2026-01-30,high,10.75,145.8125,active,2026-01-30,0
U000553,2025-11-28,1,premium,web,organic,49,PLN_PREM,Premium,high,799.0,1,2026-01-30,high,10.75,281.61,active,2026-01-30,0
U000554,2025-07-23,2,value,web,search,177,PLN_BASIC,Basic,low,299.0,1,2026-01-30,high,10.75,0.0,expired,2025-10-26,1
U000555,2026-01-07,2,value,mobile,organic,9,PLN_BASIC,Basic,low,299.0,1,2026-01-30,high,6.0,50.2025,active,2026-01-30,0
U000556,2025-09-08,2,value,mobile,search,130,PLN_BASIC,Basic,low,299.0,1,2026-01-30,high,10.75,65.4275,active,2026-01-30,0
U000557,2025-11-05,1,regular,web,referral,72,PLN_STD,Standard,mid,499.0,1,2026-01-30,high,10.5,165.54500000000002,active,2026-01-30,0
U000558,2025-12-10,2,value,mobile,email,37,PLN_BASIC,Basic,low,299.0,1,2026-01-30,high,10.75,47.5125,expired,2026-01-15,1
U000559,2025-11-19,2,premium,web,search,58,PLN_PREM,Premium,high,799.0,1,2026-01-30,high,10.75,113.3675,cancelled,2026-01-22,1
U000560,2025-12-04,1,regular,mobile,paid_social,43,PLN_PREM,Premium,high,799.0,1,2026-01-30,high,10.5,219.4825,active,2026-01-30,0
U000561,2025-09-16,1,regular,web,organic,122,PLN_STD,Standard,mid,499.0,1,2026-01-30,high,10.75,210.8875,active,2026-01-30,0
U000562,2025-05-15,2,regular,web,search,246,PLN_STD,Standard,mid,499.0,1,2026-01-30,high,10.75,229.3025,active,2026-01-30,0
U000563,2025-09-05,2,value,web,organic,133,PLN_STD,Standard,mid,499.0,1,2026-01-30,high,10.75,125.62114406018938,active,2026-01-30,0
U000564,2025-06-19,1,regular,web,search,211,PLN_STD,Standard,mid,499.0,1,2026-01-30,high,10.75,186.57,active,2026-01-30,0
U000565,2025-12-14,3,value,web,organic,33,PLN_BASIC,Basic,low,299.0,1,2026-01-30,high,10.75,44.0825,cancelled,2026-01-18,1
U000566,2025-07-03,2,regular,web,email,197,PLN_STD,Standard,mid,499.0,1,2026-01-30,high,10.75,164.0525,active,2026-01-30,0
U000567,2025-07-01,3,premium,mobile,referral,199,PLN_PREM,Premium,high,799.0,1,2026-01-30,high,10.25,0.0,cancelled,2025-08-06,1
U000568,2025-07-06,2,regular,web,organic,194,PLN_BASIC,Basic,low,299.0,1,2026-01-30,high,10.75,376.9956805217172,active,2026-01-30,0
U000569,2025-10-13,2,premium,web,paid_social,95,PLN_STD,Standard,mid,499.0,1,2026-01-30,high,10.75,278.3925,active,2026-01-30,0
U000570,2025-09-25,2,regular,mobile,organic,113,PLN_STD,Standard,mid,499.0,1,2026-01-30,high,10.5,237.9675,active,2026-01-30,0
U000571,2025-12-29,3,regular,unknown,paid_social,18,PLN_STD,Standard,mid,499.0,1,2026-01-30,high,8.0,109.675,cancelled,2026-01-29,1
U000572,2025-08-17,2,regular,mobile,organic,152,PLN_BASIC,Basic,low,299.0,1,2026-01-30,high,10.75,170.7575,active,2026-01-30,0
U000573,2025-07-14,2,regular,web,organic,186,PLN_STD,Standard,mid,499.0,1,2026-01-30,high,10.25,0.0,cancelled,2025-09-15,1
U000574,2025-05-17,2,value,web,paid_social,244,PLN_STD,Standard,mid,499.0,1,2026-01-30,high,10.75,64.5425,active,2026-01-30,0
U000575,2025-05-06,2,value,mobile,search,255,PLN_BASIC,Basic,low,299.0,1,2026-01-30,high,10.75,82.2025,active,2026-01-30,0
U000576,2025-08-06,1,regular,mobile,search,163,PLN_STD,Standard,mid,499.0,1,2026-01-30,high,10.75,310.1375,active,2026-01-30,0
U000577,2025-12-23,2,value,web,search,24,PLN_BASIC,Basic,low,299.0,1,2026-01-30,high,9.5,62.355,active,2026-01-30,0
U000578,2025-09-13,2,regular,mobile,organic,125,PLN_STD,Standard,mid,499.0,1,2026-01-30,high,10.75,243.86,active,2026-01-30,0
U000579,2025-12-15,3,regular,mobile,organic,32,PLN_STD,Standard,mid,499.0,1,2026-01-30,high,10.75,219.4925,active,2026-01-30,0
U000580,2025-05-30,2,premium,mobile,paid_social,231,PLN_PREM,Premium,high,799.0,1,2026-01-30,high,10.75,203.435,active,2026-01-30,0
U000581,2025-05-28,2,value,web,paid_social,233,PLN_BASIC,Basic,low,299.0,1,2026-01-30,high,10.75,0.0,cancelled,2025-12-31,1
U000582,2025-11-30,3,premium,mobile,organic,47,PLN_PREM,Premium,high,799.0,1,2026-01-30,high,10.75,321.0125,active,2026-01-30,0
U000583,2025-05-31,2,value,web,search,230,PLN_BASIC,Basic,low,299.0,1,2026-01-30,high,10.75,84.775,active,2026-01-30,0
U000584,2025-05-18,1,regular,mobile,paid_social,243,PLN_BASIC,Basic,low,299.0,1,2026-01-30,high,10.75,0.0,cancelled,2025-06-21,1
U000585,2025-08-14,1,regular,web,paid_social,155,PLN_BASIC,Basic,low,299.0,1,2026-01-30,high,10.75,171.385,active,2026-01-30,0
U000586,2025-12-23,1,value,web,referral,24,PLN_BASIC,Basic,low,299.0,1,2026-01-30,high,9.5,59.8825,cancelled,2026-01-24,1
U000587,2025-10-25,1,value,web,search,83,PLN_BASIC,Basic,low,299.0,1,2026-01-30,high,10.75,90.455,active,2026-01-30,0
U000588,2025-05-29,2,value,mobile,search,232,PLN_BASIC,Basic,low,299.0,1,2026-01-30,high,10.75,0.0,expired,2025-11-30,1
U000589,2025-12-01,3,regular,mobile,search,46,PLN_STD,Standard,mid,499.0,1,2026-01-30,high,10.75,33.4375,expired,2026-01-07,1
U000590,2025-12-02,2,regular,mobile,organic,45,PLN_PREM,Premium,high,799.0,1,2026-01-30,high,10.75,191.305,active,2026-01-30,0
U000591,2025-11-21,1,value,mobile,organic,56,PLN_BASIC,Basic,low,299.0,1,2026-01-30,high,10.75,69.0125,active,2026-01-30,0
U000592,2025-12-17,2,value,mobile,organic,30,PLN_BASIC,Basic,low,299.0,1,2026-01-30,high,10.75,44.455,active,2026-01-30,0
U000593,2025-07-04,1,regular,mobile,referral,196,PLN_BASIC,Basic,low,299.0,1,2026-01-30,high,10.5,210.60999999999999,active,2026-01-30,0
U000594,2026-01-05,3,value,web,organic,11,PLN_BASIC,Basic,low,299.0,1,2026-01-30,high,6.5,30.0325,cancelled,2026-01-30,1
U000595,2025-07-24,1,regular,mobile,paid_social,176,PLN_STD,Standard,mid,499.0,1,2026-01-30,high,10.75,197.1175,active,2026-01-30,0
U000596,2025-11-22,2,premium,unknown,search,55,PLN_PREM,Premium,high,799.0,1,2026-01-30,high,10.75,344.5775,active,2026-01-30,0
U000597,2025-09-27,2,regular,web,search,111,PLN_PREM,Premium,high,799.0,1,2026-01-30,high,10.75,0.0,expired,2025-12-03,1
U000598,2025-11-16,2,premium,web,referral,61,PLN_PREM,Premium,high,799.0,1,2026-01-30,high,10.75,404.0125,active,2026-01-30,0
U000599,2025-10-09,2,regular,web,paid_social,99,PLN_STD,Standard,mid,499.0,1,2026-01-30,high,10.75,62.0,cancelled,2026-01-07,1
U000600,2025-10-13,3,regular,mobile,organic,95,PLN_BASIC,Basic,low,299.0,1,2026-01-30,high,10.5,178.505,active,2026-01-30,0
U000601,2025-10-06,1,value,mobile,paid_social,102,PLN_STD,Standard,mid,499.0,1,2026-01-30,high,10.75,115.495,active,2026-01-30,0
U000602,2025-11-16,3,value,web,search,61,PLN_STD,Standard,mid,499.0,1,2026-01-30,high,10.75,89.78,active,2026-01-30,0
U000603,2025-11-06,2,regular,mobile,search,71,PLN_BASIC,Basic,low,299.0,1,2026-01-30,high,10.75,205.57500000000002,active,2026-01-30,0
U000604,2025-06-07,3,value,web,paid_social,223,PLN_BASIC,Basic,low,299.0,1,2026-01-30,high,10.75,0.0,cancelled,2025-12-05,1
U000605,2025-11-28,3,premium,web,paid_social,49,PLN_PREM,Premium,high,799.0,1,2026-01-30,high,10.5,308.7025,active,2026-01-30,0
U000606,2025-09-16,3,regular,web,organic,122,PLN_STD,Standard,mid,499.0,1,2026-01-30,high,10.25,152.6925,active,2026-01-30,0
U000607,2025-07-25,1,premium,web,email,175,PLN_PREM,Premium,high,799.0,1,2026-01-30,high,10.75,302.4375,active,2026-01-30,0
U000608,2025-09-11,2,value,web,paid_social,127,PLN_BASIC,Basic,low,299.0,1,2026-01-30,high,10.75,124.345,active,2026-01-30,0
U000609,2026-01-02,2,regular,web,paid_social,14,PLN_STD,Standard,mid,499.0,1,2026-01-30,high,7.0,79.16250000000001,cancelled,2026-01-30,1
U000610,2025-12-06,2,regular,web,organic,41,PLN_STD,Standard,mid,499.0,1,2026-01-30,high,10.75,218.1475,active,2026-01-30,0
U000611,2025-11-30,2,value,web,organic,47,PLN_BASIC,Basic,low,299.0,1,2026-01-30,high,10.75,96.65,active,2026-01-30,0
U000612,2025-08-29,3,regular,mobile,search,140,PLN_STD,Standard,mid,499.0,1,2026-01-30,high,10.75,21.1325,cancelled,2026-01-02,1
U000613,2025-11-17,3,regular,web,paid_social,60,PLN_BASIC,Basic,low,299.0,1,2026-01-30,high,10.75,4.02,expired,2025-12-24,1
U000614,2025-08-09,2,premium,web,search,160,PLN_PREM,Premium,high,799.0,1,2026-01-30,high,10.25,258.4025,active,2026-01-30,0
U000615,2025-10-24,2,regular,web,paid_social,84,PLN_STD,Standard,mid,499.0,1,2026-01-30,high,10.75,29.545,cancelled,2025-12-30,1
U000616,2025-10-12,3,value,web,organic,96,PLN_STD,Standard,mid,499.0,1,2026-01-30,high,10.5,58.7275,cancelled,2026-01-16,1
U000617,2025-07-06,3,regular,web,paid_social,194,PLN_STD,Standard,mid,499.0,1,2026-01-30,high,10.75,0.0,expired,2025-11-08,1
U000618,2025-07-10,1,regular,web,referral,190,PLN_BASIC,Basic,low,299.0,1,2026-01-30,high,10.5,243.385,active,2026-01-30,0
U000619,2025-05-20,2,value,mobile,paid_social,241,PLN_BASIC,Basic,low,299.0,1,2026-01-30,high,10.75,45.2925,cancelled,2026-01-19,1
U000620,2025-06-09,3,regular,mobile,paid_social,221,PLN_STD,Standard,mid,499.0,1,2026-01-30,high,10.5,156.545,active,2026-01-30,0
U000621,2025-08-21,2,value,mobile,referral,148,PLN_BASIC,Basic,low,299.0,1,2026-01-30,high,10.5,100.6475,active,2026-01-30,0
U000622,2025-09-01,2,value,mobile,organic,137,PLN_BASIC,Basic,low,299.0,1,2026-01-30,high,10.75,0.0,cancelled,2025-12-01,1
U000623,2025-06-15,3,regular,web,paid_social,215,PLN_STD,Standard,mid,499.0,1,2026-01-30,high,10.75,214.105,active,2026-01-30,0
U000624,2025-08-17,3,value,web,email,152,PLN_STD,Standard,mid,499.0,1,2026-01-30,high,10.5,82.5825,active,2026-01-30,0
U000625,2025-10-03,3,regular,web,search,105,PLN_STD,Standard,mid,499.0,1,2026-01-30,high,10.75,166.18,active,2026-01-30,0
U000626,2025-07-02,3,value,web,organic,198,PLN_BASIC,Basic,low,299.0,1,2026-01-30,high,10.5,125.4025,active,2026-01-30,0
U000627,2025-07-28,2,regular,web,email,172,PLN_PREM,Premium,high,799.0,1,2026-01-30,high,10.75,0.0,cancelled,2025-09-01,1
U000628,2025-08-05,2,value,web,organic,164,PLN_BASIC,Basic,low,299.0,1,2026-01-30,high,10.75,0.0,cancelled,2025-09-10,1
U000629,2025-09-08,2,premium,mobile,organic,130,PLN_STD,Standard,mid,499.0,1,2026-01-30,high,10.75,353.485,active,2026-01-30,0
U000630,2025-08-04,2,value,web,organic,165,PLN_STD,Standard,mid,499.0,1,2026-01-30,high,10.75,0.0,cancelled,2025-10-06,1
U000631,2025-11-05,2,regular,web,search,72,PLN_BASIC,Basic,low,299.0,1,2026-01-30,high,10.75,175.5,active,2026-01-30,0
U000632,2025-07-26,2,value,mobile,search,174,PLN_BASIC,Basic,low,299.0,1,2026-01-30,high,10.75,77.95,cancelled,2026-01-22,1
U000633,2025-08-21,2,value,web,search,148,PLN_STD,Standard,mid,499.0,1,2026-01-30,high,10.5,0.0,cancelled,2025-09-20,1
U000634,2025-08-08,2,regular,mobile,email,161,PLN_BASIC,Basic,low,299.0,1,2026-01-30,high,10.5,0.0,expired,2025-12-08,1
U000635,2025-06-19,2,regular,mobile,search,211,PLN_BASIC,Basic,low,299.0,1,2026-01-30,high,10.75,153.04999999999998,active,2026-01-30,0
U000636,2025-10-24,2,premium,mobile,search,84,PLN_STD,Standard,mid,499.0,1,2026-01-30,high,10.25,268.9675,active,2026-01-30,0
U000637,2025-07-03,1,value,web,referral,197,PLN_BASIC,Basic,low,299.0,1,2026-01-30,high,10.5,68.495,active,2026-01-30,0
U000638,2025-07-18,1,value,web,referral,182,PLN_STD,Standard,mid,499.0,1,2026-01-30,high,10.5,126.555,active,2026-01-30,0
U000639,2025-11-19,3,regular,mobile,organic,58,PLN_STD,Standard,mid,499.0,1,2026-01-30,high,10.75,256.8246359520111,cancelled,2026-01-18,1
U000640,2025-12-29,2,regular,mobile,organic,18,PLN_STD,Standard,mid,499.0,1,2026-01-30,high,8.25,154.14499999999998,active,2026-01-30,0
U000641,2025-10-20,1,value,mobile,paid_social,88,PLN_STD,Standard,mid,499.0,1,2026-01-30,high,10.5,67.19500000000001,active,2026-01-30,0
U000642,2025-12-21,3,regular,web,referral,26,PLN_PREM,Premium,high,799.0,1,2026-01-30,high,10.25,157.0675,active,2026-01-30,0
U000643,2025-12-05,2,regular,web,search,42,PLN_STD,Standard,mid,499.0,1,2026-01-30,high,10.25,109.0225,active,2026-01-30,0
U000644,2025-09-02,1,regular,web,organic,136,PLN_STD,Standard,mid,499.0,1,2026-01-30,high,10.25,208.54749999999999,active,2026-01-30,0
U000645,2025-11-14,2,value,web,paid_social,63,PLN_BASIC,Basic,low,299.0,1,2026-01-30,high,10.5,69.3825,active,2026-01-30,0
U000646,2025-07-26,1,regular,web,paid_social,174,PLN_STD,Standard,mid,499.0,1,2026-01-30,high,10.75,170.7475,active,2026-01-30,0
U000647,2025-08-28,2,value,mobile,search,141,PLN_BASIC,Basic,low,299.0,1,2026-01-30,high,10.5,68.275,cancelled,2026-01-29,1
U000648,2025-09-16,2,regular,web,referral,122,PLN_STD,Standard,mid,499.0,1,2026-01-30,high,10.75,0.0,expired,2025-12-21,1
U000649,2026-01-01,1,value,mobile,referral,15,PLN_BASIC,Basic,low,299.0,1,2026-01-30,high,7.5,84.2175,active,2026-01-30,0
U000650,2025-12-03,1,regular,mobile,paid_social,44,PLN_STD,Standard,mid,499.0,1,2026-01-30,high,10.5,152.755,active,2026-01-30,0
U000651,2025-09-04,2,regular,web,paid_social,134,PLN_BASIC,Basic,low,299.0,1,2026-01-30,high,10.5,178.42000000000002,active,2026-01-30,0
U000652,2025-10-15,1,regular,web,paid_social,93,PLN_BASIC,Basic,low,299.0,1,2026-01-30,high,10.75,0.0,cancelled,2025-12-14,1
U000653,2025-06-24,3,value,mobile,search,206,PLN_STD,Standard,mid,499.0,1,2026-01-30,high,10.75,0.0,expired,2025-08-23,1
U000654,2025-11-22,1,value,web,search,55,PLN_STD,Standard,mid,499.0,1,2026-01-30,high,10.75,145.3775,active,2026-01-30,0
U000655,2025-09-20,2,regular,web,paid_social,118,PLN_BASIC,Basic,low,299.0,1,2026-01-30,high,10.5,235.195,active,2026-01-30,0
U000656,2025-09-15,2,regular,mobile,paid_social,123,PLN_BASIC,Basic,low,299.0,1,2026-01-30,high,10.75,185.0325,active,2026-01-30,0
U000657,2025-11-13,2,premium,mobile,search,64,PLN_PREM,Premium,high,799.0,1,2026-01-30,high,10.75,0.0,cancelled,2025-12-16,1
U000658,2025-10-10,1,value,mobile,organic,98,PLN_BASIC,Basic,low,299.0,1,2026-01-30,high,10.75,73.7175,active,2026-01-30,0
U000659,2025-05-23,3,premium,mobile,paid_social,238,PLN_STD,Standard,mid,499.0,1,2026-01-30,high,10.75,210.71,active,2026-01-30,0
U000660,2025-07-16,3,value,web,paid_social,184,PLN_BASIC,Basic,low,299.0,1,2026-01-30,high,10.5,72.4825,active,2026-01-30,0
U000661,2025-06-18,1,value,mobile,search,212,PLN_BASIC,Basic,low,299.0,1,2026-01-30,high,10.75,76.075,active,2026-01-30,0
U000662,2025-11-05,1,value,mobile,search,72,PLN_BASIC,Basic,low,299.0,1,2026-01-30,high,10.25,31.655,cancelled,2026-01-11,1
U000663,2025-05-13,3,regular,mobile,organic,248,PLN_BASIC,Basic,low,299.0,1,2026-01-30,high,10.75,216.0675,active,2026-01-30,0
U000664,2025-06-24,2,value,mobile,email,206,PLN_STD,Standard,mid,499.0,1,2026-01-30,high,10.75,69.125,active,2026-01-30,0
U000665,2025-10-01,1,value,mobile,referral,107,PLN_BASIC,Basic,low,299.0,1,2026-01-30,high,10.75,120.69749999999999,active,2026-01-30,0
U000666,2025-10-26,1,regular,mobile,search,82,PLN_BASIC,Basic,low,299.0,1,2026-01-30,high,10.5,238.85,active,2026-01-30,0
U000667,2025-09-08,2,regular,web,search,130,PLN_BASIC,Basic,low,299.0,1,2026-01-30,high,10.5,153.3625,active,2026-01-30,0
U000668,2025-12-07,2,value,mobile,paid_social,40,PLN_BASIC,Basic,low,299.0,1,2026-01-30,high,10.5,120.4425,active,2026-01-30,0
U000669,2025-12-21,2,value,web,search,26,PLN_BASIC,Basic,low,299.0,1,2026-01-30,high,10.25,49.582499999999996,active,2026-01-30,0
U000670,2025-06-07,3,regular,mobile,email,223,PLN_STD,Standard,mid,499.0,1,2026-01-30,high,10.75,200.9075,active,2026-01-30,0
U000671,2025-12-30,2,value,mobile,organic,17,PLN_BASIC,Basic,low,299.0,1,2026-01-30,high,8.0,28.28,cancelled,2026-01-30,1
U000672,2025-10-06,2,value,mobile,organic,102,PLN_BASIC,Basic,low,299.0,1,2026-01-30,high,10.75,50.3975,active,2026-01-30,0
U000673,2025-10-11,2,regular,unknown,search,97,PLN_STD,Standard,mid,499.0,1,2026-01-30,high,10.5,228.2525,active,2026-01-30,0
U000674,2025-05-28,2,value,web,organic,233,PLN_STD,Standard,mid,499.0,1,2026-01-30,high,10.75,94.105,active,2026-01-30,0
U000675,2025-10-08,1,regular,web,paid_social,100,PLN_STD,Standard,mid,499.0,1,2026-01-30,high,10.75,162.335,active,2026-01-30,0
U000676,2025-11-03,1,value,web,referral,74,PLN_BASIC,Basic,low,299.0,1,2026-01-30,high,10.75,7.7875,cancelled,2026-01-03,1
U000677,2025-09-27,2,value,web,organic,111,PLN_BASIC,Basic,low,299.0,1,2026-01-30,high,10.5,97.1225,active,2026-01-30,0
U000678,2025-05-26,2,value,mobile,search,235,PLN_BASIC,Basic,low,299.0,1,2026-01-30,high,10.75,10.455,cancelled,2025-12-22,1
U000679,2025-09-13,1,value,web,paid_social,125,PLN_STD,Standard,mid,499.0,1,2026-01-30,high,10.75,0.0,cancelled,2025-10-17,1
U000680,2025-12-25,2,value,mobile,referral,22,PLN_STD,Standard,mid,499.0,1,2026-01-30,high,9.25,81.375,active,2026-01-30,0
U000681,2025-11-02,2,value,web,search,75,PLN_BASIC,Basic,low,299.0,1,2026-01-30,high,10.75,3.0025,cancelled,2026-01-01,1
U000682,2025-06-08,2,premium,mobile,organic,222,PLN_STD,Standard,mid,499.0,1,2026-01-30,high,10.5,299.1325,active,2026-01-30,0
U000683,2025-12-31,3,regular,mobile,paid_social,16,PLN_STD,Standard,mid,499.0,1,2026-01-30,high,7.5,165.1625,active,2026-01-30,0
U000684,2025-12-31,3,value,mobile,search,16,PLN_BASIC,Basic,low,299.0,1,2026-01-30,high,7.75,59.870000000000005,expired,2026-01-30,1
U000685,2025-06-16,2,regular,mobile,paid_social,214,PLN_STD,Standard,mid,499.0,1,2026-01-30,high,10.5,0.0,cancelled,2025-07-17,1
U000686,2025-11-22,1,regular,mobile,search,55,PLN_BASIC,Basic,low,299.0,1,2026-01-30,high,10.5,97.2475,expired,2026-01-21,1
U000687,2025-08-15,2,regular,mobile,organic,154,PLN_STD,Standard,mid,499.0,1,2026-01-30,high,10.75,187.265,active,2026-01-30,0
U000688,2025-10-01,2,value,mobile,paid_social,107,PLN_BASIC,Basic,low,299.0,1,2026-01-30,high,10.75,92.3025,active,2026-01-30,0
U000689,2025-08-24,1,value,web,search,145,PLN_BASIC,Basic,low,299.0,1,2026-01-30,high,10.5,37.39,active,2026-01-30,0
U000690,2025-11-17,1,value,web,organic,60,PLN_STD,Standard,mid,499.0,1,2026-01-30,high,10.75,44.355,cancelled,2026-01-17,1
U000691,2026-01-10,1,value,mobile,search,6,PLN_BASIC,Basic,low,299.0,1,2026-01-30,high,5.25,44.412499999999994,cancelled,2026-01-30,1
U000692,2025-11-20,2,value,web,email,57,PLN_STD,Standard,mid,499.0,1,2026-01-30,high,10.75,98.495,active,2026-01-30,0
U000693,2025-12-24,2,premium,web,paid_social,23,PLN_STD,Standard,mid,499.0,1,2026-01-30,high,9.5,259.2625,active,2026-01-30,0
U000694,2025-12-28,1,premium,mobile,organic,19,PLN_PREM,Premium,high,799.0,1,2026-01-30,high,8.5,210.8525,active,2026-01-30,0
U000695,2025-05-27,3,value,web,paid_social,234,PLN_BASIC,Basic,low,299.0,1,2026-01-30,high,10.75,0.0,cancelled,2025-10-31,1
U000696,2025-07-07,3,regular,mobile,organic,193,PLN_PREM,Premium,high,799.0,1,2026-01-30,high,10.5,82.10249999999999,expired,2026-01-10,1
U000697,2025-11-02,1,regular,mobile,search,75,PLN_PREM,Premium,high,799.0,1,2026-01-30,high,10.75,208.1525,active,2026-01-30,0
U000698,2025-09-30,3,regular,mobile,search,108,PLN_STD,Standard,mid,499.0,1,2026-01-30,high,10.75,0.0,cancelled,2025-11-04,1
U000699,2025-05-17,1,regular,mobile,organic,244,PLN_BASIC,Basic,low,299.0,1,2026-01-30,high,10.5,185.555,active,2026-01-30,0
U000700,2025-05-28,3,value,mobile,search,233,PLN_BASIC,Basic,low,299.0,1,2026-01-30,high,10.75,82.4225,active,2026-01-30,0
U000701,2025-09-12,3,regular,mobile,email,126,PLN_PREM,Premium,high,799.0,1,2026-01-30,high,10.75,203.3375,active,2026-01-30,0
U000702,2025-10-06,1,premium,mobile,organic,102,PLN_STD,Standard,mid,499.0,1,2026-01-30,high,10.5,430.7652201009757,active,2026-01-30,0
U000703,2025-06-16,3,regular,web,referral,214,PLN_BASIC,Basic,low,299.0,1,2026-01-30,high,10.5,190.845,active,2026-01-30,0
U000704,2025-06-16,3,regular,mobile,paid_social,214,PLN_STD,Standard,mid,499.0,1,2026-01-30,high,10.5,0.0,cancelled,2025-08-22,1
U000705,2025-06-06,3,regular,mobile,search,224,PLN_STD,Standard,mid,499.0,1,2026-01-30,high,10.75,0.0,cancelled,2025-07-08,1
U000706,2025-09-23,3,value,web,organic,115,PLN_BASIC,Basic,low,299.0,1,2026-01-30,high,10.75,0.0,expired,2025-10-26,1
U000707,2025-05-06,2,value,web,organic,255,PLN_BASIC,Basic,low,299.0,1,2026-01-30,high,10.75,0.0,cancelled,2025-11-03,1
U000708,2025-09-25,1,regular,mobile,organic,113,PLN_PREM,Premium,high,799.0,1,2026-01-30,high,10.75,176.0575,active,2026-01-30,0
U000709,2025-09-01,3,value,web,paid_social,137,PLN_BASIC,Basic,low,299.0,1,2026-01-30,high,10.5,49.1375,active,2026-01-30,0
U000710,2025-08-29,2,regular,mobile,email,140,PLN_STD,Standard,mid,499.0,1,2026-01-30,high,10.75,152.085,active,2026-01-30,0
U000711,2025-10-22,2,regular,web,referral,86,PLN_STD,Standard,mid,499.0,1,2026-01-30,high,10.75,187.75,active,2026-01-30,0
U000712,2025-09-13,2,regular,web,organic,125,PLN_PREM,Premium,high,799.0,1,2026-01-30,high,10.75,195.8425,active,2026-01-30,0
U000713,2025-11-03,2,value,mobile,organic,74,PLN_BASIC,Basic,low,299.0,1,2026-01-30,high,10.75,99.36,active,2026-01-30,0
U000714,2025-11-12,1,premium,web,organic,65,PLN_PREM,Premium,high,799.0,1,2026-01-30,high,10.75,286.46750000000003,active,2026-01-30,0
U000715,2025-12-21,2,value,web,email,26,PLN_BASIC,Basic,low,299.0,1,2026-01-30,high,10.25,84.2225,active,2026-01-30,0
U000716,2025-11-21,1,value,mobile,organic,56,PLN_BASIC,Basic,low,299.0,1,2026-01-30,high,10.5,28.340000000000003,cancelled,2025-12-27,1
U000717,2025-09-11,2,value,web,organic,127,PLN_STD,Standard,mid,499.0,1,2026-01-30,high,10.5,107.92,active,2026-01-30,0
U000718,2025-09-05,3,regular,web,paid_social,133,PLN_STD,Standard,mid,499.0,1,2026-01-30,high,10.5,138.0775,active,2026-01-30,0
U000719,2025-07-03,2,premium,mobile,search,197,PLN_STD,Standard,mid,499.0,1,2026-01-30,high,10.25,268.29,expired,2026-01-29,1
U000720,2025-10-02,2,value,mobile,organic,106,PLN_BASIC,Basic,low,299.0,1,2026-01-30,high,10.5,91.5475,active,2026-01-30,0
U000721,2025-06-08,2,premium,mobile,paid_social,222,PLN_PREM,Premium,high,799.0,1,2026-01-30,high,10.75,366.2575,active,2026-01-30,0
U000722,2025-12-24,3,value,web,organic,23,PLN_BASIC,Basic,low,299.0,1,2026-01-30,high,9.5,78.8725,expired,2026-01-29,1
U000723,2025-12-03,2,regular,web,organic,44,PLN_STD,Standard,mid,499.0,1,2026-01-30,high,10.75,176.3925,active,2026-01-30,0
U000724,2025-06-04,2,value,mobile,organic,226,PLN_BASIC,Basic,low,299.0,1,2026-01-30,high,10.5,85.6625,active,2026-01-30,0
U000725,2025-11-18,1,regular,mobile,search,59,PLN_BASIC,Basic,low,299.0,1,2026-01-30,high,10.5,185.55,active,2026-01-30,0
U000726,2025-06-03,1,regular,web,email,227,PLN_BASIC,Basic,low,299.0,1,2026-01-30,high,10.5,194.39000000000001,active,2026-01-30,0
U000727,2025-11-02,2,regular,mobile,search,75,PLN_BASIC,Basic,low,299.0,1,2026-01-30,high,10.25,178.20250000000001,active,2026-01-30,0
U000728,2025-05-27,3,value,web,paid_social,234,PLN_BASIC,Basic,low,299.0,1,2026-01-30,high,10.75,0.0,cancelled,2025-11-29,1
U000729,2025-09-04,2,regular,mobile,organic,134,PLN_STD,Standard,mid,499.0,1,2026-01-30,high,10.75,249.53606554272176,active,2026-01-30,0
U000730,2025-10-17,1,premium,mobile,paid_social,91,PLN_PREM,Premium,high,799.0,1,2026-01-30,high,10.5,336.7,active,2026-01-30,0
U000731,2025-11-03,3,regular,mobile,email,74,PLN_BASIC,Basic,low,299.0,1,2026-01-30,high,10.75,55.8825,cancelled,2026-01-08,1
U000732,2025-08-18,2,regular,mobile,search,151,PLN_STD,Standard,mid,499.0,1,2026-01-30,high,10.5,178.255,active,2026-01-30,0
U000733,2025-12-22,3,regular,web,email,25,PLN_BASIC,Basic,low,299.0,1,2026-01-30,high,10.0,251.6925,active,2026-01-30,0
U000734,2025-11-15,1,value,mobile,paid_social,62,PLN_STD,Standard,mid,499.0,1,2026-01-30,high,10.5,97.8475,active,2026-01-30,0
U000735,2025-06-26,2,premium,web,paid_social,204,PLN_PREM,Premium,high,799.0,1,2026-01-30,high,10.75,334.2825,active,2026-01-30,0
U000736,2025-10-20,3,value,mobile,organic,88,PLN_BASIC,Basic,low,299.0,1,2026-01-30,high,10.75,13.485,cancelled,2025-12-24,1
U000737,2025-11-04,2,regular,mobile,paid_social,73,PLN_STD,Standard,mid,499.0,1,2026-01-30,high,10.5,209.85999999999999,active,2026-01-30,0
U000738,2025-07-27,2,value,web,search,173,PLN_BASIC,Basic,low,299.0,1,2026-01-30,high,10.5,0.0,cancelled,2025-11-29,1
U000739,2025-11-06,3,value,web,email,71,PLN_BASIC,Basic,low,299.0,1,2026-01-30,high,10.5,58.23,active,2026-01-30,0
U000740,2025-12-16,1,regular,web,email,31,PLN_BASIC,Basic,low,299.0,1,2026-01-30,high,10.75,174.485,active,2026-01-30,0
U000741,2025-11-26,1,regular,web,search,51,PLN_STD,Standard,mid,499.0,1,2026-01-30,high,10.75,195.76999999999998,active,2026-01-30,0
U000742,2025-11-12,2,premium,web,email,65,PLN_PREM,Premium,high,799.0,1,2026-01-30,high,10.5,322.57,active,2026-01-30,0
U000743,2025-10-11,2,premium,mobile,referral,97,PLN_STD,Standard,mid,499.0,1,2026-01-30,high,10.75,0.0,cancelled,2025-11-11,1
U000744,2025-07-11,1,value,web,paid_social,189,PLN_BASIC,Basic,low,299.0,1,2026-01-30,high,10.75,70.5775,active,2026-01-30,0
U000745,2025-11-20,2,value,mobile,organic,57,PLN_BASIC,Basic,low,299.0,1,2026-01-30,high,10.5,46.745,expired,2026-01-25,1
U000746,2025-08-04,3,value,mobile,organic,165,PLN_BASIC,Basic,low,299.0,1,2026-01-30,high,10.75,131.2575,active,2026-01-30,0
U000747,2025-09-15,2,regular,mobile,organic,123,PLN_STD,Standard,mid,499.0,1,2026-01-30,high,10.75,98.7725,cancelled,2026-01-13,1
U000748,2025-07-22,2,regular,web,organic,178,PLN_STD,Standard,mid,499.0,1,2026-01-30,high,10.75,206.1375,active,2026-01-30,0
U000749,2025-07-22,3,premium,mobile,email,178,PLN_PREM,Premium,high,799.0,1,2026-01-30,high,10.75,261.5625,active,2026-01-30,0
U000750,2025-06-13,2,regular,mobile,organic,217,PLN_PREM,Premium,high,799.0,1,2026-01-30,high,10.25,0.0,cancelled,2025-12-17,1
U000751,2026-01-01,3,value,mobile,paid_social,15,PLN_BASIC,Basic,low,299.0,1,2026-01-30,high,7.5,56.6825,active,2026-01-30,0
U000752,2025-06-11,2,regular,mobile,paid_social,219,PLN_PREM,Premium,high,799.0,1,2026-01-30,high,10.5,179.62,active,2026-01-30,0
U000753,2025-05-26,3,regular,mobile,paid_social,235,PLN_BASIC,Basic,low,299.0,1,2026-01-30,high,10.5,0.0,expired,2025-08-26,1
U000754,2025-12-25,2,regular,web,organic,22,PLN_BASIC,Basic,low,299.0,1,2026-01-30,high,9.25,168.79,active,2026-01-30,0
U000755,2025-09-21,1,value,mobile,search,117,PLN_BASIC,Basic,low,299.0,1,2026-01-30,high,10.75,91.06,active,2026-01-30,0
U000756,2025-08-22,3,regular,web,paid_social,147,PLN_PREM,Premium,high,799.0,1,2026-01-30,high,10.5,187.48250000000002,active,2026-01-30,0
U000757,2025-11-06,2,regular,mobile,search,71,PLN_BASIC,Basic,low,299.0,1,2026-01-30,high,10.5,0.0,cancelled,2025-12-12,1
U000758,2025-08-09,1,value,web,organic,160,PLN_BASIC,Basic,low,299.0,1,2026-01-30,high,10.25,71.745,active,2026-01-30,0
U000759,2025-06-06,1,regular,web,paid_social,224,PLN_BASIC,Basic,low,299.0,1,2026-01-30,high,10.75,419.34013594400756,active,2026-01-30,0
U000760,2025-11-04,2,value,web,organic,73,PLN_STD,Standard,mid,499.0,1,2026-01-30,high,10.5,0.0,expired,2025-12-04,1
U000761,2025-06-18,1,regular,web,paid_social,212,PLN_STD,Standard,mid,499.0,1,2026-01-30,high,10.5,219.23250000000002,active,2026-01-30,0
U000762,2025-09-20,2,regular,mobile,search,118,PLN_STD,Standard,mid,499.0,1,2026-01-30,high,10.75,229.4725,active,2026-01-30,0
U000763,2025-12-29,1,premium,web,organic,18,PLN_PREM,Premium,high,799.0,1,2026-01-30,high,8.0,228.5775,active,2026-01-30,0
U000764,2025-12-25,2,value,mobile,referral,22,PLN_BASIC,Basic,low,299.0,1,2026-01-30,high,9.0,69.915,active,2026-01-30,0
U000765,2025-08-03,2,value,web,organic,166,PLN_BASIC,Basic,low,299.0,1,2026-01-30,high,10.75,70.5225,active,2026-01-30,0
U000766,2025-11-16,2,value,mobile,email,61,PLN_BASIC,Basic,low,299.0,1,2026-01-30,high,10.75,135.8175,active,2026-01-30,0
U000767,2025-10-05,2,regular,web,referral,103,PLN_STD,Standard,mid,499.0,1,2026-01-30,high,10.5,0.0,cancelled,2025-12-05,1
U000768,2025-09-02,1,value,web,search,136,PLN_BASIC,Basic,low,299.0,1,2026-01-30,high,10.75,99.5825,active,2026-01-30,0
U000769,2025-06-09,2,regular,web,organic,221,PLN_STD,Standard,mid,499.0,1,2026-01-30,high,10.75,154.5925,active,2026-01-30,0
U000770,2025-08-07,2,value,mobile,organic,162,PLN_BASIC,Basic,low,299.0,1,2026-01-30,high,10.75,66.715,active,2026-01-30,0
U000771,2025-10-15,2,value,mobile,email,93,PLN_BASIC,Basic,low,299.0,1,2026-01-30,high,10.75,80.83,active,2026-01-30,0
U000772,2026-01-07,1,regular,mobile,paid_social,9,PLN_BASIC,Basic,low,299.0,1,2026-01-30,high,6.0,85.62,cancelled,2026-01-30,1
U000773,2025-05-06,1,regular,web,organic,255,PLN_PREM,Premium,high,799.0,1,2026-01-30,high,10.75,169.6825,active,2026-01-30,0
U000774,2025-11-01,1,premium,web,search,76,PLN_STD,Standard,mid,499.0,1,2026-01-30,high,10.75,363.925,active,2026-01-30,0
U000775,2025-12-03,2,regular,web,organic,44,PLN_STD,Standard,mid,499.0,1,2026-01-30,high,10.75,145.24,active,2026-01-30,0
U000776,2025-12-29,2,regular,web,search,18,PLN_PREM,Premium,high,799.0,1,2026-01-30,high,8.0,143.44,expired,2026-01-29,1
U000777,2025-08-19,3,regular,mobile,search,150,PLN_BASIC,Basic,low,299.0,1,2026-01-30,high,10.75,205.9,active,2026-01-30,0
U000778,2025-06-03,2,regular,web,organic,227,PLN_STD,Standard,mid,499.0,1,2026-01-30,high,10.75,151.6525,active,2026-01-30,0
U000779,2025-07-12,2,value,mobile,referral,188,PLN_STD,Standard,mid,499.0,1,2026-01-30,high,10.5,0.0,expired,2025-09-14,1
U000780,2025-12-04,2,regular,mobile,organic,43,PLN_BASIC,Basic,low,299.0,1,2026-01-30,high,10.5,182.87,active,2026-01-30,0
U000781,2025-12-11,1,regular,web,search,36,PLN_STD,Standard,mid,499.0,1,2026-01-30,high,10.75,172.79749999999999,active,2026-01-30,0
U000782,2025-10-11,2,value,web,paid_social,97,PLN_STD,Standard,mid,499.0,1,2026-01-30,high,10.5,0.0,cancelled,2025-12-11,1
U000783,2025-06-04,2,regular,web,email,226,PLN_BASIC,Basic,low,299.0,1,2026-01-30,high,10.75,247.07999999999998,active,2026-01-30,0
U000784,2025-06-04,2,regular,web,search,226,PLN_BASIC,Basic,low,299.0,1,2026-01-30,high,10.75,0.0,cancelled,2025-09-04,1
U000785,2025-09-02,1,regular,web,email,136,PLN_BASIC,Basic,low,299.0,1,2026-01-30,high,10.5,187.26250000000002,active,2026-01-30,0
U000786,2025-09-29,3,value,mobile,search,109,PLN_BASIC,Basic,low,299.0,1,2026-01-30,high,10.75,58.2725,active,2026-01-30,0
U000787,2025-05-13,3,regular,web,referral,248,PLN_BASIC,Basic,low,299.0,1,2026-01-30,high,10.5,200.9825,active,2026-01-30,0
U000788,2025-10-24,1,premium,mobile,organic,84,PLN_STD,Standard,mid,499.0,1,2026-01-30,high,10.75,254.9925,active,2026-01-30,0
U000789,2025-09-18,2,value,mobile,paid_social,120,PLN_BASIC,Basic,low,299.0,1,2026-01-30,high,10.5,0.0,expired,2025-11-23,1
U000790,2025-05-08,3,value,mobile,organic,253,PLN_BASIC,Basic,low,299.0,1,2026-01-30,high,10.75,0.0,cancelled,2025-10-12,1
U000791,2025-05-29,2,value,mobile,email,232,PLN_STD,Standard,mid,499.0,1,2026-01-30,high,10.75,113.7025,active,2026-01-30,0
U000792,2025-08-27,3,value,web,email,142,PLN_STD,Standard,mid,499.0,1,2026-01-30,high,10.75,104.81,active,2026-01-30,0
U000793,2025-11-02,2,premium,web,search,75,PLN_PREM,Premium,high,799.0,1,2026-01-30,high,10.75,303.8975,active,2026-01-30,0
U000794,2025-11-28,3,regular,web,search,49,PLN_STD,Standard,mid,499.0,1,2026-01-30,high,10.5,192.595,active,2026-01-30,0
U000795,2025-08-21,3,value,mobile,paid_social,148,PLN_BASIC,Basic,low,299.0,1,2026-01-30,high,10.75,0.0,expired,2025-10-27,1
U000796,2025-07-18,1,value,mobile,organic,182,PLN_BASIC,Basic,low,299.0,1,2026-01-30,high,10.75,100.8125,active,2026-01-30,0
U000797,2026-01-03,2,premium,web,paid_social,13,PLN_PREM,Premium,high,799.0,1,2026-01-30,high,7.0,261.1275,active,2026-01-30,0
U000798,2025-08-28,2,value,web,paid_social,141,PLN_BASIC,Basic,low,299.0,1,2026-01-30,high,10.75,0.0,cancelled,2025-10-27,1
U000799,2025-07-23,1,regular,web,search,177,PLN_BASIC,Basic,low,299.0,1,2026-01-30,high,10.5,193.6425,active,2026-01-30,0
U000800,2025-08-24,2,value,web,organic,145,PLN_BASIC,Basic,low,299.0,1,2026-01-30,high,10.75,77.345,cancelled,2026-01-25,1
U000801,2025-05-08,3,value,mobile,email,253,PLN_BASIC,Basic,low,299.0,1,2026-01-30,high,10.75,0.0,cancelled,2025-07-11,1
U000802,2025-07-19,1,regular,web,organic,181,PLN_BASIC,Basic,low,299.0,1,2026-01-30,high,10.5,135.9975,active,2026-01-30,0
U000803,2025-09-11,2,value,web,paid_social,127,PLN_BASIC,Basic,low,299.0,1,2026-01-30,high,10.5,21.759999999999998,cancelled,2026-01-09,1
U000804,2025-12-21,3,regular,web,organic,26,PLN_BASIC,Basic,low,299.0,1,2026-01-30,high,9.75,211.7025,active,2026-01-30,0
U000805,2025-11-06,2,value,web,organic,71,PLN_BASIC,Basic,low,299.0,1,2026-01-30,high,10.5,34.1125,active,2026-01-30,0
U000806,2025-11-17,2,regular,web,organic,60,PLN_BASIC,Basic,low,299.0,1,2026-01-30,high,10.75,163.985,expired,2026-01-19,1
U000807,2025-09-18,3,regular,mobile,search,120,PLN_STD,Standard,mid,499.0,1,2026-01-30,high,10.0,215.4475,active,2026-01-30,0
U000808,2025-06-01,2,regular,web,paid_social,229,PLN_BASIC,Basic,low,299.0,1,2026-01-30,high,10.75,191.735,active,2026-01-30,0
U000809,2025-08-11,1,value,mobile,search,158,PLN_BASIC,Basic,low,299.0,1,2026-01-30,high,10.75,0.0,cancelled,2025-12-14,1
U000810,2026-01-10,1,regular,web,paid_social,6,PLN_STD,Standard,mid,499.0,1,2026-01-30,high,5.25,85.44,active,2026-01-30,0
U000811,2025-05-16,3,premium,web,paid_social,245,PLN_PREM,Premium,high,799.0,1,2026-01-30,high,10.5,262.4525,active,2026-01-30,0
U000812,2025-12-11,2,value,web,organic,36,PLN_BASIC,Basic,low,299.0,1,2026-01-30,high,10.5,51.0825,active,2026-01-30,0
U000813,2025-10-23,2,value,web,organic,85,PLN_BASIC,Basic,low,299.0,1,2026-01-30,high,10.5,78.9525,active,2026-01-30,0
U000814,2025-07-15,1,regular,web,paid_social,185,PLN_STD,Standard,mid,499.0,1,2026-01-30,high,10.5,171.32,active,2026-01-30,0
U000815,2025-11-16,2,value,unknown,paid_social,61,PLN_STD,Standard,mid,499.0,1,2026-01-30,high,10.25,57.6475,active,2026-01-30,0
U000816,2025-12-01,3,regular,mobile,search,46,PLN_STD,Standard,mid,499.0,1,2026-01-30,high,10.5,188.335,active,2026-01-30,0
U000817,2025-05-15,2,regular,mobile,organic,246,PLN_STD,Standard,mid,499.0,1,2026-01-30,high,10.5,145.8575,active,2026-01-30,0
U000818,2025-05-31,3,value,mobile,referral,230,PLN_BASIC,Basic,low,299.0,1,2026-01-30,high,10.75,98.8575,active,2026-01-30,0
U000819,2025-10-19,2,regular,web,organic,89,PLN_PREM,Premium,high,799.0,1,2026-01-30,high,10.75,144.42249999999999,active,2026-01-30,0
U000820,2026-01-10,2,regular,mobile,paid_social,6,PLN_STD,Standard,mid,499.0,1,2026-01-30,mid,5.0,64.825,active,2026-01-30,0
U000821,2025-05-11,3,value,mobile,organic,250,PLN_BASIC,Basic,low,299.0,1,2026-01-30,high,10.25,76.56,active,2026-01-30,0
U000822,2025-10-19,2,premium,web,paid_social,89,PLN_PREM,Premium,high,799.0,1,2026-01-30,high,10.75,251.35998486149452,active,2026-01-30,0
U000823,2025-06-08,2,value,web,search,222,PLN_STD,Standard,mid,499.0,1,2026-01-30,high,10.75,114.85,active,2026-01-30,0
U000824,2025-10-15,3,value,web,paid_social,93,PLN_BASIC,Basic,low,299.0,1,2026-01-30,high,10.5,85.01,active,2026-01-30,0
U000825,2025-10-08,2,regular,mobile,organic,100,PLN_STD,Standard,mid,499.0,1,2026-01-30,high,10.75,179.6825,active,2026-01-30,0
U000826,2025-05-27,2,value,web,search,234,PLN_BASIC,Basic,low,299.0,1,2026-01-30,high,10.5,130.6775,active,2026-01-30,0
U000827,2025-10-22,3,regular,web,organic,86,PLN_STD,Standard,mid,499.0,1,2026-01-30,high,10.75,177.70250000000001,active,2026-01-30,0
U000828,2025-12-16,1,value,mobile,paid_social,31,PLN_BASIC,Basic,low,299.0,1,2026-01-30,high,10.25,69.9975,active,2026-01-30,0
U000829,2025-12-07,2,regular,web,organic,40,PLN_PREM,Premium,high,799.0,1,2026-01-29,high,10.25,154.39249999999998,active,2026-01-30,0
U000830,2025-05-12,1,value,mobile,organic,249,PLN_BASIC,Basic,low,299.0,1,2026-01-30,high,10.75,108.6575,active,2026-01-30,0
U000831,2025-07-05,2,regular,mobile,paid_social,195,PLN_STD,Standard,mid,499.0,1,2026-01-30,high,10.75,195.695,active,2026-01-30,0
U000832,2025-07-04,1,regular,mobile,organic,196,PLN_STD,Standard,mid,499.0,1,2026-01-30,high,10.75,212.4525,active,2026-01-30,0
U000833,2025-08-26,2,regular,mobile,organic,143,PLN_STD,Standard,mid,499.0,1,2026-01-30,high,10.75,160.2675,active,2026-01-30,0
U000834,2025-06-09,1,premium,web,referral,221,PLN_PREM,Premium,high,799.0,1,2026-01-30,high,10.75,404.4525,active,2026-01-30,0
U000835,2025-12-05,2,regular,mobile,referral,42,PLN_STD,Standard,mid,499.0,1,2026-01-30,high,10.75,184.63,active,2026-01-30,0
U000836,2025-11-15,2,regular,mobile,referral,62,PLN_BASIC,Basic,low,299.0,1,2026-01-30,high,10.5,173.22,active,2026-01-30,0
U000837,2025-11-23,2,regular,mobile,organic,54,PLN_STD,Standard,mid,499.0,1,2026-01-30,high,10.5,156.6375,active,2026-01-30,0
U000838,2025-06-23,2,premium,web,search,207,PLN_STD,Standard,mid,499.0,1,2026-01-30,high,10.75,362.75,active,2026-01-30,0
U000839,2025-05-08,2,regular,web,paid_social,253,PLN_STD,Standard,mid,499.0,1,2026-01-30,high,10.75,0.0,cancelled,2025-12-09,1
U000840,2025-12-19,2,premium,web,organic,28,PLN_PREM,Premium,high,799.0,1,2026-01-30,high,10.25,360.765,active,2026-01-30,0
U000841,2025-07-16,2,value,web,paid_social,184,PLN_BASIC,Basic,low,299.0,1,2026-01-30,high,10.75,86.655,active,2026-01-30,0
U000842,2025-10-16,3,regular,mobile,organic,92,PLN_STD,Standard,mid,499.0,1,2026-01-30,high,10.25,0.0,cancelled,2025-11-18,1
U000843,2025-12-19,2,regular,mobile,email,28,PLN_PREM,Premium,high,799.0,1,2026-01-30,high,10.75,129.4075,expired,2026-01-22,1
U000844,2025-05-14,1,value,mobile,paid_social,247,PLN_BASIC,Basic,low,299.0,1,2026-01-30,high,10.75,113.705,active,2026-01-30,0
U000845,2025-05-06,3,value,mobile,search,255,PLN_STD,Standard,mid,499.0,1,2026-01-30,high,10.5,61.6725,active,2026-01-30,0
U000846,2025-05-06,2,premium,web,search,255,PLN_PREM,Premium,high,799.0,1,2026-01-30,high,10.75,208.6775,active,2026-01-30,0
U000847,2025-06-13,1,regular,web,organic,217,PLN_PREM,Premium,high,799.0,1,2026-01-30,high,10.25,255.54,active,2026-01-30,0
U000848,2025-05-17,2,value,web,search,244,PLN_BASIC,Basic,low,299.0,1,2026-01-30,high,10.75,0.0,cancelled,2025-12-13,1
U000849,2025-11-26,1,value,web,paid_social,51,PLN_BASIC,Basic,low,299.0,1,2026-01-30,high,10.0,103.1975,active,2026-01-30,0
U000850,2025-10-04,1,regular,web,search,104,PLN_BASIC,Basic,low,299.0,1,2026-01-30,high,10.75,0.0,cancelled,2025-11-10,1
U000851,2026-01-05,2,regular,web,search,11,PLN_STD,Standard,mid,499.0,1,2026-01-30,high,6.5,93.6575,active,2026-01-30,0
U000852,2025-11-22,1,premium,web,organic,55,PLN_PREM,Premium,high,799.0,1,2026-01-30,high,10.75,252.28,active,2026-01-30,0
U000853,2026-01-01,3,premium,mobile,paid_social,15,PLN_PREM,Premium,high,799.0,1,2026-01-30,high,7.25,215.6675,cancelled,2026-01-30,1
U000854,2025-07-03,3,regular,web,search,197,PLN_STD,Standard,mid,499.0,1,2026-01-30,high,10.75,144.32999999999998,active,2026-01-30,0
U000855,2025-07-16,2,regular,web,organic,184,PLN_BASIC,Basic,low,299.0,1,2026-01-30,high,10.75,0.0,expired,2025-12-16,1
U000856,2025-12-04,2,value,web,email,43,PLN_BASIC,Basic,low,299.0,1,2026-01-30,high,10.75,96.1425,active,2026-01-30,0
U000857,2025-07-05,2,premium,mobile,search,195,PLN_STD,Standard,mid,499.0,1,2026-01-30,high,10.75,308.2375,active,2026-01-30,0
U000858,2025-05-19,3,value,mobile,search,242,PLN_BASIC,Basic,low,299.0,1,2026-01-30,high,10.75,79.8875,active,2026-01-30,0
U000859,2025-10-19,2,value,web,email,89,PLN_BASIC,Basic,low,299.0,1,2026-01-30,high,10.75,65.5425,active,2026-01-30,0
U000860,2025-11-22,1,premium,web,search,55,PLN_PREM,Premium,high,799.0,1,2026-01-30,high,10.5,321.885,active,2026-01-30,0
U000861,2026-01-03,2,premium,mobile,email,13,PLN_PREM,Premium,high,799.0,1,2026-01-30,high,7.0,193.07750000000001,active,2026-01-30,0
U000862,2025-12-23,2,value,mobile,paid_social,24,PLN_BASIC,Basic,low,299.0,1,2026-01-30,high,9.75,61.09,active,2026-01-30,0
U000863,2025-06-04,1,regular,mobile,paid_social,226,PLN_STD,Standard,mid,499.0,1,2026-01-30,high,10.75,32.095,cancelled,2025-12-31,1
U000864,2025-11-14,2,regular,web,organic,63,PLN_STD,Standard,mid,499.0,1,2026-01-30,high,10.5,241.125,active,2026-01-30,0
U000865,2025-12-03,1,value,mobile,organic,44,PLN_BASIC,Basic,low,299.0,1,2026-01-30,high,10.75,28.0775,cancelled,2026-01-09,1
U000866,2025-10-27,3,value,mobile,search,81,PLN_STD,Standard,mid,499.0,1,2026-01-30,high,10.75,0.0,cancelled,2025-11-28,1
U000867,2025-11-26,2,value,web,organic,51,PLN_BASIC,Basic,low,299.0,1,2026-01-30,high,10.75,75.19500000000001,active,2026-01-30,0
U000868,2025-12-01,1,regular,mobile,organic,46,PLN_STD,Standard,mid,499.0,1,2026-01-30,high,10.75,141.6975,active,2026-01-30,0
U000869,2025-08-25,1,regular,web,paid_social,144,PLN_PREM,Premium,high,799.0,1,2026-01-30,high,10.75,0.0,expired,2025-12-25,1
U000870,2025-05-15,1,regular,mobile,paid_social,246,PLN_PREM,Premium,high,799.0,1,2026-01-30,high,10.75,177.1525,active,2026-01-30,0
U000871,2025-08-27,2,value,web,organic,142,PLN_BASIC,Basic,low,299.0,1,2026-01-30,high,10.5,117.1,active,2026-01-30,0
U000872,2025-06-24,1,premium,web,paid_social,206,PLN_PREM,Premium,high,799.0,1,2026-01-30,high,10.75,447.8435458799749,active,2026-01-30,0
U000873,2025-06-02,2,regular,mobile,email,228,PLN_STD,Standard,mid,499.0,1,2026-01-30,high,10.75,174.3425,active,2026-01-30,0
U000874,2025-06-05,1,premium,mobile,paid_social,225,PLN_PREM,Premium,high,799.0,1,2026-01-30,high,10.75,226.02,active,2026-01-30,0
U000875,2025-10-27,2,value,web,referral,81,PLN_BASIC,Basic,low,299.0,1,2026-01-30,high,10.25,113.2875,active,2026-01-30,0
U000876,2025-09-08,2,regular,mobile,paid_social,130,PLN_STD,Standard,mid,499.0,1,2026-01-30,high,10.5,156.53,active,2026-01-30,0
U000877,2025-09-17,2,regular,web,organic,121,PLN_STD,Standard,mid,499.0,1,2026-01-30,high,10.5,200.8875,active,2026-01-30,0
U000878,2025-11-08,2,value,web,search,69,PLN_BASIC,Basic,low,299.0,1,2026-01-30,high,10.75,2.62,expired,2026-01-08,1
U000879,2025-09-19,1,value,mobile,email,119,PLN_BASIC,Basic,low,299.0,1,2026-01-30,high,10.75,117.11749999999999,active,2026-01-30,0
U000880,2025-10-10,1,value,web,paid_social,98,PLN_BASIC,Basic,low,299.0,1,2026-01-30,high,10.75,41.6225,active,2026-01-30,0
U000881,2025-05-26,1,value,web,referral,235,PLN_STD,Standard,mid,499.0,1,2026-01-30,high,10.5,78.8325,active,2026-01-30,0
U000882,2025-12-04,3,regular,unknown,email,43,PLN_PREM,Premium,high,799.0,1,2026-01-30,high,10.5,142.995,active,2026-01-30,0
U000883,2025-08-25,3,value,web,organic,144,PLN_BASIC,Basic,low,299.0,1,2026-01-30,high,10.75,0.0,expired,2025-10-31,1
U000884,2025-06-12,3,value,web,organic,218,PLN_BASIC,Basic,low,299.0,1,2026-01-30,high,10.75,73.52250000000001,active,2026-01-30,0
U000885,2025-11-25,2,regular,web,paid_social,52,PLN_STD,Standard,mid,499.0,1,2026-01-30,high,10.75,210.5775,active,2026-01-30,0
U000886,2025-11-05,2,value,mobile,organic,72,PLN_STD,Standard,mid,499.0,1,2026-01-30,high,10.75,84.82,active,2026-01-30,0
U000887,2025-05-18,2,value,web,search,243,PLN_BASIC,Basic,low,299.0,1,2026-01-30,high,10.75,61.0425,active,2026-01-30,0
U000888,2025-06-22,3,regular,web,referral,208,PLN_PREM,Premium,high,799.0,1,2026-01-30,high,10.25,201.755,active,2026-01-30,0
U000889,2025-05-08,3,value,mobile,paid_social,253,PLN_BASIC,Basic,low,299.0,1,2026-01-30,high,10.5,0.0,expired,2025-06-13,1
U000890,2025-07-11,3,value,web,organic,189,PLN_STD,Standard,mid,499.0,1,2026-01-30,high,10.5,33.19,cancelled,2026-01-07,1
U000891,2025-05-30,3,value,web,paid_social,231,PLN_STD,Standard,mid,499.0,1,2026-01-30,high,10.75,96.0,active,2026-01-30,0
U000892,2025-10-30,2,value,mobile,organic,78,PLN_STD,Standard,mid,499.0,1,2026-01-30,high,10.75,72.46,active,2026-01-30,0
U000893,2025-09-13,3,regular,mobile,referral,125,PLN_STD,Standard,mid,499.0,1,2026-01-30,high,10.5,137.24,active,2026-01-30,0
U000894,2026-01-06,3,value,web,organic,10,PLN_STD,Standard,mid,499.0,1,2026-01-30,high,6.25,69.97,expired,2026-01-30,1
U000895,2025-11-09,2,value,mobile,referral,68,PLN_BASIC,Basic,low,299.0,1,2026-01-30,high,10.75,92.055,active,2026-01-30,0
U000896,2025-10-05,3,premium,mobile,search,103,PLN_PREM,Premium,high,799.0,1,2026-01-30,high,10.75,301.255,active,2026-01-30,0
U000897,2025-09-09,1,premium,web,search,129,PLN_PREM,Premium,high,799.0,1,2026-01-30,high,10.5,275.23,active,2026-01-30,0
U000898,2025-05-18,3,value,mobile,search,243,PLN_STD,Standard,mid,499.0,1,2026-01-30,high,10.75,138.3475,active,2026-01-30,0
U000899,2025-05-22,3,value,mobile,organic,239,PLN_BASIC,Basic,low,299.0,1,2026-01-30,high,10.75,116.6725,active,2026-01-30,0
U000900,2025-10-06,1,regular,mobile,search,102,PLN_BASIC,Basic,low,299.0,1,2026-01-30,high,10.75,164.2225,active,2026-01-30,0
U000901,2025-05-06,2,regular,mobile,referral,255,PLN_BASIC,Basic,low,299.0,1,2026-01-30,high,10.75,102.4525,active,2026-01-30,0
U000902,2025-05-15,1,regular,mobile,referral,246,PLN_PREM,Premium,high,799.0,1,2026-01-30,high,10.75,171.95250000000001,active,2026-01-30,0
U000903,2025-06-29,3,value,mobile,organic,201,PLN_BASIC,Basic,low,299.0,1,2026-01-30,high,10.75,86.0375,active,2026-01-30,0
U000904,2025-12-12,3,value,mobile,paid_social,35,PLN_STD,Standard,mid,499.0,1,2026-01-30,high,10.75,52.495,active,2026-01-30,0
U000905,2025-08-28,2,regular,mobile,referral,141,PLN_BASIC,Basic,low,299.0,1,2026-01-30,high,10.5,219.0925,active,2026-01-30,0
U000906,2025-10-30,3,premium,mobile,referral,78,PLN_STD,Standard,mid,499.0,1,2026-01-29,high,10.5,285.765,active,2026-01-30,0
U000907,2025-08-16,1,premium,mobile,search,153,PLN_STD,Standard,mid,499.0,1,2026-01-30,high,10.75,385.0425,active,2026-01-30,0
U000908,2025-06-17,2,value,mobile,organic,213,PLN_BASIC,Basic,low,299.0,1,2026-01-30,high,10.5,0.0,cancelled,2025-11-18,1
U000909,2025-08-06,2,regular,web,email,163,PLN_BASIC,Basic,low,299.0,1,2026-01-30,high,10.75,154.6475,active,2026-01-30,0
U000910,2025-05-28,1,value,web,search,233,PLN_BASIC,Basic,low,299.0,1,2026-01-30,high,10.5,101.915,active,2026-01-30,0
U000911,2025-11-14,2,regular,mobile,search,63,PLN_BASIC,Basic,low,299.0,1,2026-01-30,high,10.5,178.9625,active,2026-01-30,0
U000912,2025-06-20,2,premium,web,paid_social,210,PLN_PREM,Premium,high,799.0,1,2026-01-30,high,10.75,272.8825,active,2026-01-30,0
U000913,2025-08-07,2,regular,mobile,organic,162,PLN_PREM,Premium,high,799.0,1,2026-01-30,high,10.5,133.3175,active,2026-01-30,0
U000914,2026-01-05,2,value,mobile,referral,11,PLN_BASIC,Basic,low,299.0,1,2026-01-30,high,6.25,82.1825,active,2026-01-30,0
U000915,2025-09-30,3,regular,mobile,organic,108,PLN_PREM,Premium,high,799.0,1,2026-01-30,high,10.75,208.6675,active,2026-01-30,0
U000916,2025-08-28,2,regular,web,paid_social,141,PLN_STD,Standard,mid,499.0,1,2026-01-30,high,10.75,181.91,active,2026-01-30,0
U000917,2025-09-18,3,regular,mobile,email,120,PLN_STD,Standard,mid,499.0,1,2026-01-30,high,10.25,163.4325,active,2026-01-30,0
U000918,2025-11-17,2,value,web,email,60,PLN_BASIC,Basic,low,299.0,1,2026-01-30,high,10.5,89.0225,active,2026-01-30,0
U000919,2025-07-07,2,premium,web,email,193,PLN_PREM,Premium,high,799.0,1,2026-01-30,high,10.75,351.5275,active,2026-01-30,0
U000920,2025-10-11,2,value,web,referral,97,PLN_BASIC,Basic,low,299.0,1,2026-01-30,high,10.75,66.1575,active,2026-01-30,0
U000921,2025-12-10,2,value,web,organic,37,PLN_BASIC,Basic,low,299.0,1,2026-01-30,high,10.75,93.0825,active,2026-01-30,0
U000922,2025-09-25,2,value,web,email,113,PLN_BASIC,Basic,low,299.0,1,2026-01-30,high,10.75,79.02,cancelled,2026-01-29,1
U000923,2025-08-25,2,value,mobile,email,144,PLN_BASIC,Basic,low,299.0,1,2026-01-30,high,10.75,110.245,expired,2026-01-27,1
U000924,2025-06-10,1,value,mobile,search,220,PLN_BASIC,Basic,low,299.0,1,2026-01-30,high,10.75,80.725,active,2026-01-30,0
U000925,2025-07-06,2,regular,web,search,194,PLN_STD,Standard,mid,499.0,1,2026-01-30,high,10.5,151.7575,active,2026-01-30,0
U000926,2025-12-28,2,value,web,organic,19,PLN_STD,Standard,mid,499.0,1,2026-01-30,high,8.5,49.6975,active,2026-01-30,0
U000927,2025-09-17,2,value,web,paid_social,121,PLN_STD,Standard,mid,499.0,1,2026-01-30,high,10.5,113.7625,active,2026-01-30,0
U000928,2025-07-19,3,value,mobile,paid_social,181,PLN_BASIC,Basic,low,299.0,1,2026-01-30,high,10.5,100.86500000000001,active,2026-01-30,0
U000929,2025-08-18,2,value,mobile,search,151,PLN_STD,Standard,mid,499.0,1,2026-01-30,high,10.75,98.935,active,2026-01-30,0
U000930,2025-09-27,3,premium,web,search,111,PLN_PREM,Premium,high,799.0,1,2026-01-30,high,10.5,400.1925,active,2026-01-30,0
U000931,2025-09-16,3,premium,web,search,122,PLN_PREM,Premium,high,799.0,1,2026-01-30,high,10.75,203.9225,cancelled,2026-01-14,1
U000932,2025-10-27,3,value,web,organic,81,PLN_BASIC,Basic,low,299.0,1,2026-01-30,high,10.75,80.2175,active,2026-01-30,0
U000933,2025-07-08,3,regular,mobile,email,192,PLN_STD,Standard,mid,499.0,1,2026-01-30,high,10.5,201.855,active,2026-01-30,0
U000934,2025-10-14,1,regular,web,organic,94,PLN_PREM,Premium,high,799.0,1,2026-01-30,high,10.75,166.0425,active,2026-01-30,0
U000935,2025-08-24,2,premium,web,organic,145,PLN_PREM,Premium,high,799.0,1,2026-01-30,high,10.75,386.8225,active,2026-01-30,0
U000936,2025-12-27,1,value,web,organic,20,PLN_BASIC,Basic,low,299.0,1,2026-01-30,high,8.75,58.5025,active,2026-01-30,0
U000937,2025-06-13,3,value,web,referral,217,PLN_BASIC,Basic,low,299.0,1,2026-01-30,high,10.25,84.6475,active,2026-01-30,0
U000938,2025-06-11,2,regular,web,referral,219,PLN_BASIC,Basic,low,299.0,1,2026-01-30,high,10.25,201.4675,active,2026-01-30,0
U000939,2025-08-28,2,premium,web,organic,141,PLN_PREM,Premium,high,799.0,1,2026-01-30,high,10.75,324.3,active,2026-01-30,0
U000940,2025-09-09,3,regular,mobile,organic,129,PLN_BASIC,Basic,low,299.0,1,2026-01-30,high,10.5,190.935,active,2026-01-30,0
U000941,2025-10-25,1,regular,web,search,83,PLN_STD,Standard,mid,499.0,1,2026-01-30,high,10.5,137.0425,active,2026-01-30,0
U000942,2025-08-14,2,value,web,organic,155,PLN_BASIC,Basic,low,299.0,1,2026-01-30,high,10.5,92.41,active,2026-01-30,0
U000943,2025-12-20,2,regular,mobile,paid_social,27,PLN_BASIC,Basic,low,299.0,1,2026-01-30,high,10.5,151.4425,active,2026-01-30,0
U000944,2025-09-01,1,premium,web,organic,137,PLN_PREM,Premium,high,799.0,1,2026-01-30,high,10.75,321.005,active,2026-01-30,0
U000945,2025-06-06,2,regular,mobile,search,224,PLN_BASIC,Basic,low,299.0,1,2026-01-30,high,10.75,225.57,active,2026-01-30,0
U000946,2025-06-03,3,regular,mobile,search,227,PLN_STD,Standard,mid,499.0,1,2026-01-30,high,10.5,147.5275,active,2026-01-30,0
U000947,2026-01-04,1,regular,web,search,12,PLN_STD,Standard,mid,499.0,1,2026-01-30,high,6.5,88.23,cancelled,2026-01-30,1
U000948,2025-06-07,2,regular,mobile,search,223,PLN_PREM,Premium,high,799.0,1,2026-01-30,high,10.75,253.5075,active,2026-01-30,0
U000949,2025-12-28,2,regular,mobile,organic,19,PLN_BASIC,Basic,low,299.0,1,2026-01-30,high,8.5,157.1675,cancelled,2026-01-29,1
U000950,2025-07-13,2,regular,mobile,organic,187,PLN_STD,Standard,mid,499.0,1,2026-01-30,high,10.75,163.3825,active,2026-01-30,0
U000951,2025-05-28,1,premium,web,organic,233,PLN_PREM,Premium,high,799.0,1,2026-01-30,high,10.75,338.6875,active,2026-01-30,0
U000952,2025-07-20,3,regular,web,organic,180,PLN_STD,Standard,mid,499.0,1,2026-01-30,high,10.5,171.655,active,2026-01-30,0
U000953,2025-10-06,3,value,web,email,102,PLN_BASIC,Basic,low,299.0,1,2026-01-30,high,10.5,63.9575,active,2026-01-30,0
U000954,2025-08-20,1,value,mobile,organic,149,PLN_BASIC,Basic,low,299.0,1,2026-01-30,high,10.75,0.0,cancelled,2025-11-25,1
U000955,2025-11-18,2,value,mobile,organic,59,PLN_BASIC,Basic,low,299.0,1,2026-01-30,high,10.75,81.925,active,2026-01-30,0
U000956,2025-10-05,2,value,web,organic,103,PLN_BASIC,Basic,low,299.0,1,2026-01-30,high,10.25,88.4775,active,2026-01-30,0
U000957,2025-08-13,2,value,web,paid_social,156,PLN_BASIC,Basic,low,299.0,1,2026-01-30,high,10.75,104.7325,active,2026-01-30,0
U000958,2025-10-11,2,regular,web,email,97,PLN_PREM,Premium,high,799.0,1,2026-01-30,high,10.25,257.23,active,2026-01-30,0
U000959,2026-01-03,1,value,web,referral,13,PLN_BASIC,Basic,low,299.0,1,2026-01-30,high,7.0,63.7475,active,2026-01-30,0
U000960,2025-08-16,1,value,mobile,paid_social,153,PLN_BASIC,Basic,low,299.0,1,2026-01-30,high,10.5,46.7025,expired,2026-01-16,1
U000961,2025-06-12,3,regular,web,referral,218,PLN_STD,Standard,mid,499.0,1,2026-01-30,high,10.75,188.98250000000002,active,2026-01-30,0
U000962,2025-08-15,2,value,mobile,search,154,PLN_STD,Standard,mid,499.0,1,2026-01-30,high,10.75,104.1425,active,2026-01-30,0
U000963,2025-12-01,3,regular,mobile,referral,46,PLN_STD,Standard,mid,499.0,1,2026-01-30,high,10.5,200.4775,active,2026-01-30,0
U000964,2025-06-28,2,premium,mobile,referral,202,PLN_PREM,Premium,high,799.0,1,2026-01-30,high,10.25,287.6475,active,2026-01-30,0
U000965,2025-12-29,3,regular,mobile,organic,18,PLN_BASIC,Basic,low,299.0,1,2026-01-30,high,8.0,138.72,active,2026-01-30,0
U000966,2025-09-29,1,value,web,search,109,PLN_BASIC,Basic,low,299.0,1,2026-01-30,high,10.75,54.0425,active,2026-01-30,0
U000967,2025-10-02,1,value,mobile,organic,106,PLN_STD,Standard,mid,499.0,1,2026-01-30,high,10.75,89.485,active,2026-01-30,0
U000968,2025-07-23,3,regular,mobile,organic,177,PLN_STD,Standard,mid,499.0,1,2026-01-30,high,10.5,267.8,active,2026-01-30,0
U000969,2025-12-22,3,regular,web,referral,25,PLN_STD,Standard,mid,499.0,1,2026-01-30,high,10.0,130.1,active,2026-01-30,0
U000970,2025-05-14,2,value,web,organic,247,PLN_BASIC,Basic,low,299.0,1,2026-01-30,high,10.75,0.0,cancelled,2025-11-14,1
U000971,2025-07-18,2,regular,web,paid_social,182,PLN_STD,Standard,mid,499.0,1,2026-01-30,high,10.5,202.8875,active,2026-01-30,0
U000972,2025-08-18,2,regular,web,email,151,PLN_STD,Standard,mid,499.0,1,2026-01-30,high,10.5,234.21,active,2026-01-30,0
U000973,2025-09-01,2,value,web,search,137,PLN_BASIC,Basic,low,299.0,1,2026-01-30,high,10.75,0.0,cancelled,2025-12-04,1
U000974,2025-09-01,1,regular,web,search,137,PLN_STD,Standard,mid,499.0,1,2026-01-30,high,10.75,175.19,active,2026-01-30,0
U000975,2025-06-11,3,value,mobile,paid_social,219,PLN_BASIC,Basic,low,299.0,1,2026-01-30,high,10.25,132.13983725714914,active,2026-01-30,0
U000976,2025-06-30,2,value,web,referral,200,PLN_BASIC,Basic,low,299.0,1,2026-01-30,high,10.75,0.0,cancelled,2025-09-01,1
U000977,2025-05-28,2,regular,web,organic,233,PLN_BASIC,Basic,low,299.0,1,2026-01-30,high,10.75,216.92,active,2026-01-30,0
U000978,2025-09-25,1,value,web,organic,113,PLN_STD,Standard,mid,499.0,1,2026-01-30,high,10.5,0.0,expired,2025-10-28,1
U000979,2025-08-01,1,regular,web,paid_social,168,PLN_PREM,Premium,high,799.0,1,2026-01-30,high,10.5,191.6975,active,2026-01-30,0
U000980,2025-09-24,2,regular,mobile,email,114,PLN_STD,Standard,mid,499.0,1,2026-01-30,high,10.75,153.385,active,2026-01-30,0
U000981,2025-09-30,2,value,web,organic,108,PLN_STD,Standard,mid,499.0,1,2026-01-30,high,10.75,77.04,active,2026-01-30,0
U000982,2025-10-28,2,premium,web,search,80,PLN_PREM,Premium,high,799.0,1,2026-01-30,high,10.75,249.38750000000002,active,2026-01-30,0
U000983,2025-09-19,1,value,web,email,119,PLN_BASIC,Basic,low,299.0,1,2026-01-30,high,10.75,78.9525,active,2026-01-30,0
U000984,2025-10-14,3,value,web,organic,94,PLN_BASIC,Basic,low,299.0,1,2026-01-30,high,10.75,118.195,active,2026-01-30,0
U000985,2025-09-29,2,premium,mobile,organic,109,PLN_STD,Standard,mid,499.0,1,2026-01-30,high,10.5,267.1275,active,2026-01-30,0
U000986,2025-10-15,3,regular,mobile,paid_social,93,PLN_STD,Standard,mid,499.0,1,2026-01-30,high,10.25,0.0,cancelled,2025-12-18,1
U000987,2025-10-06,1,regular,web,organic,102,PLN_BASIC,Basic,low,299.0,1,2026-01-30,high,10.75,220.6575,active,2026-01-30,0
U000988,2025-07-23,2,value,mobile,organic,177,PLN_BASIC,Basic,low,299.0,1,2026-01-30,high,10.75,16.9225,cancelled,2025-12-26,1
U000989,2025-07-05,2,value,web,paid_social,195,PLN_STD,Standard,mid,499.0,1,2026-01-30,high,10.75,81.665,active,2026-01-30,0
U000990,2025-11-18,2,regular,mobile,paid_social,59,PLN_STD,Standard,mid,499.0,1,2026-01-30,high,10.75,98.7375,cancelled,2026-01-21,1
U000991,2025-07-30,2,value,mobile,search,170,PLN_BASIC,Basic,low,299.0,1,2026-01-30,high,10.75,58.9525,active,2026-01-30,0
U000992,2025-09-19,1,value,web,search,119,PLN_BASIC,Basic,low,299.0,1,2026-01-30,high,10.75,51.3925,cancelled,2026-01-20,1
U000993,2025-06-23,2,regular,mobile,search,207,PLN_PREM,Premium,high,799.0,1,2026-01-30,high,10.25,209.3025,active,2026-01-30,0
U000994,2025-08-21,2,value,mobile,paid_social,148,PLN_BASIC,Basic,low,299.0,1,2026-01-30,high,10.75,0.0,cancelled,2025-09-27,1
U000995,2025-09-14,2,value,web,referral,124,PLN_BASIC,Basic,low,299.0,1,2026-01-30,high,10.75,0.0,cancelled,2025-11-19,1
U000996,2025-10-09,1,value,mobile,referral,99,PLN_BASIC,Basic,low,299.0,1,2026-01-30,high,10.5,63.2,active,2026-01-30,0
U000997,2025-09-14,2,regular,mobile,paid_social,124,PLN_STD,Standard,mid,499.0,1,2026-01-30,high,10.75,81.0275,cancelled,2026-01-12,1
U000998,2025-08-03,2,regular,web,referral,166,PLN_PREM,Premium,high,799.0,1,2026-01-30,high,10.75,27.4575,cancelled,2026-01-06,1
U000999,2026-01-01,2,premium,mobile,referral,15,PLN_PREM,Premium,high,799.0,1,2026-01-30,high,7.5,250.2725,active,2026-01-30,0
U001000,2025-09-10,2,value,mobile,organic,128,PLN_BASIC,Basic,low,299.0,1,2026-01-30,high,10.5,0.0,cancelled,2025-10-13,1
U001001,2025-11-23,2,value,web,email,54,PLN_STD,Standard,mid,499.0,1,2026-01-30,high,10.75,74.965,active,2026-01-30,0
U001002,2025-11-05,3,regular,web,referral,72,PLN_STD,Standard,mid,499.0,1,2026-01-30,high,10.75,216.5475,active,2026-01-30,0
U001003,2025-09-22,2,value,mobile,organic,116,PLN_STD,Standard,mid,499.0,1,2026-01-30,high,10.75,105.4775,active,2026-01-30,0
U001004,2025-12-13,2,regular,mobile,organic,34,PLN_PREM,Premium,high,799.0,1,2026-01-30,high,10.75,151.03,active,2026-01-30,0
U001005,2025-06-06,3,premium,web,paid_social,224,PLN_PREM,Premium,high,799.0,1,2026-01-30,high,10.5,112.1525,cancelled,2026-01-05,1
U001006,2025-12-22,2,regular,web,search,25,PLN_STD,Standard,mid,499.0,1,2026-01-30,high,9.75,182.5775,active,2026-01-30,0
U001007,2025-12-04,3,regular,web,paid_social,43,PLN_STD,Standard,mid,499.0,1,2026-01-30,high,10.75,233.64000000000001,active,2026-01-30,0
U001008,2025-09-08,3,premium,mobile,search,130,PLN_STD,Standard,mid,499.0,1,2026-01-30,high,10.75,0.0,cancelled,2025-12-10,1
U001009,2025-11-05,1,value,mobile,organic,72,PLN_STD,Standard,mid,499.0,1,2026-01-30,high,10.5,130.145,active,2026-01-30,0
U001010,2025-09-12,2,premium,web,organic,126,PLN_PREM,Premium,high,799.0,1,2026-01-30,high,10.75,348.0275,active,2026-01-30,0
U001011,2025-07-11,2,regular,mobile,referral,189,PLN_PREM,Premium,high,799.0,1,2026-01-30,high,10.75,0.0,cancelled,2025-09-15,1
U001012,2025-11-21,3,regular,mobile,organic,56,PLN_STD,Standard,mid,499.0,1,2026-01-30,high,10.75,175.92249999999999,active,2026-01-30,0
U001013,2025-07-05,2,premium,web,paid_social,195,PLN_PREM,Premium,high,799.0,1,2026-01-30,high,10.75,380.4375,active,2026-01-30,0
U001014,2025-07-22,1,regular,web,organic,178,PLN_PREM,Premium,high,799.0,1,2026-01-30,high,10.75,200.70499999999998,active,2026-01-30,0
U001015,2025-09-12,2,regular,mobile,search,126,PLN_PREM,Premium,high,799.0,1,2026-01-30,high,10.75,179.50137341660027,active,2026-01-30,0
U001016,2025-12-01,1,value,web,search,46,PLN_BASIC,Basic,low,299.0,1,2026-01-30,high,10.75,17.427500000000002,expired,2026-01-05,1
U001017,2025-08-09,3,regular,web,organic,160,PLN_STD,Standard,mid,499.0,1,2026-01-30,high,10.75,173.8375,active,2026-01-30,0
U001018,2025-09-06,2,regular,mobile,paid_social,132,PLN_BASIC,Basic,low,299.0,1,2026-01-30,high,10.75,153.435,active,2026-01-30,0
U001019,2025-05-15,2,value,mobile,paid_social,246,PLN_BASIC,Basic,low,299.0,1,2026-01-30,high,10.5,77.0025,active,2026-01-30,0
U001020,2025-06-03,3,regular,web,organic,227,PLN_STD,Standard,mid,499.0,1,2026-01-30,high,10.75,167.13,active,2026-01-30,0
U001021,2025-05-19,2,regular,mobile,search,242,PLN_BASIC,Basic,low,299.0,1,2026-01-30,high,10.75,217.3125,active,2026-01-30,0
U001022,2025-05-23,2,regular,mobile,paid_social,238,PLN_STD,Standard,mid,499.0,1,2026-01-30,high,10.5,0.0,expired,2025-08-21,1
U001023,2025-12-08,3,value,web,paid_social,39,PLN_BASIC,Basic,low,299.0,1,2026-01-30,high,10.75,59.7,active,2026-01-30,0
U001024,2025-12-02,3,regular,web,search,45,PLN_BASIC,Basic,low,299.0,1,2026-01-30,high,10.5,46.980000000000004,cancelled,2026-01-02,1
U001025,2025-11-27,3,value,mobile,paid_social,50,PLN_BASIC,Basic,low,299.0,1,2026-01-30,high,10.5,59.5725,active,2026-01-30,0
U001026,2025-05-18,1,value,mobile,organic,243,PLN_BASIC,Basic,low,299.0,1,2026-01-30,high,10.75,61.4175,active,2026-01-30,0
U001027,2025-05-24,2,regular,web,organic,237,PLN_BASIC,Basic,low,299.0,1,2026-01-30,high,10.75,285.2625,active,2026-01-30,0
U001028,2025-07-14,1,value,mobile,paid_social,186,PLN_BASIC,Basic,low,299.0,1,2026-01-30,high,10.75,68.7225,active,2026-01-30,0
U001029,2025-09-23,3,value,mobile,paid_social,115,PLN_BASIC,Basic,low,299.0,1,2026-01-30,high,10.75,71.94,active,2026-01-30,0
U001030,2025-07-27,2,regular,mobile,referral,173,PLN_PREM,Premium,high,799.0,1,2026-01-30,high,10.75,194.19,expired,2026-01-23,1
U001031,2025-09-04,2,value,mobile,organic,134,PLN_BASIC,Basic,low,299.0,1,2026-01-30,high,10.5,79.5825,active,2026-01-30,0
U001032,2025-06-17,1,premium,web,search,213,PLN_PREM,Premium,high,799.0,1,2026-01-30,high,10.25,312.855,active,2026-01-30,0
U001033,2025-11-04,2,premium,web,paid_social,73,PLN_PREM,Premium,high,799.0,1,2026-01-30,high,10.75,296.64,active,2026-01-30,0
U001034,2025-07-22,2,regular,web,organic,178,PLN_BASIC,Basic,low,299.0,1,2026-01-30,high,10.75,0.0,cancelled,2025-09-21,1
U001035,2025-05-21,1,premium,mobile,search,240,PLN_STD,Standard,mid,499.0,1,2026-01-30,high,10.75,310.725,active,2026-01-30,0
U001036,2025-11-07,1,premium,mobile,paid_social,70,PLN_PREM,Premium,high,799.0,1,2026-01-30,high,10.75,312.0925,active,2026-01-30,0
U001037,2025-12-17,3,value,mobile,organic,30,PLN_STD,Standard,mid,499.0,1,2026-01-30,high,10.5,41.71,expired,2026-01-22,1
U001038,2025-05-08,3,regular,web,search,253,PLN_BASIC,Basic,low,299.0,1,2026-01-30,high,10.75,0.0,cancelled,2025-10-10,1
U001039,2025-08-22,1,value,mobile,organic,147,PLN_BASIC,Basic,low,299.0,1,2026-01-30,high,10.75,98.62,active,2026-01-30,0
U001040,2025-11-28,2,regular,web,email,49,PLN_STD,Standard,mid,499.0,1,2026-01-30,high,10.75,186.49,active,2026-01-30,0
U001041,2025-10-29,3,regular,web,organic,79,PLN_STD,Standard,mid,499.0,1,2026-01-30,high,10.75,0.0,cancelled,2025-12-02,1
U001042,2025-12-05,2,value,web,organic,42,PLN_BASIC,Basic,low,299.0,1,2026-01-30,high,10.75,23.5,cancelled,2026-01-08,1
U001043,2025-08-17,2,value,mobile,organic,152,PLN_BASIC,Basic,low,299.0,1,2026-01-30,high,10.75,106.30499999999999,active,2026-01-30,0
U001044,2025-08-06,2,premium,web,organic,163,PLN_PREM,Premium,high,799.0,1,2026-01-30,high,10.75,406.24136750783765,active,2026-01-30,0
U001045,2025-10-30,2,value,mobile,organic,78,PLN_BASIC,Basic,low,299.0,1,2026-01-30,high,10.75,8.23,expired,2026-01-03,1
U001046,2025-06-12,1,value,mobile,paid_social,218,PLN_BASIC,Basic,low,299.0,1,2026-01-30,high,10.75,0.0,expired,2025-12-10,1
U001047,2025-07-04,2,value,mobile,organic,196,PLN_STD,Standard,mid,499.0,1,2026-01-30,high,10.5,73.695,active,2026-01-30,0
U001048,2025-10-02,1,regular,web,organic,106,PLN_BASIC,Basic,low,299.0,1,2026-01-30,high,10.75,156.105,active,2026-01-30,0
U001049,2025-10-19,1,regular,mobile,organic,89,PLN_STD,Standard,mid,499.0,1,2026-01-30,high,10.75,222.2525,active,2026-01-30,0
U001050,2025-06-04,2,regular,mobile,search,226,PLN_BASIC,Basic,low,299.0,1,2026-01-30,high,10.5,162.765,active,2026-01-30,0
U001051,2025-09-09,3,regular,web,organic,129,PLN_BASIC,Basic,low,299.0,1,2026-01-30,high,10.25,170.655,active,2026-01-30,0
U001052,2025-08-04,3,value,mobile,paid_social,165,PLN_STD,Standard,mid,499.0,1,2026-01-30,high,10.25,69.2075,active,2026-01-30,0
U001053,2025-09-07,2,value,mobile,paid_social,131,PLN_BASIC,Basic,low,299.0,1,2026-01-30,high,10.5,67.66,active,2026-01-30,0
U001054,2025-12-31,2,regular,web,paid_social,16,PLN_STD,Standard,mid,499.0,1,2026-01-30,high,7.75,146.7625,active,2026-01-30,0
U001055,2025-05-24,2,regular,web,organic,237,PLN_BASIC,Basic,low,299.0,1,2026-01-30,high,10.75,159.05,active,2026-01-30,0
U001056,2026-01-09,2,regular,web,referral,7,PLN_BASIC,Basic,low,299.0,1,2026-01-30,high,5.5,87.66,active,2026-01-30,0
U001057,2025-08-25,2,regular,web,paid_social,144,PLN_STD,Standard,mid,499.0,1,2026-01-30,high,10.75,197.9,active,2026-01-30,0
U001058,2025-11-14,2,regular,mobile,organic,63,PLN_STD,Standard,mid,499.0,1,2026-01-30,high,10.75,220.8,active,2026-01-30,0
U001059,2025-08-19,2,regular,web,search,150,PLN_BASIC,Basic,low,299.0,1,2026-01-30,high,10.0,208.445,active,2026-01-30,0
U001060,2025-07-22,3,regular,web,paid_social,178,PLN_BASIC,Basic,low,299.0,1,2026-01-30,high,10.75,132.7875,active,2026-01-30,0
U001061,2025-11-14,3,regular,web,organic,63,PLN_STD,Standard,mid,499.0,1,2026-01-30,high,10.75,62.28,cancelled,2026-01-18,1
U001062,2025-10-24,1,regular,web,search,84,PLN_BASIC,Basic,low,299.0,1,2026-01-30,high,10.75,205.465,active,2026-01-30,0
U001063,2025-06-10,2,regular,web,paid_social,220,PLN_STD,Standard,mid,499.0,1,2026-01-30,high,10.75,226.795,active,2026-01-30,0
U001064,2025-10-29,1,premium,mobile,organic,79,PLN_PREM,Premium,high,799.0,1,2026-01-30,high,10.75,273.6125,active,2026-01-30,0
U001065,2025-11-10,2,regular,web,email,67,PLN_PREM,Premium,high,799.0,1,2026-01-30,high,10.75,76.58500000000001,expired,2026-01-14,1
U001066,2025-08-10,2,value,web,organic,159,PLN_BASIC,Basic,low,299.0,1,2026-01-30,high,10.75,0.0,cancelled,2025-09-13,1
U001067,2025-12-23,1,value,mobile,organic,24,PLN_BASIC,Basic,low,299.0,1,2026-01-30,high,9.5,51.6925,active,2026-01-30,0
U001068,2025-10-12,3,regular,mobile,organic,96,PLN_STD,Standard,mid,499.0,1,2026-01-30,high,10.75,0.0,cancelled,2025-11-16,1
U001069,2025-07-27,2,regular,web,search,173,PLN_BASIC,Basic,low,299.0,1,2026-01-30,high,10.5,220.8875,active,2026-01-30,0
U001070,2025-05-07,3,regular,web,referral,254,PLN_PREM,Premium,high,799.0,1,2026-01-30,high,10.25,168.76,active,2026-01-30,0
U001071,2025-10-21,1,regular,web,referral,87,PLN_BASIC,Basic,low,299.0,1,2026-01-30,high,10.75,0.0,cancelled,2025-11-24,1
U001072,2025-06-26,1,value,web,email,204,PLN_BASIC,Basic,low,299.0,1,2026-01-30,high,10.5,74.4025,active,2026-01-30,0
U001073,2025-11-10,2,regular,web,search,67,PLN_BASIC,Basic,low,299.0,1,2026-01-30,high,10.75,342.15460223405125,active,2026-01-30,0
U001074,2025-09-13,1,regular,mobile,search,125,PLN_STD,Standard,mid,499.0,1,2026-01-30,high,10.5,220.295,active,2026-01-30,0
U001075,2025-08-30,2,regular,mobile,search,139,PLN_BASIC,Basic,low,299.0,1,2026-01-30,high,10.75,225.815,active,2026-01-30,0
U001076,2025-06-15,3,regular,web,organic,215,PLN_BASIC,Basic,low,299.0,1,2026-01-30,high,10.25,193.8525,active,2026-01-30,0
U001077,2025-10-30,1,value,mobile,email,78,PLN_BASIC,Basic,low,299.0,1,2026-01-30,high,10.5,73.1625,active,2026-01-30,0
U001078,2025-06-15,1,regular,web,search,215,PLN_STD,Standard,mid,499.0,1,2026-01-30,high,10.5,187.16,active,2026-01-30,0
U001079,2025-08-17,2,regular,web,search,152,PLN_PREM,Premium,high,799.0,1,2026-01-30,high,10.75,215.4725,active,2026-01-30,0
U001080,2025-11-30,2,premium,web,search,47,PLN_PREM,Premium,high,799.0,1,2026-01-30,high,10.5,298.975,active,2026-01-30,0
U001081,2025-12-22,2,regular,web,referral,25,PLN_STD,Standard,mid,499.0,1,2026-01-30,high,9.75,121.0625,expired,2026-01-21,1
U001082,2026-01-08,2,value,mobile,organic,8,PLN_BASIC,Basic,low,299.0,1,2026-01-30,high,5.5,30.11,active,2026-01-30,0
U001083,2025-12-31,3,regular,web,paid_social,16,PLN_STD,Standard,mid,499.0,1,2026-01-30,high,7.75,146.3375,active,2026-01-30,0
U001084,2025-09-21,1,regular,mobile,paid_social,117,PLN_BASIC,Basic,low,299.0,1,2026-01-30,high,10.75,186.14249999999998,active,2026-01-30,0
U001085,2025-06-24,2,value,web,referral,206,PLN_STD,Standard,mid,499.0,1,2026-01-30,high,10.75,83.9825,active,2026-01-30,0
U001086,2025-12-01,2,regular,mobile,organic,46,PLN_STD,Standard,mid,499.0,1,2026-01-30,high,10.5,165.835,active,2026-01-30,0
U001087,2025-11-22,3,value,mobile,organic,55,PLN_BASIC,Basic,low,299.0,1,2026-01-30,high,10.5,92.3125,active,2026-01-30,0
U001088,2026-01-08,2,value,web,search,8,PLN_BASIC,Basic,low,299.0,1,2026-01-30,high,5.75,31.4975,cancelled,2026-01-30,1
U001089,2025-10-15,2,value,web,referral,93,PLN_BASIC,Basic,low,299.0,1,2026-01-30,high,10.75,0.0,expired,2025-12-16,1
U001090,2025-06-09,1,value,mobile,email,221,PLN_BASIC,Basic,low,299.0,1,2026-01-30,high,10.5,128.3125,active,2026-01-30,0
U001091,2025-09-08,1,premium,web,paid_social,130,PLN_PREM,Premium,high,799.0,1,2026-01-30,high,10.25,316.64950454916664,active,2026-01-30,0
U001092,2025-08-25,1,regular,web,organic,144,PLN_BASIC,Basic,low,299.0,1,2026-01-30,high,10.75,13.5525,cancelled,2025-12-24,1
U001093,2025-12-02,2,value,mobile,organic,45,PLN_STD,Standard,mid,499.0,1,2026-01-30,high,10.75,93.0190425778483,active,2026-01-30,0
U001094,2025-08-11,2,regular,web,paid_social,158,PLN_PREM,Premium,high,799.0,1,2026-01-30,high,10.75,213.3025,active,2026-01-30,0
U001095,2025-07-26,2,regular,web,organic,174,PLN_STD,Standard,mid,499.0,1,2026-01-30,high,10.5,146.565,active,2026-01-30,0
U001096,2025-05-25,1,value,web,search,236,PLN_BASIC,Basic,low,299.0,1,2026-01-30,high,10.75,89.49249999999999,active,2026-01-30,0
U001097,2025-11-30,3,value,web,referral,47,PLN_BASIC,Basic,low,299.0,1,2026-01-30,high,10.75,45.54,active,2026-01-30,0
U001098,2025-11-10,3,regular,web,search,67,PLN_BASIC,Basic,low,299.0,1,2026-01-30,high,10.75,0.0,cancelled,2025-12-14,1
U001099,2025-05-15,1,value,web,search,246,PLN_BASIC,Basic,low,299.0,1,2026-01-30,high,10.0,81.0325,active,2026-01-30,0
U001100,2025-08-21,1,regular,web,organic,148,PLN_STD,Standard,mid,499.0,1,2026-01-30,high,10.75,171.1725,active,2026-01-30,0
U001101,2025-09-02,1,value,web,organic,136,PLN_BASIC,Basic,low,299.0,1,2026-01-30,high,10.5,12.9125,cancelled,2026-01-03,1
U001102,2025-08-30,3,regular,web,paid_social,139,PLN_PREM,Premium,high,799.0,1,2026-01-30,high,10.5,142.1375,active,2026-01-30,0
U001103,2025-12-21,1,regular,mobile,search,26,PLN_STD,Standard,mid,499.0,1,2026-01-30,high,10.25,153.845,active,2026-01-30,0
U001104,2025-06-11,2,value,mobile,organic,219,PLN_BASIC,Basic,low,299.0,1,2026-01-30,high,10.5,0.0,expired,2025-07-16,1
U001105,2025-07-20,2,value,web,organic,180,PLN_STD,Standard,mid,499.0,1,2026-01-30,high,10.5,33.82,cancelled,2026-01-18,1
U001106,2025-06-19,3,premium,web,organic,211,PLN_PREM,Premium,high,799.0,1,2026-01-30,high,10.5,365.825,active,2026-01-30,0
U001107,2025-07-05,2,regular,mobile,paid_social,195,PLN_BASIC,Basic,low,299.0,1,2026-01-30,high,10.75,29.52,expired,2026-01-02,1
U001108,2025-12-18,2,regular,web,paid_social,29,PLN_BASIC,Basic,low,299.0,1,2026-01-30,high,10.75,191.5425,active,2026-01-30,0
U001109,2025-12-27,3,value,web,search,20,PLN_BASIC,Basic,low,299.0,1,2026-01-30,high,8.5,59.775,expired,2026-01-29,1
U001110,2025-05-16,1,value,mobile,search,245,PLN_BASIC,Basic,low,299.0,1,2026-01-30,high,10.5,56.695,active,2026-01-30,0
U001111,2025-10-10,3,regular,web,organic,98,PLN_STD,Standard,mid,499.0,1,2026-01-30,high,10.75,220.625,active,2026-01-30,0
U001112,2025-07-02,1,premium,mobile,search,198,PLN_PREM,Premium,high,799.0,1,2026-01-30,high,10.75,386.9075,active,2026-01-30,0
U001113,2025-06-22,2,value,mobile,organic,208,PLN_BASIC,Basic,low,299.0,1,2026-01-30,high,10.75,0.0,cancelled,2025-11-19,1
U001114,2025-07-17,3,regular,mobile,email,183,PLN_STD,Standard,mid,499.0,1,2026-01-30,high,10.75,203.38,active,2026-01-30,0
U001115,2025-06-22,2,regular,web,organic,208,PLN_PREM,Premium,high,799.0,1,2026-01-30,high,10.75,159.615,active,2026-01-30,0
U001116,2025-09-05,2,value,web,search,133,PLN_STD,Standard,mid,499.0,1,2026-01-30,high,10.75,51.785000000000004,active,2026-01-30,0
U001117,2026-01-09,2,value,web,organic,7,PLN_BASIC,Basic,low,299.0,1,2026-01-30,high,5.25,44.835,active,2026-01-30,0
U001118,2025-09-29,2,value,mobile,referral,109,PLN_STD,Standard,mid,499.0,1,2026-01-30,high,10.5,0.0,cancelled,2025-12-02,1
U001119,2025-11-02,2,regular,mobile,organic,75,PLN_BASIC,Basic,low,299.0,1,2026-01-30,high,10.75,48.035,cancelled,2026-01-04,1
U001120,2025-09-05,2,regular,mobile,email,133,PLN_STD,Standard,mid,499.0,1,2026-01-30,high,10.75,0.0,cancelled,2025-10-10,1
U001121,2025-05-08,2,regular,web,organic,253,PLN_PREM,Premium,high,799.0,1,2026-01-30,high,10.5,189.045,active,2026-01-30,0
U001122,2025-05-26,2,value,mobile,referral,235,PLN_BASIC,Basic,low,299.0,1,2026-01-30,high,10.5,63.2525,active,2026-01-30,0
U001123,2025-07-11,2,regular,web,paid_social,189,PLN_STD,Standard,mid,499.0,1,2026-01-30,high,10.75,225.26749999999998,active,2026-01-30,0
U001124,2025-07-05,2,regular,mobile,organic,195,PLN_BASIC,Basic,low,299.0,1,2026-01-30,high,10.75,87.405,expired,2026-01-06,1
U001125,2025-12-01,2,regular,web,organic,46,PLN_BASIC,Basic,low,299.0,1,2026-01-30,high,10.25,183.46,active,2026-01-30,0
U001126,2025-12-02,1,regular,web,search,45,PLN_STD,Standard,mid,499.0,1,2026-01-30,high,10.75,226.9675788178626,active,2026-01-30,0
U001127,2025-12-05,3,value,web,referral,42,PLN_STD,Standard,mid,499.0,1,2026-01-30,high,10.75,83.25,active,2026-01-30,0
U001128,2025-10-12,2,regular,mobile,referral,96,PLN_STD,Standard,mid,499.0,1,2026-01-30,high,10.75,210.7575,active,2026-01-30,0
U001129,2025-09-21,1,regular,web,organic,117,PLN_BASIC,Basic,low,299.0,1,2026-01-30,high,10.75,320.2470128307364,active,2026-01-30,0
U001130,2025-10-14,2,value,web,search,94,PLN_BASIC,Basic,low,299.0,1,2026-01-30,high,10.5,51.0825,active,2026-01-30,0
U001131,2025-08-15,3,value,web,organic,154,PLN_BASIC,Basic,low,299.0,1,2026-01-30,high,10.75,96.09,active,2026-01-30,0
U001132,2025-10-20,1,regular,web,organic,88,PLN_BASIC,Basic,low,299.0,1,2026-01-30,high,10.25,149.51749999999998,active,2026-01-30,0
U001133,2025-11-20,1,regular,mobile,paid_social,57,PLN_BASIC,Basic,low,299.0,1,2026-01-30,high,10.5,128.9475,cancelled,2026-01-22,1
U001134,2025-11-12,1,value,web,search,65,PLN_BASIC,Basic,low,299.0,1,2026-01-30,high,10.75,113.4225,active,2026-01-30,0
U001135,2025-10-06,1,premium,web,organic,102,PLN_PREM,Premium,high,799.0,1,2026-01-30,high,10.75,370.2925,active,2026-01-30,0
U001136,2025-05-19,3,regular,mobile,referral,242,PLN_STD,Standard,mid,499.0,1,2026-01-30,high,10.75,252.7325,active,2026-01-30,0
U001137,2025-11-02,3,value,web,paid_social,75,PLN_BASIC,Basic,low,299.0,1,2026-01-30,high,10.75,96.1775,active,2026-01-30,0
U001138,2025-08-05,1,regular,web,paid_social,164,PLN_BASIC,Basic,low,299.0,1,2026-01-30,high,10.75,168.285,active,2026-01-30,0
U001139,2025-11-07,2,regular,web,organic,70,PLN_BASIC,Basic,low,299.0,1,2026-01-30,high,10.75,181.9325,active,2026-01-30,0
U001140,2025-09-17,1,premium,web,email,121,PLN_PREM,Premium,high,799.0,1,2026-01-30,high,10.75,269.725,cancelled,2026-01-19,1
U001141,2025-12-12,2,value,web,search,35,PLN_BASIC,Basic,low,299.0,1,2026-01-30,high,10.5,87.6825,active,2026-01-30,0
U001142,2025-07-28,3,value,web,search,172,PLN_STD,Standard,mid,499.0,1,2026-01-30,high,10.75,117.1,active,2026-01-30,0
U001143,2025-12-24,2,regular,web,organic,23,PLN_STD,Standard,mid,499.0,1,2026-01-30,high,9.5,123.1525,active,2026-01-30,0
U001144,2025-12-02,1,value,mobile,referral,45,PLN_STD,Standard,mid,499.0,1,2026-01-30,high,10.5,71.675,active,2026-01-30,0
U001145,2025-07-27,2,regular,mobile,search,173,PLN_STD,Standard,mid,499.0,1,2026-01-30,high,10.75,345.0462256111184,active,2026-01-30,0
U001146,2025-09-03,3,regular,unknown,referral,135,PLN_PREM,Premium,high,799.0,1,2026-01-30,high,10.5,158.3975,active,2026-01-30,0
U001147,2025-09-15,2,value,web,paid_social,123,PLN_BASIC,Basic,low,299.0,1,2026-01-30,high,10.75,64.85,active,2026-01-30,0
U001148,2025-11-13,1,regular,web,referral,64,PLN_STD,Standard,mid,499.0,1,2026-01-30,high,10.5,239.685,active,2026-01-30,0
U001149,2025-10-24,1,premium,mobile,paid_social,84,PLN_PREM,Premium,high,799.0,1,2026-01-30,high,9.75,324.32,active,2026-01-30,0
U001150,2025-12-04,2,regular,mobile,email,43,PLN_PREM,Premium,high,799.0,1,2026-01-30,high,10.75,210.5875,active,2026-01-30,0
U001151,2025-08-05,2,regular,web,organic,164,PLN_BASIC,Basic,low,299.0,1,2026-01-30,high,10.5,0.0,cancelled,2025-12-08,1
U001152,2025-09-08,3,value,web,organic,130,PLN_BASIC,Basic,low,299.0,1,2026-01-30,high,10.75,62.105000000000004,active,2026-01-30,0
U001153,2025-08-21,3,value,web,paid_social,148,PLN_BASIC,Basic,low,299.0,1,2026-01-30,high,10.75,134.57500000000002,active,2026-01-30,0
U001154,2025-12-19,3,premium,web,search,28,PLN_PREM,Premium,high,799.0,1,2026-01-30,high,10.75,301.7375,active,2026-01-30,0
U001155,2025-07-20,3,regular,web,paid_social,180,PLN_BASIC,Basic,low,299.0,1,2026-01-30,high,10.75,150.1475,active,2026-01-30,0
U001156,2025-09-29,1,regular,web,paid_social,109,PLN_STD,Standard,mid,499.0,1,2026-01-30,high,10.5,147.1575,active,2026-01-30,0
U001157,2025-06-04,2,premium,mobile,search,226,PLN_PREM,Premium,high,799.0,1,2026-01-30,high,10.25,334.1025,active,2026-01-30,0
U001158,2025-12-04,2,value,mobile,referral,43,PLN_BASIC,Basic,low,299.0,1,2026-01-30,high,10.5,24.6275,expired,2026-01-10,1
U001159,2025-08-09,2,regular,mobile,organic,160,PLN_STD,Standard,mid,499.0,1,2026-01-30,high,10.5,0.0,cancelled,2025-12-11,1
U001160,2025-07-29,3,value,web,referral,171,PLN_BASIC,Basic,low,299.0,1,2026-01-30,high,10.75,0.0,expired,2025-10-03,1
U001161,2025-09-28,2,value,mobile,organic,110,PLN_BASIC,Basic,low,299.0,1,2026-01-30,high,10.75,73.5075,active,2026-01-30,0
U001162,2025-09-07,3,regular,mobile,paid_social,131,PLN_STD,Standard,mid,499.0,1,2026-01-30,high,10.75,140.19,active,2026-01-30,0
U001163,2025-12-03,2,regular,web,referral,44,PLN_STD,Standard,mid,499.0,1,2026-01-30,high,10.75,165.3325,active,2026-01-30,0
U001164,2025-09-15,2,premium,mobile,organic,123,PLN_PREM,Premium,high,799.0,1,2026-01-30,high,10.75,417.105,active,2026-01-30,0
U001165,2025-09-11,2,value,mobile,organic,127,PLN_STD,Standard,mid,499.0,1,2026-01-30,high,10.75,111.3675,active,2026-01-30,0
U001166,2025-05-31,1,regular,mobile,organic,230,PLN_STD,Standard,mid,499.0,1,2026-01-30,high,10.75,196.82500000000002,active,2026-01-30,0
U001167,2025-05-10,1,regular,web,search,251,PLN_PREM,Premium,high,799.0,1,2026-01-30,high,10.25,227.0375,active,2026-01-30,0
U001168,2025-08-13,2,regular,mobile,search,156,PLN_STD,Standard,mid,499.0,1,2026-01-30,high,10.75,188.42499999999998,active,2026-01-30,0
U001169,2026-01-10,1,premium,web,organic,6,PLN_PREM,Premium,high,799.0,1,2026-01-30,mid,5.0,141.67249999999999,active,2026-01-30,0
U001170,2025-12-21,3,regular,web,referral,26,PLN_PREM,Premium,high,799.0,1,2026-01-30,high,10.25,108.1375,cancelled,2026-01-26,1
U001171,2025-10-09,1,regular,unknown,organic,99,PLN_STD,Standard,mid,499.0,1,2026-01-30,high,10.75,265.04,active,2026-01-30,0
U001172,2025-10-10,1,value,web,search,98,PLN_BASIC,Basic,low,299.0,1,2026-01-30,high,10.75,89.6525,active,2026-01-30,0
U001173,2025-08-11,3,value,web,paid_social,158,PLN_BASIC,Basic,low,299.0,1,2026-01-30,high,10.25,92.675,active,2026-01-30,0
U001174,2025-06-18,1,premium,web,organic,212,PLN_STD,Standard,mid,499.0,1,2026-01-30,high,10.25,270.9975,active,2026-01-30,0
U001175,2025-05-07,3,regular,mobile,organic,254,PLN_STD,Standard,mid,499.0,1,2026-01-30,high,10.5,157.135,active,2026-01-30,0
U001176,2025-07-29,2,value,web,email,171,PLN_BASIC,Basic,low,299.0,1,2026-01-30,high,10.5,18.435,expired,2026-01-01,1
U001177,2025-07-23,1,value,mobile,paid_social,177,PLN_BASIC,Basic,low,299.0,1,2026-01-30,high,10.75,37.3425,cancelled,2026-01-21,1
U001178,2025-06-22,2,regular,web,organic,208,PLN_STD,Standard,mid,499.0,1,2026-01-30,high,10.0,196.36,active,2026-01-30,0
U001179,2025-07-09,2,regular,unknown,referral,191,PLN_BASIC,Basic,low,299.0,1,2026-01-29,high,10.5,229.56,active,2026-01-30,0
U001180,2025-05-11,3,value,mobile,search,250,PLN_STD,Standard,mid,499.0,1,2026-01-30,high,10.75,106.15,active,2026-01-30,0
U001181,2025-10-04,3,regular,mobile,organic,104,PLN_STD,Standard,mid,499.0,1,2026-01-30,high,10.25,244.39499999999998,active,2026-01-30,0
U001182,2025-12-23,2,regular,mobile,paid_social,24,PLN_PREM,Premium,high,799.0,1,2026-01-30,high,9.75,147.34,active,2026-01-30,0
U001183,2025-10-25,2,regular,mobile,search,83,PLN_STD,Standard,mid,499.0,1,2026-01-30,high,10.75,154.56,active,2026-01-30,0
U001184,2025-08-25,2,value,web,organic,144,PLN_BASIC,Basic,low,299.0,1,2026-01-30,high,10.5,102.4025,active,2026-01-30,0
U001185,2025-08-18,2,regular,web,referral,151,PLN_STD,Standard,mid,499.0,1,2026-01-30,high,10.75,267.5525,active,2026-01-30,0
U001186,2025-07-21,3,value,web,organic,179,PLN_BASIC,Basic,low,299.0,1,2026-01-30,high,10.75,0.0,expired,2025-12-18,1
U001187,2025-06-09,2,value,web,organic,221,PLN_BASIC,Basic,low,299.0,1,2026-01-30,high,10.75,0.0,cancelled,2025-12-10,1
U001188,2025-10-02,2,regular,web,organic,106,PLN_PREM,Premium,high,799.0,1,2026-01-30,high,10.75,235.8625,active,2026-01-30,0
U001189,2025-09-24,2,regular,web,paid_social,114,PLN_BASIC,Basic,low,299.0,1,2026-01-30,high,10.25,0.0,expired,2025-11-25,1
U001190,2025-05-06,3,value,mobile,paid_social,255,PLN_STD,Standard,mid,499.0,1,2026-01-30,high,10.5,75.3625,active,2026-01-30,0
U001191,2025-08-17,3,premium,mobile,email,152,PLN_PREM,Premium,high,799.0,1,2026-01-30,high,10.5,427.3525,active,2026-01-30,0
U001192,2025-07-13,1,value,mobile,organic,187,PLN_BASIC,Basic,low,299.0,1,2026-01-30,high,10.75,147.23,active,2026-01-30,0
U001193,2025-06-16,1,regular,mobile,referral,214,PLN_STD,Standard,mid,499.0,1,2026-01-30,high,10.25,162.4975,active,2026-01-30,0
U001194,2025-10-28,2,premium,web,search,80,PLN_STD,Standard,mid,499.0,1,2026-01-30,high,10.75,330.25,active,2026-01-30,0
U001195,2025-09-13,2,regular,web,organic,125,PLN_PREM,Premium,high,799.0,1,2026-01-30,high,10.75,177.5675,active,2026-01-30,0
U001196,2025-10-11,2,regular,mobile,organic,97,PLN_PREM,Premium,high,799.0,1,2026-01-30,high,10.75,0.0,cancelled,2025-12-13,1
U001197,2025-10-31,1,regular,mobile,referral,77,PLN_STD,Standard,mid,499.0,1,2026-01-30,high,10.75,167.94,active,2026-01-30,0
U001198,2026-01-06,2,regular,web,organic,10,PLN_BASIC,Basic,low,299.0,1,2026-01-30,high,6.25,110.61749999999999,cancelled,2026-01-30,1
U001199,2025-11-22,2,regular,web,paid_social,55,PLN_STD,Standard,mid,499.0,1,2026-01-30,high,10.75,0.0,cancelled,2025-12-24,1
U001200,2025-10-07,2,regular,web,search,101,PLN_STD,Standard,mid,499.0,1,2026-01-30,high,10.75,0.0,cancelled,2025-11-13,1
U001201,2025-12-11,2,value,web,organic,36,PLN_BASIC,Basic,low,299.0,1,2026-01-30,high,10.0,53.182500000000005,expired,2026-01-15,1
U001202,2025-09-01,2,regular,web,email,137,PLN_STD,Standard,mid,499.0,1,2026-01-30,high,10.5,0.0,cancelled,2025-12-06,1
U001203,2026-01-07,2,value,web,referral,9,PLN_BASIC,Basic,low,299.0,1,2026-01-30,high,6.0,58.4675,active,2026-01-30,0
U001204,2025-11-12,3,premium,mobile,search,65,PLN_STD,Standard,mid,499.0,1,2026-01-30,high,10.5,0.0,cancelled,2025-12-19,1
U001205,2025-10-15,2,value,mobile,paid_social,93,PLN_BASIC,Basic,low,299.0,1,2026-01-30,high,10.75,111.295,active,2026-01-30,0
U001206,2025-12-17,2,value,web,search,30,PLN_BASIC,Basic,low,299.0,1,2026-01-30,high,10.75,68.975,active,2026-01-30,0
U001207,2025-09-11,2,premium,mobile,paid_social,127,PLN_PREM,Premium,high,799.0,1,2026-01-30,high,10.5,304.6875,active,2026-01-30,0
U001208,2025-11-01,1,value,mobile,organic,76,PLN_BASIC,Basic,low,299.0,1,2026-01-30,high,10.5,92.2125,active,2026-01-30,0
U001209,2025-07-15,2,value,web,search,185,PLN_BASIC,Basic,low,299.0,1,2026-01-30,high,10.75,0.0,cancelled,2025-12-17,1
U001210,2026-01-01,2,regular,mobile,organic,15,PLN_STD,Standard,mid,499.0,1,2026-01-30,high,7.5,131.8625,expired,2026-01-30,1
U001211,2025-10-08,3,value,web,search,100,PLN_BASIC,Basic,low,299.0,1,2026-01-30,high,10.75,81.8025,active,2026-01-30,0
U001212,2025-11-17,2,value,mobile,search,60,PLN_STD,Standard,mid,499.0,1,2026-01-30,high,10.75,95.10499999999999,active,2026-01-30,0
U001213,2025-08-28,1,regular,web,organic,141,PLN_PREM,Premium,high,799.0,1,2026-01-30,high,10.75,188.59,active,2026-01-30,0
U001214,2025-12-08,2,value,mobile,email,39,PLN_BASIC,Basic,low,299.0,1,2026-01-30,high,10.5,91.91499999999999,active,2026-01-30,0
U001215,2025-05-23,1,value,mobile,organic,238,PLN_STD,Standard,mid,499.0,1,2026-01-30,high,10.5,0.0,cancelled,2025-06-28,1
U001216,2025-06-02,2,value,unknown,organic,228,PLN_BASIC,Basic,low,299.0,1,2026-01-30,high,10.75,83.09,active,2026-01-30,0
U001217,2025-09-09,3,value,web,search,129,PLN_BASIC,Basic,low,299.0,1,2026-01-30,high,10.5,46.685,active,2026-01-30,0
U001218,2025-11-04,2,value,web,paid_social,73,PLN_BASIC,Basic,low,299.0,1,2026-01-30,high,10.75,120.5975,active,2026-01-30,0
U001219,2025-11-24,2,value,mobile,organic,53,PLN_BASIC,Basic,low,299.0,1,2026-01-30,high,10.5,67.59,active,2026-01-30,0
U001220,2025-08-23,2,regular,mobile,search,146,PLN_STD,Standard,mid,499.0,1,2026-01-30,high,10.25,191.6075,active,2026-01-30,0
U001221,2025-10-15,2,regular,web,paid_social,93,PLN_STD,Standard,mid,499.0,1,2026-01-30,high,10.5,188.6475,active,2026-01-30,0
U001222,2025-09-20,3,value,mobile,organic,118,PLN_BASIC,Basic,low,299.0,1,2026-01-30,high,10.5,98.465,active,2026-01-30,0
U001223,2026-01-01,2,value,web,email,15,PLN_BASIC,Basic,low,299.0,1,2026-01-30,high,7.0,117.83500000000001,active,2026-01-30,0
U001224,2025-10-16,2,premium,web,organic,92,PLN_PREM,Premium,high,799.0,1,2026-01-30,high,10.75,420.0925,active,2026-01-30,0
U001225,2025-08-17,2,regular,web,paid_social,152,PLN_STD,Standard,mid,499.0,1,2026-01-30,high,10.75,0.0,cancelled,2025-09-19,1
U001226,2026-01-03,1,regular,web,organic,13,PLN_STD,Standard,mid,499.0,1,2026-01-30,high,7.0,133.4525,active,2026-01-30,0
U001227,2025-05-31,1,regular,web,paid_social,230,PLN_STD,Standard,mid,499.0,1,2026-01-30,high,10.5,211.415,active,2026-01-30,0
U001228,2026-01-07,1,value,web,referral,9,PLN_BASIC,Basic,low,299.0,1,2026-01-30,high,5.75,16.4825,expired,2026-01-30,1
U001229,2025-06-12,2,regular,web,organic,218,PLN_BASIC,Basic,low,299.0,1,2026-01-30,high,10.75,178.165,active,2026-01-30,0
U001230,2025-07-16,3,premium,mobile,organic,184,PLN_STD,Standard,mid,499.0,1,2026-01-30,high,10.75,305.4225,active,2026-01-30,0
U001231,2025-11-27,2,premium,web,organic,50,PLN_PREM,Premium,high,799.0,1,2026-01-30,high,10.75,328.825,active,2026-01-30,0
U001232,2025-11-05,1,value,mobile,organic,72,PLN_BASIC,Basic,low,299.0,1,2026-01-30,high,10.5,103.47,active,2026-01-30,0
U001233,2026-01-03,1,value,mobile,email,13,PLN_BASIC,Basic,low,299.0,1,2026-01-30,high,7.0,37.7025,cancelled,2026-01-30,1
U001234,2025-11-09,2,value,mobile,paid_social,68,PLN_BASIC,Basic,low,299.0,1,2026-01-30,high,10.75,70.8625,active,2026-01-30,0
U001235,2025-10-11,3,value,web,paid_social,97,PLN_BASIC,Basic,low,299.0,1,2026-01-30,high,10.5,0.0,expired,2025-12-10,1
U001236,2025-07-30,2,value,mobile,email,170,PLN_BASIC,Basic,low,299.0,1,2026-01-30,high,10.5,0.0,expired,2025-09-04,1
U001237,2025-05-06,3,regular,web,referral,255,PLN_BASIC,Basic,low,299.0,1,2026-01-30,high,10.75,0.0,cancelled,2025-07-05,1
U001238,2025-06-05,3,value,web,referral,225,PLN_BASIC,Basic,low,299.0,1,2026-01-30,high,10.25,66.5725,active,2026-01-30,0
U001239,2025-07-18,1,premium,web,organic,182,PLN_PREM,Premium,high,799.0,1,2026-01-30,high,10.5,271.0525,active,2026-01-30,0
U001240,2025-05-15,2,value,web,organic,246,PLN_STD,Standard,mid,499.0,1,2026-01-30,high,10.75,71.2675,active,2026-01-30,0
U001241,2025-09-09,3,value,mobile,organic,129,PLN_BASIC,Basic,low,299.0,1,2026-01-30,high,10.75,94.86,active,2026-01-30,0
U001242,2025-11-16,2,premium,mobile,search,61,PLN_STD,Standard,mid,499.0,1,2026-01-30,high,10.75,274.9075,active,2026-01-30,0
U001243,2026-01-01,1,regular,mobile,search,15,PLN_STD,Standard,mid,499.0,1,2026-01-30,high,7.25,147.4025,active,2026-01-30,0
U001244,2025-09-04,3,value,web,organic,134,PLN_BASIC,Basic,low,299.0,1,2026-01-30,high,10.5,0.0,expired,2025-11-07,1
U001245,2025-12-10,3,regular,mobile,search,37,PLN_STD,Standard,mid,499.0,1,2026-01-30,high,10.5,220.8525,active,2026-01-30,0
U001246,2026-01-07,2,value,mobile,search,9,PLN_STD,Standard,mid,499.0,1,2026-01-30,high,6.0,80.3275,active,2026-01-30,0
U001247,2025-12-06,2,value,web,organic,41,PLN_BASIC,Basic,low,299.0,1,2026-01-30,high,10.75,106.1175,active,2026-01-30,0
U001248,2025-08-29,1,regular,web,organic,140,PLN_PREM,Premium,high,799.0,1,2026-01-30,high,10.5,0.0,cancelled,2025-09-28,1
U001249,2025-07-25,3,value,mobile,search,175,PLN_STD,Standard,mid,499.0,1,2026-01-30,high,10.75,103.4875,active,2026-01-30,0
U001250,2026-01-05,2,regular,web,search,11,PLN_BASIC,Basic,low,299.0,1,2026-01-30,high,6.25,123.56,active,2026-01-30,0
U001251,2025-07-04,1,value,web,paid_social,196,PLN_BASIC,Basic,low,299.0,1,2026-01-30,high,10.75,0.0,expired,2025-08-05,1
U001252,2025-08-16,2,regular,mobile,paid_social,153,PLN_STD,Standard,mid,499.0,1,2026-01-30,high,10.75,73.675,expired,2026-01-15,1
U001253,2025-05-23,3,regular,web,organic,238,PLN_STD,Standard,mid,499.0,1,2026-01-30,high,10.25,235.415,active,2026-01-30,0
U001254,2025-11-20,3,value,web,organic,57,PLN_BASIC,Basic,low,299.0,1,2026-01-30,high,10.5,89.10249999999999,active,2026-01-30,0
U001255,2025-10-15,2,value,web,organic,93,PLN_STD,Standard,mid,499.0,1,2026-01-30,high,10.75,86.74249999999999,active,2026-01-30,0
U001256,2025-05-26,1,regular,mobile,organic,235,PLN_PREM,Premium,high,799.0,1,2026-01-30,high,10.5,210.1975,active,2026-01-30,0
U001257,2025-06-29,3,regular,mobile,search,201,PLN_BASIC,Basic,low,299.0,1,2026-01-30,high,10.75,167.075,active,2026-01-30,0
U001258,2025-09-21,3,regular,mobile,email,117,PLN_PREM,Premium,high,799.0,1,2026-01-30,high,10.75,257.27376743989225,active,2026-01-30,0
U001259,2025-09-17,2,regular,mobile,organic,121,PLN_STD,Standard,mid,499.0,1,2026-01-30,high,10.5,243.025,active,2026-01-30,0
U001260,2025-11-22,2,regular,mobile,organic,55,PLN_STD,Standard,mid,499.0,1,2026-01-30,high,10.5,191.95,active,2026-01-30,0
U001261,2025-07-10,2,value,mobile,paid_social,190,PLN_BASIC,Basic,low,299.0,1,2026-01-30,high,10.75,115.1025,active,2026-01-30,0
U001262,2025-12-23,2,regular,web,search,24,PLN_PREM,Premium,high,799.0,1,2026-01-30,high,9.75,253.5468757758301,cancelled,2026-01-28,1
U001263,2025-08-24,1,value,web,organic,145,PLN_STD,Standard,mid,499.0,1,2026-01-30,high,10.75,82.09,active,2026-01-30,0
U001264,2025-11-27,1,regular,mobile,organic,50,PLN_BASIC,Basic,low,299.0,1,2026-01-30,high,10.75,146.48250000000002,active,2026-01-30,0
U001265,2025-07-03,1,value,mobile,email,197,PLN_STD,Standard,mid,499.0,1,2026-01-30,high,10.5,107.82,active,2026-01-30,0
U001266,2025-05-14,3,value,web,organic,247,PLN_BASIC,Basic,low,299.0,1,2026-01-30,high,10.75,80.4725,active,2026-01-30,0
U001267,2025-05-18,1,regular,mobile,paid_social,243,PLN_STD,Standard,mid,499.0,1,2026-01-30,high,10.5,45.660000000000004,cancelled,2026-01-14,1
U001268,2025-08-06,1,regular,mobile,referral,163,PLN_PREM,Premium,high,799.0,1,2026-01-30,high,10.75,168.41,active,2026-01-30,0
U001269,2025-12-30,2,regular,web,organic,17,PLN_STD,Standard,mid,499.0,1,2026-01-30,high,7.75,140.4025,active,2026-01-30,0
U001270,2025-05-17,1,regular,web,paid_social,244,PLN_PREM,Premium,high,799.0,1,2026-01-30,high,10.75,162.98,active,2026-01-30,0
U001271,2025-08-05,1,premium,web,organic,164,PLN_PREM,Premium,high,799.0,1,2026-01-30,high,10.75,320.3975,active,2026-01-30,0
U001272,2025-06-01,2,regular,web,organic,229,PLN_BASIC,Basic,low,299.0,1,2026-01-30,high,10.75,229.59,active,2026-01-30,0
U001273,2025-12-24,2,premium,web,organic,23,PLN_PREM,Premium,high,799.0,1,2026-01-30,high,9.25,313.46,active,2026-01-30,0
U001274,2025-10-21,2,regular,web,email,87,PLN_STD,Standard,mid,499.0,1,2026-01-30,high,10.75,186.365,active,2026-01-30,0
U001275,2025-11-12,3,regular,web,organic,65,PLN_STD,Standard,mid,499.0,1,2026-01-30,high,10.75,88.1725,cancelled,2026-01-17,1
U001276,2025-10-31,1,regular,web,organic,77,PLN_PREM,Premium,high,799.0,1,2026-01-30,high,10.75,106.3225,cancelled,2026-01-29,1
U001277,2025-10-16,3,regular,mobile,email,92,PLN_STD,Standard,mid,499.0,1,2026-01-30,high,10.5,156.51,active,2026-01-30,0
U001278,2025-11-15,3,value,mobile,organic,62,PLN_BASIC,Basic,low,299.0,1,2026-01-30,high,10.75,16.9925,cancelled,2026-01-18,1
U001279,2025-05-07,3,regular,web,referral,254,PLN_BASIC,Basic,low,299.0,1,2026-01-30,high,10.5,132.85,active,2026-01-30,0
U001280,2025-12-08,2,value,web,paid_social,39,PLN_STD,Standard,mid,499.0,1,2026-01-30,high,10.75,32.8025,expired,2026-01-13,1
U001281,2025-11-06,2,value,web,search,71,PLN_BASIC,Basic,low,299.0,1,2026-01-30,high,10.75,44.2625,cancelled,2026-01-06,1
U001282,2025-11-06,2,premium,web,paid_social,71,PLN_PREM,Premium,high,799.0,1,2026-01-30,high,10.75,367.9375,active,2026-01-30,0
U001283,2025-08-11,2,value,web,paid_social,158,PLN_STD,Standard,mid,499.0,1,2026-01-30,high,10.5,91.4475,active,2026-01-30,0
U001284,2025-11-22,1,regular,web,organic,55,PLN_STD,Standard,mid,499.0,1,2026-01-30,high,10.75,39.4375,cancelled,2025-12-27,1
U001285,2025-08-08,3,regular,web,email,161,PLN_STD,Standard,mid,499.0,1,2026-01-30,high,10.75,187.23,active,2026-01-30,0
U001286,2025-05-17,2,value,mobile,email,244,PLN_BASIC,Basic,low,299.0,1,2026-01-30,high,10.75,77.5925,active,2026-01-30,0
U001287,2025-12-18,3,premium,web,referral,29,PLN_STD,Standard,mid,499.0,1,2026-01-30,high,10.5,472.0325,active,2026-01-30,0
U001288,2025-07-02,2,value,mobile,paid_social,198,PLN_BASIC,Basic,low,299.0,1,2026-01-30,high,10.25,96.025,active,2026-01-30,0
U001289,2025-05-30,1,premium,web,search,231,PLN_PREM,Premium,high,799.0,1,2026-01-30,high,10.75,185.645,cancelled,2026-01-29,1
U001290,2025-10-08,2,regular,web,search,100,PLN_PREM,Premium,high,799.0,1,2026-01-30,high,10.75,259.745,active,2026-01-30,0
U001291,2025-07-02,2,value,mobile,organic,198,PLN_BASIC,Basic,low,299.0,1,2026-01-30,high,10.75,55.7,active,2026-01-30,0
U001292,2025-12-06,2,value,web,search,41,PLN_BASIC,Basic,low,299.0,1,2026-01-30,high,10.75,43.5125,active,2026-01-30,0
U001293,2025-08-24,2,value,mobile,paid_social,145,PLN_BASIC,Basic,low,299.0,1,2026-01-30,high,10.5,97.6525,active,2026-01-30,0
U001294,2025-05-06,1,regular,mobile,paid_social,255,PLN_BASIC,Basic,low,299.0,1,2026-01-30,high,10.75,0.0,expired,2025-06-09,1
U001295,2025-12-29,2,value,mobile,organic,18,PLN_BASIC,Basic,low,299.0,1,2026-01-30,high,8.25,120.07627180409662,active,2026-01-30,0
U001296,2025-09-11,2,premium,web,search,127,PLN_PREM,Premium,high,799.0,1,2026-01-30,high,10.75,259.46,active,2026-01-30,0
U001297,2025-07-10,3,value,web,paid_social,190,PLN_BASIC,Basic,low,299.0,1,2026-01-30,high,10.75,0.0,cancelled,2025-08-13,1
U001298,2025-10-21,1,regular,web,search,87,PLN_STD,Standard,mid,499.0,1,2026-01-30,high,10.75,155.825,cancelled,2026-01-23,1
U001299,2025-09-15,2,value,web,email,123,PLN_BASIC,Basic,low,299.0,1,2026-01-30,high,10.75,52.51,active,2026-01-30,0
U001300,2025-05-12,2,premium,web,paid_social,249,PLN_PREM,Premium,high,799.0,1,2026-01-30,high,10.75,387.4275,active,2026-01-30,0
U001301,2025-11-11,2,value,mobile,organic,66,PLN_BASIC,Basic,low,299.0,1,2026-01-30,high,10.5,123.19500000000001,active,2026-01-30,0
U001302,2025-08-13,2,regular,mobile,organic,156,PLN_STD,Standard,mid,499.0,1,2026-01-30,high,10.5,220.115,active,2026-01-30,0
U001303,2025-10-27,2,regular,web,paid_social,81,PLN_STD,Standard,mid,499.0,1,2026-01-30,high,10.75,187.4375,active,2026-01-30,0
U001304,2025-12-15,3,value,web,search,32,PLN_BASIC,Basic,low,299.0,1,2026-01-30,high,10.5,42.085,cancelled,2026-01-15,1
U001305,2025-10-05,2,regular,mobile,referral,103,PLN_BASIC,Basic,low,299.0,1,2026-01-30,high,10.75,232.3725,active,2026-01-30,0
U001306,2025-10-20,2,value,mobile,organic,88,PLN_BASIC,Basic,low,299.0,1,2026-01-30,high,10.5,0.0,cancelled,2025-11-24,1
U001307,2025-07-07,1,regular,web,organic,193,PLN_BASIC,Basic,low,299.0,1,2026-01-30,high,10.75,137.265,active,2026-01-30,0
U001308,2025-07-03,2,regular,web,search,197,PLN_STD,Standard,mid,499.0,1,2026-01-30,high,10.5,198.195,active,2026-01-30,0
U001309,2025-08-17,2,regular,mobile,paid_social,152,PLN_STD,Standard,mid,499.0,1,2026-01-30,high,10.75,154.6975,active,2026-01-30,0
U001310,2025-12-05,1,value,mobile,email,42,PLN_BASIC,Basic,low,299.0,1,2026-01-30,high,10.75,31.41,cancelled,2026-01-04,1
U001311,2025-09-13,2,value,mobile,referral,125,PLN_BASIC,Basic,low,299.0,1,2026-01-30,high,10.75,89.7375,active,2026-01-30,0
U001312,2025-07-31,2,value,web,search,169,PLN_STD,Standard,mid,499.0,1,2026-01-30,high,10.5,88.1925,active,2026-01-30,0
U001313,2025-11-16,2,value,web,referral,61,PLN_BASIC,Basic,low,299.0,1,2026-01-30,high,10.5,42.1175,cancelled,2026-01-19,1
U001314,2025-12-05,2,value,web,organic,42,PLN_BASIC,Basic,low,299.0,1,2026-01-30,high,10.75,9.03,cancelled,2026-01-05,1
U001315,2025-12-17,2,premium,web,search,30,PLN_STD,Standard,mid,499.0,1,2026-01-30,high,10.75,323.34499999999997,active,2026-01-30,0
U001316,2025-07-19,2,regular,mobile,email,181,PLN_PREM,Premium,high,799.0,1,2026-01-30,high,10.75,0.0,cancelled,2025-10-21,1
U001317,2025-10-30,1,regular,web,search,78,PLN_BASIC,Basic,low,299.0,1,2026-01-30,high,10.75,263.59250000000003,active,2026-01-30,0
U001318,2025-09-30,1,value,mobile,email,108,PLN_STD,Standard,mid,499.0,1,2026-01-30,high,10.75,106.9475,cancelled,2026-01-30,1
U001319,2025-08-25,2,value,mobile,organic,144,PLN_STD,Standard,mid,499.0,1,2026-01-30,high,10.75,65.8125,active,2026-01-30,0
U001320,2025-08-12,3,regular,mobile,organic,157,PLN_STD,Standard,mid,499.0,1,2026-01-30,high,10.75,57.36,cancelled,2026-01-11,1
U001321,2025-06-02,1,value,mobile,search,228,PLN_BASIC,Basic,low,299.0,1,2026-01-30,high,10.0,59.95,active,2026-01-30,0
U001322,2025-07-12,2,value,mobile,email,188,PLN_STD,Standard,mid,499.0,1,2026-01-30,high,10.75,0.0,cancelled,2025-11-12,1
U001323,2025-09-19,3,regular,web,organic,119,PLN_STD,Standard,mid,499.0,1,2026-01-30,high,10.75,184.87,active,2026-01-30,0
U001324,2025-12-13,3,regular,web,referral,34,PLN_STD,Standard,mid,499.0,1,2026-01-30,high,10.5,207.57,active,2026-01-30,0
U001325,2025-12-08,2,premium,web,organic,39,PLN_STD,Standard,mid,499.0,1,2026-01-30,high,10.5,67.7975,expired,2026-01-12,1
U001326,2025-06-21,2,value,mobile,paid_social,209,PLN_BASIC,Basic,low,299.0,1,2026-01-30,high,10.75,100.71000000000001,active,2026-01-30,0
U001327,2025-10-22,2,regular,mobile,search,86,PLN_BASIC,Basic,low,299.0,1,2026-01-30,high,10.75,0.0,expired,2025-12-24,1
U001328,2025-05-26,3,value,web,organic,235,PLN_BASIC,Basic,low,299.0,1,2026-01-30,high,10.5,107.465,active,2026-01-30,0
U001329,2025-10-21,1,value,web,paid_social,87,PLN_BASIC,Basic,low,299.0,1,2026-01-30,high,10.75,82.845,active,2026-01-30,0
U001330,2025-07-29,3,regular,web,paid_social,171,PLN_STD,Standard,mid,499.0,1,2026-01-30,high,10.75,154.925,active,2026-01-30,0
U001331,2025-08-25,1,value,web,search,144,PLN_STD,Standard,mid,499.0,1,2026-01-30,high,10.5,191.3746710634566,active,2026-01-30,0
U001332,2025-11-01,3,regular,mobile,organic,76,PLN_STD,Standard,mid,499.0,1,2026-01-30,high,10.75,208.2825,active,2026-01-30,0
U001333,2025-08-19,1,regular,web,organic,150,PLN_BASIC,Basic,low,299.0,1,2026-01-30,high,10.5,144.9775,active,2026-01-30,0
U001334,2025-11-23,1,value,mobile,email,54,PLN_BASIC,Basic,low,299.0,1,2026-01-30,high,10.75,72.5525,cancelled,2026-01-29,1
U001335,2025-09-15,1,premium,mobile,paid_social,123,PLN_PREM,Premium,high,799.0,1,2026-01-30,high,10.5,330.185,active,2026-01-30,0
U001336,2026-01-10,2,regular,web,referral,6,PLN_BASIC,Basic,low,299.0,1,2026-01-30,high,5.25,86.42,active,2026-01-30,0
U001337,2025-10-12,2,regular,web,paid_social,96,PLN_PREM,Premium,high,799.0,1,2026-01-30,high,10.5,214.465,active,2026-01-30,0
U001338,2025-07-18,1,regular,mobile,referral,182,PLN_BASIC,Basic,low,299.0,1,2026-01-30,high,10.75,0.0,cancelled,2025-09-19,1
U001339,2025-11-15,2,premium,mobile,organic,62,PLN_STD,Standard,mid,499.0,1,2026-01-30,high,10.75,151.0375,expired,2026-01-14,1
U001340,2025-08-15,2,value,web,search,154,PLN_BASIC,Basic,low,299.0,1,2026-01-30,high,10.75,102.895,active,2026-01-30,0
U001341,2025-09-16,3,regular,web,paid_social,122,PLN_STD,Standard,mid,499.0,1,2026-01-30,high,10.75,116.535,expired,2026-01-20,1
U001342,2025-06-08,3,regular,mobile,organic,222,PLN_PREM,Premium,high,799.0,1,2026-01-30,high,10.75,217.5825,active,2026-01-30,0
U001343,2025-06-03,2,value,mobile,organic,227,PLN_BASIC,Basic,low,299.0,1,2026-01-30,high,10.75,77.735,active,2026-01-30,0
U001344,2025-09-26,1,value,mobile,paid_social,112,PLN_STD,Standard,mid,499.0,1,2026-01-30,high,10.75,0.0,expired,2025-10-28,1
U001345,2025-06-20,2,premium,mobile,referral,210,PLN_STD,Standard,mid,499.0,1,2026-01-30,high,10.5,372.1975,active,2026-01-30,0
U001346,2026-01-10,3,regular,mobile,paid_social,6,PLN_STD,Standard,mid,499.0,1,2026-01-30,mid,5.0,81.965,expired,2026-01-30,1
U001347,2025-12-05,1,regular,web,organic,42,PLN_STD,Standard,mid,499.0,1,2026-01-30,high,10.75,6.4125,cancelled,2026-01-04,1
U001348,2025-10-27,2,regular,mobile,email,81,PLN_BASIC,Basic,low,299.0,1,2026-01-30,high,10.25,181.94,active,2026-01-30,0
U001349,2025-11-05,3,regular,web,organic,72,PLN_BASIC,Basic,low,299.0,1,2026-01-30,high,10.75,67.605,cancelled,2026-01-04,1
U001350,2025-10-01,3,premium,mobile,organic,107,PLN_STD,Standard,mid,499.0,1,2026-01-30,high,10.75,404.78,active,2026-01-30,0
U001351,2025-05-20,2,regular,mobile,email,241,PLN_STD,Standard,mid,499.0,1,2026-01-30,high,10.75,154.2275,active,2026-01-30,0
U001352,2025-08-11,2,value,mobile,paid_social,158,PLN_BASIC,Basic,low,299.0,1,2026-01-30,high,10.75,132.345,active,2026-01-30,0
U001353,2025-09-06,2,value,web,email,132,PLN_BASIC,Basic,low,299.0,1,2026-01-30,high,10.75,94.9475,active,2026-01-30,0
U001354,2025-12-20,3,regular,mobile,referral,27,PLN_STD,Standard,mid,499.0,1,2026-01-30,high,10.5,231.67,active,2026-01-30,0
U001355,2025-06-29,1,regular,mobile,paid_social,201,PLN_BASIC,Basic,low,299.0,1,2026-01-30,high,10.25,197.6325,active,2026-01-30,0
U001356,2025-09-06,1,regular,mobile,organic,132,PLN_BASIC,Basic,low,299.0,1,2026-01-30,high,10.0,185.035,active,2026-01-30,0
U001357,2025-07-30,2,value,mobile,organic,170,PLN_BASIC,Basic,low,299.0,1,2026-01-30,high,10.75,25.785,cancelled,2026-01-01,1
U001358,2025-06-07,1,value,web,email,223,PLN_BASIC,Basic,low,299.0,1,2026-01-30,high,10.75,105.31,active,2026-01-30,0
U001359,2025-05-30,2,regular,web,referral,231,PLN_BASIC,Basic,low,299.0,1,2026-01-30,high,10.75,163.265,active,2026-01-30,0
U001360,2025-08-04,2,regular,mobile,search,165,PLN_STD,Standard,mid,499.0,1,2026-01-30,high,10.5,160.125,active,2026-01-30,0
U001361,2025-05-25,3,value,mobile,search,236,PLN_BASIC,Basic,low,299.0,1,2026-01-30,high,10.75,0.0,cancelled,2025-07-24,1
U001362,2025-05-21,3,regular,mobile,organic,240,PLN_PREM,Premium,high,799.0,1,2026-01-30,high,10.5,0.0,expired,2025-10-22,1
U001363,2025-08-01,2,regular,mobile,organic,168,PLN_STD,Standard,mid,499.0,1,2026-01-30,high,10.5,179.265,active,2026-01-30,0
U001364,2025-06-24,3,premium,web,referral,206,PLN_PREM,Premium,high,799.0,1,2026-01-30,high,10.25,267.81,active,2026-01-30,0
U001365,2025-09-21,2,value,web,organic,117,PLN_BASIC,Basic,low,299.0,1,2026-01-30,high,10.75,0.0,cancelled,2025-11-22,1
U001366,2025-05-09,2,premium,mobile,search,252,PLN_PREM,Premium,high,799.0,1,2026-01-30,high,10.5,299.145,active,2026-01-30,0
U001367,2025-07-19,1,regular,web,email,181,PLN_BASIC,Basic,low,299.0,1,2026-01-30,high,10.75,0.0,cancelled,2025-10-23,1
U001368,2025-08-26,3,regular,mobile,search,143,PLN_BASIC,Basic,low,299.0,1,2026-01-30,high,10.75,138.6075,active,2026-01-30,0
U001369,2026-01-01,3,value,mobile,search,15,PLN_BASIC,Basic,low,299.0,1,2026-01-30,high,7.5,65.915,active,2026-01-30,0
U001370,2025-10-11,3,regular,mobile,organic,97,PLN_STD,Standard,mid,499.0,1,2026-01-30,high,10.75,230.2425,active,2026-01-30,0
U001371,2025-12-12,3,regular,web,organic,35,PLN_STD,Standard,mid,499.0,1,2026-01-30,high,10.5,175.23,active,2026-01-30,0
U001372,2025-07-30,3,value,mobile,organic,170,PLN_BASIC,Basic,low,299.0,1,2026-01-30,high,10.75,163.4616272509924,active,2026-01-30,0
U001373,2025-08-25,1,regular,web,organic,144,PLN_BASIC,Basic,low,299.0,1,2026-01-30,high,10.5,194.3925,active,2026-01-30,0
U001374,2025-08-18,3,regular,web,organic,151,PLN_STD,Standard,mid,499.0,1,2026-01-30,high,10.25,213.0775,active,2026-01-30,0
U001375,2025-12-13,2,regular,web,organic,34,PLN_PREM,Premium,high,799.0,1,2026-01-30,high,10.75,215.0475,active,2026-01-30,0
U001376,2025-12-31,2,value,web,organic,16,PLN_STD,Standard,mid,499.0,1,2026-01-30,high,7.75,26.665,cancelled,2026-01-30,1
U001377,2026-01-01,2,regular,mobile,organic,15,PLN_STD,Standard,mid,499.0,1,2026-01-30,high,7.5,65.2525,cancelled,2026-01-30,1
U001378,2025-11-09,2,value,mobile,email,68,PLN_BASIC,Basic,low,299.0,1,2026-01-30,high,10.5,86.205,active,2026-01-30,0
U001379,2025-09-08,2,premium,web,organic,130,PLN_STD,Standard,mid,499.0,1,2026-01-30,high,10.75,334.235,active,2026-01-30,0
U001380,2025-09-17,1,premium,mobile,search,121,PLN_PREM,Premium,high,799.0,1,2026-01-30,high,10.75,319.83,active,2026-01-30,0
U001381,2026-01-06,1,value,web,referral,10,PLN_BASIC,Basic,low,299.0,1,2026-01-30,high,6.25,62.8675,active,2026-01-30,0
U001382,2025-07-15,2,value,mobile,organic,185,PLN_BASIC,Basic,low,299.0,1,2026-01-30,high,10.25,108.43,active,2026-01-30,0
U001383,2025-07-31,3,value,mobile,search,169,PLN_BASIC,Basic,low,299.0,1,2026-01-29,high,10.25,106.0,active,2026-01-30,0
U001384,2025-12-16,2,regular,mobile,referral,31,PLN_BASIC,Basic,low,299.0,1,2026-01-30,high,10.5,179.345,active,2026-01-30,0
U001385,2025-08-09,2,premium,web,search,160,PLN_PREM,Premium,high,799.0,1,2026-01-30,high,10.75,297.4675,active,2026-01-30,0
U001386,2025-07-03,2,regular,web,organic,197,PLN_BASIC,Basic,low,299.0,1,2026-01-30,high,10.75,137.7275,active,2026-01-30,0
U001387,2025-09-22,2,value,web,paid_social,116,PLN_BASIC,Basic,low,299.0,1,2026-01-30,high,10.75,78.08,active,2026-01-30,0
U001388,2025-07-25,1,value,mobile,paid_social,175,PLN_STD,Standard,mid,499.0,1,2026-01-30,high,10.75,68.99,active,2026-01-30,0
U001389,2025-12-14,3,value,mobile,search,33,PLN_BASIC,Basic,low,299.0,1,2026-01-30,high,10.75,109.59,active,2026-01-30,0
U001390,2025-12-19,1,regular,web,organic,28,PLN_STD,Standard,mid,499.0,1,2026-01-30,high,10.75,240.675,active,2026-01-30,0
U001391,2025-07-20,2,regular,web,organic,180,PLN_BASIC,Basic,low,299.0,1,2026-01-30,high,10.75,0.0,cancelled,2025-11-24,1
U001392,2025-09-14,3,regular,mobile,referral,124,PLN_STD,Standard,mid,499.0,1,2026-01-30,high,10.75,204.4575,active,2026-01-30,0
U001393,2026-01-06,2,value,web,organic,10,PLN_STD,Standard,mid,499.0,1,2026-01-30,high,6.25,27.255,expired,2026-01-30,1
U001394,2025-11-07,3,premium,mobile,organic,70,PLN_PREM,Premium,high,799.0,1,2026-01-30,high,10.25,366.8835634645672,active,2026-01-30,0
U001395,2025-06-28,2,value,mobile,search,202,PLN_STD,Standard,mid,499.0,1,2026-01-30,high,10.25,5.365,cancelled,2025-12-30,1
U001396,2025-09-30,3,regular,web,email,108,PLN_STD,Standard,mid,499.0,1,2026-01-30,high,10.75,200.1,active,2026-01-30,0
U001397,2025-10-07,2,premium,web,organic,101,PLN_PREM,Premium,high,799.0,1,2026-01-30,high,10.5,381.5075,active,2026-01-30,0
U001398,2025-10-16,3,regular,web,organic,92,PLN_STD,Standard,mid,499.0,1,2026-01-30,high,10.75,0.0,cancelled,2025-12-17,1
U001399,2025-05-11,2,premium,web,search,250,PLN_PREM,Premium,high,799.0,1,2026-01-30,high,10.25,259.7175,active,2026-01-30,0
U001400,2025-07-19,3,value,unknown,paid_social,181,PLN_BASIC,Basic,low,299.0,1,2026-01-30,high,10.75,0.0,expired,2025-11-19,1
U001401,2025-12-05,3,regular,mobile,search,42,PLN_BASIC,Basic,low,299.0,1,2026-01-30,high,10.25,89.14,expired,2026-01-09,1
U001402,2025-07-04,2,value,web,referral,196,PLN_STD,Standard,mid,499.0,1,2026-01-30,high,10.5,70.69500000000001,active,2026-01-30,0
U001403,2025-07-19,3,regular,web,organic,181,PLN_STD,Standard,mid,499.0,1,2026-01-30,high,10.75,195.98,active,2026-01-30,0
U001404,2025-07-24,2,value,web,search,176,PLN_BASIC,Basic,low,299.0,1,2026-01-30,high,10.5,9.975,expired,2025-12-27,1
U001405,2025-06-18,2,value,web,search,212,PLN_BASIC,Basic,low,299.0,1,2026-01-30,high,10.75,36.1925,cancelled,2026-01-18,1
U001406,2025-06-13,3,value,mobile,search,217,PLN_BASIC,Basic,low,299.0,1,2026-01-30,high,10.5,92.3325,active,2026-01-30,0
U001407,2025-07-31,2,value,mobile,search,169,PLN_BASIC,Basic,low,299.0,1,2026-01-30,high,10.5,95.7675,active,2026-01-30,0
U001408,2025-12-10,2,regular,mobile,referral,37,PLN_STD,Standard,mid,499.0,1,2026-01-30,high,10.5,222.1010857400479,active,2026-01-30,0
U001409,2025-05-05,1,regular,web,organic,256,PLN_STD,Standard,mid,499.0,1,2026-01-30,high,10.75,260.925,active,2026-01-30,0
U001410,2025-07-15,1,value,mobile,paid_social,185,PLN_BASIC,Basic,low,299.0,1,2026-01-30,high,10.75,0.0,cancelled,2025-08-14,1
U001411,2025-05-20,3,premium,web,organic,241,PLN_STD,Standard,mid,499.0,1,2026-01-30,high,10.75,32.165,cancelled,2025-12-20,1
U001412,2025-09-22,2,premium,mobile,search,116,PLN_PREM,Premium,high,799.0,1,2026-01-30,high,10.75,262.535,active,2026-01-30,0
U001413,2025-07-06,2,value,mobile,search,194,PLN_BASIC,Basic,low,299.0,1,2026-01-30,high,10.5,45.975,active,2026-01-30,0
U001414,2025-11-19,1,regular,mobile,search,58,PLN_BASIC,Basic,low,299.0,1,2026-01-30,high,10.75,217.32,active,2026-01-30,0
U001415,2025-09-28,2,regular,web,organic,110,PLN_STD,Standard,mid,499.0,1,2026-01-30,high,10.75,254.02667096936943,active,2026-01-30,0
U001416,2025-11-17,3,regular,web,email,60,PLN_BASIC,Basic,low,299.0,1,2026-01-30,high,10.5,179.835,active,2026-01-30,0
U001417,2025-10-11,3,value,mobile,email,97,PLN_STD,Standard,mid,499.0,1,2026-01-30,high,10.75,95.7825,active,2026-01-30,0
U001418,2025-08-23,1,regular,web,referral,146,PLN_BASIC,Basic,low,299.0,1,2026-01-30,high,10.75,127.1375,active,2026-01-30,0
U001419,2025-12-07,2,value,mobile,referral,40,PLN_STD,Standard,mid,499.0,1,2026-01-30,high,10.75,24.6125,cancelled,2026-01-10,1
U001420,2025-09-01,2,value,web,organic,137,PLN_BASIC,Basic,low,299.0,1,2026-01-30,high,10.75,83.08,active,2026-01-30,0
U001421,2025-12-29,2,regular,mobile,search,18,PLN_STD,Standard,mid,499.0,1,2026-01-30,high,8.25,57.947500000000005,cancelled,2026-01-30,1
U001422,2026-01-09,2,regular,web,organic,7,PLN_STD,Standard,mid,499.0,1,2026-01-30,high,5.5,96.7375,expired,2026-01-30,1
U001423,2025-09-29,2,regular,mobile,referral,109,PLN_BASIC,Basic,low,299.0,1,2026-01-30,high,10.75,160.93,active,2026-01-30,0
U001424,2025-10-21,2,value,unknown,organic,87,PLN_BASIC,Basic,low,299.0,1,2026-01-30,high,10.5,57.6725,active,2026-01-30,0
U001425,2025-07-08,2,value,web,organic,192,PLN_BASIC,Basic,low,299.0,1,2026-01-30,high,10.5,103.43,active,2026-01-30,0
U001426,2025-11-25,2,value,web,paid_social,52,PLN_BASIC,Basic,low,299.0,1,2026-01-30,high,10.75,13.0225,expired,2025-12-28,1
U001427,2025-10-20,2,value,web,organic,88,PLN_BASIC,Basic,low,299.0,1,2026-01-30,high,10.75,70.1975,active,2026-01-30,0
U001428,2025-12-17,3,value,mobile,paid_social,30,PLN_STD,Standard,mid,499.0,1,2026-01-30,high,10.75,97.9425,active,2026-01-30,0
U001429,2025-07-11,2,regular,mobile,organic,189,PLN_BASIC,Basic,low,299.0,1,2026-01-30,high,10.75,207.0625,active,2026-01-30,0
U001430,2025-11-18,2,regular,mobile,paid_social,59,PLN_PREM,Premium,high,799.0,1,2026-01-30,high,10.5,175.3975,active,2026-01-30,0
U001431,2025-08-31,3,regular,mobile,referral,138,PLN_BASIC,Basic,low,299.0,1,2026-01-30,high,10.75,259.96500000000003,active,2026-01-30,0
U001432,2025-06-20,3,regular,mobile,paid_social,210,PLN_STD,Standard,mid,499.0,1,2026-01-30,high,10.25,240.415,active,2026-01-30,0
U001433,2025-06-16,1,value,web,organic,214,PLN_BASIC,Basic,low,299.0,1,2026-01-30,high,10.75,79.2225,active,2026-01-30,0
U001434,2025-09-23,2,regular,mobile,organic,115,PLN_STD,Standard,mid,499.0,1,2026-01-30,high,10.75,193.39749999999998,active,2026-01-30,0
U001435,2025-07-24,2,value,web,organic,176,PLN_BASIC,Basic,low,299.0,1,2026-01-30,high,10.75,114.135,active,2026-01-30,0
U001436,2025-05-30,2,premium,mobile,organic,231,PLN_PREM,Premium,high,799.0,1,2026-01-30,high,10.5,356.795,active,2026-01-30,0
U001437,2025-08-20,1,value,web,search,149,PLN_BASIC,Basic,low,299.0,1,2026-01-30,high,10.75,0.0,cancelled,2025-12-22,1
U001438,2025-10-15,2,regular,mobile,search,93,PLN_PREM,Premium,high,799.0,1,2026-01-30,high,10.75,148.29,active,2026-01-30,0
U001439,2025-07-24,2,premium,web,organic,176,PLN_PREM,Premium,high,799.0,1,2026-01-29,high,10.5,404.695,active,2026-01-30,0
U001440,2025-12-30,2,regular,web,organic,17,PLN_STD,Standard,mid,499.0,1,2026-01-30,high,8.0,146.5725,active,2026-01-30,0
U001441,2025-11-16,3,regular,web,email,61,PLN_BASIC,Basic,low,299.0,1,2026-01-30,high,10.75,68.39,cancelled,2026-01-19,1
U001442,2025-09-10,2,regular,web,organic,128,PLN_STD,Standard,mid,499.0,1,2026-01-30,high,10.75,145.835,active,2026-01-30,0
U001443,2025-12-25,3,value,web,organic,22,PLN_STD,Standard,mid,499.0,1,2026-01-30,high,9.25,54.885,cancelled,2026-01-28,1
U001444,2025-08-21,3,regular,web,search,148,PLN_BASIC,Basic,low,299.0,1,2026-01-30,high,10.75,0.0,cancelled,2025-11-22,1
U001445,2025-06-09,3,premium,web,organic,221,PLN_PREM,Premium,high,799.0,1,2026-01-30,high,10.75,0.0,cancelled,2025-11-06,1
U001446,2025-05-13,1,premium,mobile,email,248,PLN_PREM,Premium,high,799.0,1,2026-01-30,high,10.75,345.9475,active,2026-01-30,0
U001447,2025-12-26,3,regular,web,organic,21,PLN_BASIC,Basic,low,299.0,1,2026-01-30,high,8.75,135.865,active,2026-01-30,0
U001448,2025-12-31,1,value,mobile,paid_social,16,PLN_BASIC,Basic,low,299.0,1,2026-01-30,high,7.5,36.667500000000004,cancelled,2026-01-30,1
U001449,2025-11-06,2,regular,web,paid_social,71,PLN_STD,Standard,mid,499.0,1,2026-01-30,high,10.5,198.9325,active,2026-01-30,0
U001450,2025-05-30,3,regular,mobile,referral,231,PLN_BASIC,Basic,low,299.0,1,2026-01-30,high,10.75,221.1875,active,2026-01-30,0
U001451,2025-07-17,2,value,web,paid_social,183,PLN_BASIC,Basic,low,299.0,1,2026-01-30,high,10.75,65.1275,active,2026-01-30,0
U001452,2025-05-15,2,value,web,paid_social,246,PLN_BASIC,Basic,low,299.0,1,2026-01-30,high,10.75,100.4625,active,2026-01-30,0
U001453,2025-05-17,2,value,mobile,search,244,PLN_BASIC,Basic,low,299.0,1,2026-01-30,high,10.75,94.34,active,2026-01-30,0
U001454,2025-07-05,3,regular,mobile,search,195,PLN_BASIC,Basic,low,299.0,1,2026-01-30,high,10.75,222.84,active,2026-01-30,0
U001455,2025-09-25,2,value,web,paid_social,113,PLN_BASIC,Basic,low,299.0,1,2026-01-30,high,10.75,71.995,active,2026-01-30,0
U001456,2025-05-21,2,value,web,search,240,PLN_STD,Standard,mid,499.0,1,2026-01-30,high,10.5,72.81,cancelled,2026-01-22,1
U001457,2026-01-07,3,value,web,search,9,PLN_STD,Standard,mid,499.0,1,2026-01-30,high,6.0,82.1225,active,2026-01-30,0
U001458,2025-08-27,1,premium,web,organic,142,PLN_STD,Standard,mid,499.0,1,2026-01-30,high,10.25,40.065,cancelled,2025-12-29,1
U001459,2025-07-10,1,value,web,organic,190,PLN_BASIC,Basic,low,299.0,1,2026-01-30,high,10.5,86.105,active,2026-01-30,0
U001460,2025-09-11,2,value,mobile,search,127,PLN_BASIC,Basic,low,299.0,1,2026-01-30,high,10.75,79.07000000000001,active,2026-01-30,0
U001461,2025-11-19,3,regular,web,organic,58,PLN_BASIC,Basic,low,299.0,1,2026-01-30,high,10.75,187.1425,active,2026-01-30,0
U001462,2025-07-22,1,value,mobile,search,178,PLN_STD,Standard,mid,499.0,1,2026-01-30,high,10.75,108.295,active,2026-01-30,0
U001463,2025-05-16,1,premium,web,organic,245,PLN_STD,Standard,mid,499.0,1,2026-01-30,high,10.75,313.96,active,2026-01-30,0
U001464,2025-05-17,1,premium,web,search,244,PLN_PREM,Premium,high,799.0,1,2026-01-30,high,10.75,278.9,active,2026-01-30,0
U001465,2025-12-04,3,regular,web,paid_social,43,PLN_BASIC,Basic,low,299.0,1,2026-01-30,high,10.25,21.5175,expired,2026-01-03,1
U001466,2025-06-02,1,regular,web,search,228,PLN_BASIC,Basic,low,299.0,1,2026-01-30,high,10.75,164.92,active,2026-01-30,0
U001467,2025-10-11,2,value,web,paid_social,97,PLN_BASIC,Basic,low,299.0,1,2026-01-30,high,10.75,20.8825,expired,2026-01-13,1
U001468,2025-08-09,3,value,mobile,organic,160,PLN_STD,Standard,mid,499.0,1,2026-01-30,high,10.75,43.7825,cancelled,2026-01-10,1
U001469,2025-11-16,1,value,mobile,organic,61,PLN_BASIC,Basic,low,299.0,1,2026-01-30,high,10.25,79.8775,active,2026-01-30,0
U001470,2025-05-20,2,value,web,paid_social,241,PLN_STD,Standard,mid,499.0,1,2026-01-30,high,10.5,91.5925,active,2026-01-30,0
U001471,2025-12-16,2,value,web,referral,31,PLN_BASIC,Basic,low,299.0,1,2026-01-30,high,10.75,88.845,active,2026-01-30,0
U001472,2025-10-27,3,regular,mobile,paid_social,81,PLN_BASIC,Basic,low,299.0,1,2026-01-30,high,10.75,163.9725,active,2026-01-30,0
U001473,2025-08-25,2,value,web,paid_social,144,PLN_BASIC,Basic,low,299.0,1,2026-01-30,high,10.5,75.025,cancelled,2026-01-26,1
U001474,2025-06-25,2,value,web,paid_social,205,PLN_BASIC,Basic,low,299.0,1,2026-01-30,high,10.5,79.10249999999999,active,2026-01-30,0
U001475,2026-01-05,1,regular,mobile,paid_social,11,PLN_STD,Standard,mid,499.0,1,2026-01-30,high,6.25,85.1,expired,2026-01-30,1
U001476,2025-07-19,2,regular,web,paid_social,181,PLN_BASIC,Basic,low,299.0,1,2026-01-30,high,10.25,202.935,active,2026-01-30,0
U001477,2025-09-05,3,value,web,paid_social,133,PLN_BASIC,Basic,low,299.0,1,2026-01-30,high,10.75,70.6525,active,2026-01-30,0
U001478,2025-08-11,1,value,web,organic,158,PLN_BASIC,Basic,low,299.0,1,2026-01-30,high,10.75,107.2225,active,2026-01-30,0
U001479,2025-07-01,2,value,mobile,organic,199,PLN_BASIC,Basic,low,299.0,1,2026-01-30,high,10.5,113.89051913358425,active,2026-01-30,0
U001480,2025-08-17,3,value,web,search,152,PLN_BASIC,Basic,low,299.0,1,2026-01-30,high,10.5,0.0,cancelled,2025-10-18,1
U001481,2025-06-12,1,regular,mobile,search,218,PLN_BASIC,Basic,low,299.0,1,2026-01-30,high,10.5,139.32,active,2026-01-30,0
U001482,2025-05-05,2,premium,web,paid_social,256,PLN_PREM,Premium,high,799.0,1,2026-01-30,high,10.75,302.565,active,2026-01-30,0
U001483,2025-07-16,2,regular,web,organic,184,PLN_PREM,Premium,high,799.0,1,2026-01-30,high,9.75,134.3475,active,2026-01-30,0
U001484,2025-06-02,2,regular,web,organic,228,PLN_BASIC,Basic,low,299.0,1,2026-01-30,high,10.75,196.355,active,2026-01-30,0
U001485,2025-08-17,2,regular,mobile,referral,152,PLN_PREM,Premium,high,799.0,1,2026-01-30,high,10.75,188.5175,active,2026-01-30,0
U001486,2025-12-07,2,regular,web,organic,40,PLN_STD,Standard,mid,499.0,1,2026-01-30,high,10.25,78.265,cancelled,2026-01-08,1
U001487,2025-06-14,1,value,mobile,referral,216,PLN_BASIC,Basic,low,299.0,1,2026-01-30,high,10.5,0.0,cancelled,2025-11-18,1
U001488,2025-05-05,2,value,web,organic,256,PLN_BASIC,Basic,low,299.0,1,2026-01-30,high,10.75,97.34,active,2026-01-30,0
U001489,2025-06-01,2,regular,web,search,229,PLN_BASIC,Basic,low,299.0,1,2026-01-30,high,10.75,0.0,cancelled,2025-07-06,1
U001490,2025-09-09,2,regular,web,search,129,PLN_STD,Standard,mid,499.0,1,2026-01-30,high,10.75,36.56,expired,2026-01-07,1
U001491,2025-07-12,1,value,web,organic,188,PLN_STD,Standard,mid,499.0,1,2026-01-30,high,10.75,47.317499999999995,cancelled,2026-01-10,1
U001492,2025-09-04,3,value,web,organic,134,PLN_STD,Standard,mid,499.0,1,2026-01-30,high,10.75,43.915,active,2026-01-30,0
U001493,2025-05-12,1,value,mobile,organic,249,PLN_BASIC,Basic,low,299.0,1,2026-01-30,high,10.5,0.0,cancelled,2025-10-11,1
U001494,2025-07-27,3,value,mobile,organic,173,PLN_STD,Standard,mid,499.0,1,2026-01-30,high,10.5,66.72,cancelled,2026-01-29,1
U001495,2025-08-15,2,regular,mobile,organic,154,PLN_STD,Standard,mid,499.0,1,2026-01-30,high,10.5,204.165,active,2026-01-30,0
U001496,2025-08-21,3,regular,mobile,referral,148,PLN_STD,Standard,mid,499.0,1,2026-01-30,high,10.75,200.31,active,2026-01-30,0
U001497,2025-09-20,1,regular,web,organic,118,PLN_BASIC,Basic,low,299.0,1,2026-01-30,high,10.75,188.2375,active,2026-01-30,0
U001498,2025-11-16,1,value,mobile,search,61,PLN_BASIC,Basic,low,299.0,1,2026-01-30,high,10.5,58.792500000000004,active,2026-01-30,0
U001499,2025-08-30,2,value,web,organic,139,PLN_BASIC,Basic,low,299.0,1,2026-01-30,high,10.75,119.685,active,2026-01-30,0
U001500,2025-12-02,1,regular,mobile,email,45,PLN_STD,Standard,mid,499.0,1,2026-01-30,high,10.75,201.055,active,2026-01-30,0
U001501,2025-09-14,1,regular,mobile,referral,124,PLN_STD,Standard,mid,499.0,1,2026-01-30,high,10.75,148.875,active,2026-01-30,0
U001502,2025-07-09,2,value,web,email,191,PLN_BASIC,Basic,low,299.0,1,2026-01-30,high,10.75,64.065,active,2026-01-30,0
U001503,2025-07-01,3,value,mobile,email,199,PLN_BASIC,Basic,low,299.0,1,2026-01-30,high,10.75,87.2025,active,2026-01-30,0
U001504,2025-07-24,1,regular,mobile,organic,176,PLN_STD,Standard,mid,499.0,1,2026-01-30,high,10.75,175.8775,active,2026-01-30,0
U001505,2025-10-01,3,regular,web,paid_social,107,PLN_STD,Standard,mid,499.0,1,2026-01-30,high,10.5,0.0,expired,2025-11-07,1
U001506,2025-07-04,3,premium,mobile,organic,196,PLN_PREM,Premium,high,799.0,1,2026-01-30,high,10.75,303.81,active,2026-01-30,0
U001507,2025-12-20,3,regular,web,referral,27,PLN_BASIC,Basic,low,299.0,1,2026-01-30,high,10.5,175.305,active,2026-01-30,0
U001508,2025-09-02,2,regular,web,search,136,PLN_BASIC,Basic,low,299.0,1,2026-01-30,high,10.5,156.6,active,2026-01-30,0
U001509,2025-12-07,2,regular,web,search,40,PLN_BASIC,Basic,low,299.0,1,2026-01-30,high,10.75,227.575,active,2026-01-30,0
U001510,2025-10-23,2,value,mobile,email,85,PLN_BASIC,Basic,low,299.0,1,2026-01-30,high,10.5,0.0,cancelled,2025-12-23,1
U001511,2025-07-27,2,regular,web,referral,173,PLN_BASIC,Basic,low,299.0,1,2026-01-30,high,10.75,214.2275,active,2026-01-30,0
U001512,2025-07-01,3,regular,mobile,email,199,PLN_BASIC,Basic,low,299.0,1,2026-01-30,high,10.75,149.76,active,2026-01-30,0
U001513,2025-11-07,1,value,web,organic,70,PLN_BASIC,Basic,low,299.0,1,2026-01-30,high,10.5,110.795,active,2026-01-30,0
U001514,2025-07-27,2,premium,web,organic,173,PLN_PREM,Premium,high,799.0,1,2026-01-30,high,10.75,355.5525,active,2026-01-30,0
U001515,2025-07-05,1,value,mobile,organic,195,PLN_BASIC,Basic,low,299.0,1,2026-01-30,high,10.75,90.8625,active,2026-01-30,0
U001516,2025-12-24,3,value,web,search,23,PLN_BASIC,Basic,low,299.0,1,2026-01-30,high,9.5,94.475,active,2026-01-30,0
U001517,2025-09-03,2,value,mobile,search,135,PLN_BASIC,Basic,low,299.0,1,2026-01-30,high,10.5,122.305,active,2026-01-30,0
U001518,2025-05-17,2,premium,web,organic,244,PLN_PREM,Premium,high,799.0,1,2026-01-30,high,10.75,374.7925,active,2026-01-30,0
U001519,2025-09-06,3,premium,mobile,referral,132,PLN_PREM,Premium,high,799.0,1,2026-01-30,high,10.25,348.5775,active,2026-01-30,0
U001520,2025-08-28,3,regular,mobile,organic,141,PLN_STD,Standard,mid,499.0,1,2026-01-30,high,10.5,81.0725,cancelled,2026-01-30,1
U001521,2025-12-07,1,premium,web,paid_social,40,PLN_PREM,Premium,high,799.0,1,2026-01-29,high,10.25,407.1118278120236,active,2026-01-30,0
U001522,2025-10-30,3,premium,web,referral,78,PLN_STD,Standard,mid,499.0,1,2026-01-30,high,10.25,156.3675,expired,2026-01-05,1
U001523,2025-06-22,3,regular,web,paid_social,208,PLN_STD,Standard,mid,499.0,1,2026-01-30,high,10.75,0.0,expired,2025-09-22,1
U001524,2025-06-11,1,premium,mobile,search,219,PLN_PREM,Premium,high,799.0,1,2026-01-30,high,10.75,372.85249999999996,active,2026-01-30,0
U001525,2025-10-03,3,regular,mobile,organic,105,PLN_STD,Standard,mid,499.0,1,2026-01-30,high,10.75,102.1875,active,2026-01-30,0
U001526,2025-05-16,2,regular,web,organic,245,PLN_STD,Standard,mid,499.0,1,2026-01-30,high,10.5,199.26749999999998,active,2026-01-30,0
U001527,2025-07-24,2,regular,web,paid_social,176,PLN_STD,Standard,mid,499.0,1,2026-01-30,high,10.75,0.0,cancelled,2025-11-24,1
U001528,2025-06-08,2,regular,mobile,search,222,PLN_PREM,Premium,high,799.0,1,2026-01-30,high,10.5,0.0,expired,2025-11-12,1
U001529,2025-05-10,2,value,web,organic,251,PLN_BASIC,Basic,low,299.0,1,2026-01-30,high,10.5,65.4,active,2026-01-30,0
U001530,2025-12-21,1,regular,mobile,email,26,PLN_STD,Standard,mid,499.0,1,2026-01-30,high,10.25,195.595,active,2026-01-30,0
U001531,2025-05-27,1,premium,mobile,paid_social,234,PLN_PREM,Premium,high,799.0,1,2026-01-30,high,10.75,0.0,expired,2025-09-24,1
U001532,2025-05-07,1,value,web,referral,254,PLN_BASIC,Basic,low,299.0,1,2026-01-30,high,10.75,0.0,expired,2025-08-10,1
U001533,2025-12-25,2,premium,web,search,22,PLN_PREM,Premium,high,799.0,1,2026-01-30,high,9.25,167.3175,active,2026-01-30,0
U001534,2025-06-21,2,value,web,email,209,PLN_STD,Standard,mid,499.0,1,2026-01-30,high,10.5,129.76603428399773,active,2026-01-30,0
U001535,2025-11-25,1,value,web,organic,52,PLN_STD,Standard,mid,499.0,1,2026-01-30,high,10.75,77.7325,active,2026-01-30,0
U001536,2025-05-12,2,value,mobile,organic,249,PLN_BASIC,Basic,low,299.0,1,2026-01-30,high,10.75,80.855,active,2026-01-30,0
U001537,2025-06-12,2,regular,mobile,referral,218,PLN_PREM,Premium,high,799.0,1,2026-01-30,high,10.5,184.1475,active,2026-01-30,0
U001538,2025-06-01,2,regular,mobile,referral,229,PLN_STD,Standard,mid,499.0,1,2026-01-29,high,10.25,87.7225,active,2026-01-30,0
U001539,2025-10-29,3,value,web,search,79,PLN_BASIC,Basic,low,299.0,1,2026-01-30,high,10.75,98.695,active,2026-01-30,0
U001540,2025-10-07,2,regular,web,organic,101,PLN_BASIC,Basic,low,299.0,1,2026-01-30,high,10.75,225.99,active,2026-01-30,0
U001541,2025-09-01,3,value,mobile,organic,137,PLN_STD,Standard,mid,499.0,1,2026-01-30,high,10.75,76.3875,active,2026-01-30,0
U001542,2025-07-04,1,regular,web,paid_social,196,PLN_BASIC,Basic,low,299.0,1,2026-01-30,high,10.5,171.405,active,2026-01-30,0
U001543,2025-05-27,2,premium,web,referral,234,PLN_PREM,Premium,high,799.0,1,2026-01-30,high,10.75,236.20499999999998,active,2026-01-30,0
U001544,2025-09-24,3,regular,web,search,114,PLN_PREM,Premium,high,799.0,1,2026-01-30,high,10.75,161.965,active,2026-01-30,0
U001545,2025-07-01,3,regular,mobile,organic,199,PLN_STD,Standard,mid,499.0,1,2026-01-30,high,10.75,179.765,active,2026-01-30,0
U001546,2025-09-30,2,regular,mobile,paid_social,108,PLN_BASIC,Basic,low,299.0,1,2026-01-30,high,10.75,187.77,active,2026-01-30,0
U001547,2025-10-24,2,premium,web,paid_social,84,PLN_PREM,Premium,high,799.0,1,2026-01-29,high,10.5,369.125,active,2026-01-30,0
U001548,2025-12-04,2,value,mobile,search,43,PLN_BASIC,Basic,low,299.0,1,2026-01-30,high,10.5,64.875,active,2026-01-30,0
U001549,2025-09-05,2,value,web,paid_social,133,PLN_BASIC,Basic,low,299.0,1,2026-01-30,high,10.25,97.0775,active,2026-01-30,0
U001550,2025-05-06,3,value,web,email,255,PLN_BASIC,Basic,low,299.0,1,2026-01-30,high,10.75,113.33,active,2026-01-30,0
U001551,2025-07-14,3,regular,web,organic,186,PLN_STD,Standard,mid,499.0,1,2026-01-30,high,10.25,0.0,cancelled,2025-12-12,1
U001552,2025-12-05,2,regular,mobile,search,42,PLN_STD,Standard,mid,499.0,1,2026-01-30,high,10.5,55.43,cancelled,2026-01-04,1
U001553,2025-09-15,1,regular,web,paid_social,123,PLN_PREM,Premium,high,799.0,1,2026-01-30,high,10.25,181.065,active,2026-01-30,0
U001554,2025-10-07,2,value,web,search,101,PLN_BASIC,Basic,low,299.0,1,2026-01-30,high,10.75,0.0,cancelled,2025-12-13,1
U001555,2025-08-27,1,value,web,referral,142,PLN_STD,Standard,mid,499.0,1,2026-01-30,high,10.5,104.0,active,2026-01-30,0
U001556,2025-06-14,1,regular,mobile,paid_social,216,PLN_BASIC,Basic,low,299.0,1,2026-01-30,high,10.75,170.615,active,2026-01-30,0
U001557,2025-12-16,2,premium,mobile,search,31,PLN_STD,Standard,mid,499.0,1,2026-01-30,high,10.75,368.83,active,2026-01-30,0
U001558,2025-11-15,2,value,web,organic,62,PLN_BASIC,Basic,low,299.0,1,2026-01-30,high,10.75,48.0375,active,2026-01-30,0
U001559,2026-01-09,1,value,mobile,paid_social,7,PLN_BASIC,Basic,low,299.0,1,2026-01-30,high,5.5,47.0225,active,2026-01-30,0
U001560,2025-12-05,1,value,web,organic,42,PLN_BASIC,Basic,low,299.0,1,2026-01-30,high,10.75,91.52,active,2026-01-30,0
U001561,2025-07-17,1,regular,web,organic,183,PLN_PREM,Premium,high,799.0,1,2026-01-30,high,10.75,213.6675,active,2026-01-30,0
U001562,2025-07-07,3,value,mobile,search,193,PLN_BASIC,Basic,low,299.0,1,2026-01-30,high,10.75,0.0,cancelled,2025-10-08,1
U001563,2025-07-06,2,value,mobile,search,194,PLN_BASIC,Basic,low,299.0,1,2026-01-30,high,10.5,104.17750000000001,active,2026-01-30,0
U001564,2025-12-21,1,regular,web,email,26,PLN_BASIC,Basic,low,299.0,1,2026-01-30,high,10.25,204.155,active,2026-01-30,0
U001565,2025-09-21,1,value,mobile,paid_social,117,PLN_BASIC,Basic,low,299.0,1,2026-01-30,high,10.5,147.1975,active,2026-01-30,0
U001566,2025-08-27,2,regular,web,referral,142,PLN_BASIC,Basic,low,299.0,1,2026-01-30,high,10.5,192.195,active,2026-01-30,0
U001567,2026-01-03,2,value,mobile,search,13,PLN_BASIC,Basic,low,299.0,1,2026-01-30,high,6.75,81.805,active,2026-01-30,0
U001568,2025-10-03,2,premium,mobile,search,105,PLN_STD,Standard,mid,499.0,1,2026-01-30,high,10.75,0.0,cancelled,2025-11-03,1
U001569,2025-12-19,2,regular,mobile,email,28,PLN_STD,Standard,mid,499.0,1,2026-01-30,high,10.75,218.39249999999998,active,2026-01-30,0
U001570,2026-01-07,3,value,web,search,9,PLN_BASIC,Basic,low,299.0,1,2026-01-30,high,5.75,51.5725,cancelled,2026-01-30,1
U001571,2025-05-24,2,value,mobile,referral,237,PLN_STD,Standard,mid,499.0,1,2026-01-30,high,10.5,97.685,active,2026-01-30,0
U001572,2025-08-03,2,regular,mobile,search,166,PLN_BASIC,Basic,low,299.0,1,2026-01-30,high,10.75,0.0,cancelled,2025-09-07,1
U001573,2025-11-05,1,premium,web,organic,72,PLN_PREM,Premium,high,799.0,1,2026-01-30,high,10.75,335.365,active,2026-01-30,0
U001574,2025-11-25,3,value,web,paid_social,52,PLN_STD,Standard,mid,499.0,1,2026-01-30,high,10.5,94.24,active,2026-01-30,0
U001575,2025-06-11,3,value,mobile,organic,219,PLN_BASIC,Basic,low,299.0,1,2026-01-30,high,9.75,102.56,active,2026-01-30,0
U001576,2025-07-23,2,value,web,organic,177,PLN_BASIC,Basic,low,299.0,1,2026-01-30,high,10.25,105.6625,active,2026-01-30,0
U001577,2025-09-19,2,regular,mobile,organic,119,PLN_STD,Standard,mid,499.0,1,2026-01-30,high,10.5,197.555,active,2026-01-30,0
U001578,2025-11-21,1,premium,web,organic,56,PLN_PREM,Premium,high,799.0,1,2026-01-30,high,10.75,311.66,active,2026-01-30,0
U001579,2025-06-02,3,regular,mobile,search,228,PLN_PREM,Premium,high,799.0,1,2026-01-30,high,10.5,203.6375,active,2026-01-30,0
U001580,2025-10-02,2,value,web,referral,106,PLN_BASIC,Basic,low,299.0,1,2026-01-30,high,10.75,0.0,cancelled,2025-11-01,1
U001581,2025-07-18,1,regular,mobile,search,182,PLN_BASIC,Basic,low,299.0,1,2026-01-30,high,10.75,180.19,active,2026-01-30,0
U001582,2025-06-28,2,regular,mobile,referral,202,PLN_STD,Standard,mid,499.0,1,2026-01-30,high,10.75,11.6225,cancelled,2025-12-26,1
U001583,2025-09-11,2,value,web,search,127,PLN_STD,Standard,mid,499.0,1,2026-01-30,high,10.75,105.72749999999999,active,2026-01-30,0
U001584,2025-08-16,3,value,mobile,organic,153,PLN_BASIC,Basic,low,299.0,1,2026-01-30,high,10.75,63.7075,active,2026-01-30,0
U001585,2025-10-11,2,value,mobile,organic,97,PLN_STD,Standard,mid,499.0,1,2026-01-30,high,10.5,190.4277430204677,active,2026-01-30,0
U001586,2025-07-23,2,regular,web,email,177,PLN_STD,Standard,mid,499.0,1,2026-01-30,high,10.5,165.735,active,2026-01-30,0
U001587,2025-11-27,2,regular,web,paid_social,50,PLN_STD,Standard,mid,499.0,1,2026-01-30,high,10.75,30.650000000000002,cancelled,2026-01-02,1
U001588,2025-05-24,2,regular,mobile,email,237,PLN_PREM,Premium,high,799.0,1,2026-01-30,high,10.75,211.005,active,2026-01-30,0
U001589,2025-12-07,2,regular,mobile,organic,40,PLN_STD,Standard,mid,499.0,1,2026-01-30,high,10.75,188.7,active,2026-01-30,0
U001590,2025-05-12,1,value,web,paid_social,249,PLN_BASIC,Basic,low,299.0,1,2026-01-30,high,10.75,94.7325,active,2026-01-30,0
U001591,2025-11-05,3,value,mobile,paid_social,72,PLN_BASIC,Basic,low,299.0,1,2026-01-30,high,10.75,107.0625,active,2026-01-30,0
U001592,2025-07-30,2,value,web,email,170,PLN_BASIC,Basic,low,299.0,1,2026-01-30,high,10.5,79.6775,active,2026-01-30,0
U001593,2025-08-09,2,premium,web,organic,160,PLN_PREM,Premium,high,799.0,1,2026-01-30,high,10.75,335.435,active,2026-01-30,0
U001594,2025-05-09,1,regular,mobile,email,252,PLN_BASIC,Basic,low,299.0,1,2026-01-30,high,10.5,135.165,active,2026-01-30,0
U001595,2025-10-28,1,value,web,search,80,PLN_BASIC,Basic,low,299.0,1,2026-01-30,high,10.75,78.3625,active,2026-01-30,0
U001596,2025-06-15,2,value,web,referral,215,PLN_STD,Standard,mid,499.0,1,2026-01-30,high,10.25,63.385000000000005,active,2026-01-30,0
U001597,2025-10-17,1,regular,web,search,91,PLN_STD,Standard,mid,499.0,1,2026-01-30,high,10.75,126.17750000000001,active,2026-01-30,0
U001598,2025-11-03,1,regular,web,search,74,PLN_PREM,Premium,high,799.0,1,2026-01-30,high,10.75,30.165,cancelled,2026-01-05,1
U001599,2025-12-03,3,regular,web,search,44,PLN_PREM,Premium,high,799.0,1,2026-01-30,high,10.5,53.54,cancelled,2026-01-04,1
U001600,2025-10-29,2,value,mobile,referral,79,PLN_BASIC,Basic,low,299.0,1,2026-01-30,high,10.75,67.7825,active,2026-01-30,0
U001601,2025-07-19,2,premium,web,organic,181,PLN_PREM,Premium,high,799.0,1,2026-01-30,high,10.5,360.4475,active,2026-01-30,0
U001602,2025-11-06,2,regular,mobile,search,71,PLN_STD,Standard,mid,499.0,1,2026-01-30,high,10.25,267.4725,active,2026-01-30,0
U001603,2025-11-28,3,regular,mobile,search,49,PLN_STD,Standard,mid,499.0,1,2026-01-30,high,10.75,230.2875,active,2026-01-30,0
U001604,2025-07-23,2,regular,web,paid_social,177,PLN_STD,Standard,mid,499.0,1,2026-01-30,high,10.75,202.76500000000001,active,2026-01-30,0
U001605,2025-06-05,3,premium,web,search,225,PLN_PREM,Premium,high,799.0,1,2026-01-30,high,10.75,248.8475,active,2026-01-30,0
U001606,2025-12-14,3,premium,mobile,paid_social,33,PLN_PREM,Premium,high,799.0,1,2026-01-30,high,10.75,390.4925,active,2026-01-30,0
U001607,2025-06-11,2,regular,web,search,219,PLN_PREM,Premium,high,799.0,1,2026-01-30,high,10.75,226.4075,active,2026-01-30,0
U001608,2025-10-01,2,regular,web,paid_social,107,PLN_STD,Standard,mid,499.0,1,2026-01-30,high,10.75,150.95499999999998,active,2026-01-30,0
U001609,2025-07-03,2,value,mobile,paid_social,197,PLN_BASIC,Basic,low,299.0,1,2026-01-30,high,10.25,112.2475,active,2026-01-30,0
U001610,2025-06-05,2,regular,mobile,paid_social,225,PLN_BASIC,Basic,low,299.0,1,2026-01-30,high,10.5,204.6725,active,2026-01-30,0
U001611,2025-11-15,2,regular,mobile,referral,62,PLN_BASIC,Basic,low,299.0,1,2026-01-30,high,10.75,234.62,active,2026-01-30,0
U001612,2025-06-10,2,value,web,search,220,PLN_BASIC,Basic,low,299.0,1,2026-01-30,high,10.5,0.0,cancelled,2025-12-13,1
U001613,2025-10-20,2,value,web,organic,88,PLN_BASIC,Basic,low,299.0,1,2026-01-30,high,10.5,63.72,active,2026-01-30,0
U001614,2025-10-25,1,premium,web,paid_social,83,PLN_STD,Standard,mid,499.0,1,2026-01-30,high,10.75,292.2625,active,2026-01-30,0
U001615,2025-05-20,2,premium,mobile,organic,241,PLN_STD,Standard,mid,499.0,1,2026-01-30,high,10.75,311.48,active,2026-01-30,0
U001616,2025-06-17,1,premium,web,organic,213,PLN_PREM,Premium,high,799.0,1,2026-01-30,high,10.5,292.8725,active,2026-01-30,0
U001617,2025-11-20,2,regular,web,referral,57,PLN_PREM,Premium,high,799.0,1,2026-01-30,high,10.75,200.8725,active,2026-01-30,0
U001618,2025-09-09,2,regular,web,search,129,PLN_BASIC,Basic,low,299.0,1,2026-01-30,high,10.5,0.0,cancelled,2025-10-15,1
U001619,2025-06-04,3,regular,mobile,search,226,PLN_BASIC,Basic,low,299.0,1,2026-01-30,high,10.75,60.67,cancelled,2026-01-07,1
U001620,2026-01-08,1,value,mobile,email,8,PLN_BASIC,Basic,low,299.0,1,2026-01-30,high,5.75,50.1775,active,2026-01-30,0
U001621,2025-07-10,2,value,web,organic,190,PLN_BASIC,Basic,low,299.0,1,2026-01-30,high,10.5,85.44,active,2026-01-30,0
U001622,2025-05-06,2,premium,web,organic,255,PLN_PREM,Premium,high,799.0,1,2026-01-29,high,10.5,352.9225,active,2026-01-30,0
U001623,2025-12-22,1,value,web,organic,25,PLN_BASIC,Basic,low,299.0,1,2026-01-30,high,10.0,70.75,active,2026-01-30,0
U001624,2025-05-09,1,regular,web,organic,252,PLN_BASIC,Basic,low,299.0,1,2026-01-30,high,10.75,0.0,expired,2025-07-10,1
U001625,2025-09-20,1,regular,web,paid_social,118,PLN_PREM,Premium,high,799.0,1,2026-01-30,high,10.75,164.565,active,2026-01-30,0
U001626,2026-01-09,1,regular,web,paid_social,7,PLN_STD,Standard,mid,499.0,1,2026-01-30,high,5.5,80.28,active,2026-01-30,0
U001627,2025-09-27,2,value,mobile,search,111,PLN_BASIC,Basic,low,299.0,1,2026-01-30,high,10.75,70.565,active,2026-01-30,0
U001628,2025-09-28,2,regular,mobile,organic,110,PLN_BASIC,Basic,low,299.0,1,2026-01-30,high,10.75,132.5875,active,2026-01-30,0
U001629,2025-08-10,2,value,mobile,search,159,PLN_STD,Standard,mid,499.0,1,2026-01-30,high,10.75,0.0,cancelled,2025-12-15,1
U001630,2025-06-05,1,regular,mobile,organic,225,PLN_BASIC,Basic,low,299.0,1,2026-01-30,high,10.75,189.9125,active,2026-01-30,0
U001631,2025-09-25,1,value,web,paid_social,113,PLN_STD,Standard,mid,499.0,1,2026-01-30,high,10.75,3.08,cancelled,2025-12-28,1
U001632,2025-12-16,1,regular,web,paid_social,31,PLN_BASIC,Basic,low,299.0,1,2026-01-30,high,10.75,220.665,active,2026-01-30,0
U001633,2025-05-27,2,regular,web,organic,234,PLN_BASIC,Basic,low,299.0,1,2026-01-30,high,10.75,224.57999999999998,active,2026-01-30,0
U001634,2025-12-11,2,value,mobile,referral,36,PLN_BASIC,Basic,low,299.0,1,2026-01-30,high,10.75,14.3475,cancelled,2026-01-10,1
U001635,2025-08-17,2,value,web,paid_social,152,PLN_STD,Standard,mid,499.0,1,2026-01-30,high,10.75,66.295,active,2026-01-30,0
U001636,2025-09-16,1,regular,web,organic,122,PLN_BASIC,Basic,low,299.0,1,2026-01-30,high,10.75,205.665,active,2026-01-30,0
U001637,2025-06-15,1,value,web,paid_social,215,PLN_BASIC,Basic,low,299.0,1,2026-01-30,high,10.75,0.0,cancelled,2025-08-21,1
U001638,2025-10-08,3,value,web,paid_social,100,PLN_BASIC,Basic,low,299.0,1,2026-01-30,high,10.75,0.0,cancelled,2025-12-08,1
U001639,2025-06-19,1,regular,mobile,organic,211,PLN_STD,Standard,mid,499.0,1,2026-01-30,high,10.75,193.39,active,2026-01-30,0
U001640,2025-07-12,1,premium,mobile,organic,188,PLN_STD,Standard,mid,499.0,1,2026-01-30,high,10.75,407.2675,active,2026-01-30,0
U001641,2025-11-02,1,regular,web,paid_social,75,PLN_PREM,Premium,high,799.0,1,2026-01-30,high,10.75,90.36,cancelled,2026-01-07,1
U001642,2025-05-17,3,regular,mobile,email,244,PLN_BASIC,Basic,low,299.0,1,2026-01-30,high,10.75,0.0,cancelled,2025-09-18,1
U001643,2025-08-25,2,premium,web,search,144,PLN_PREM,Premium,high,799.0,1,2026-01-30,high,10.75,365.3125,active,2026-01-30,0
U001644,2025-10-01,2,regular,web,search,107,PLN_STD,Standard,mid,499.0,1,2026-01-30,high,10.25,0.0,cancelled,2025-12-02,1
U001645,2025-06-07,3,regular,web,paid_social,223,PLN_PREM,Premium,high,799.0,1,2026-01-30,high,10.75,207.9975,active,2026-01-30,0
U001646,2025-07-17,1,regular,mobile,search,183,PLN_STD,Standard,mid,499.0,1,2026-01-30,high,10.75,171.1,active,2026-01-30,0
U001647,2025-07-30,3,value,mobile,organic,170,PLN_STD,Standard,mid,499.0,1,2026-01-30,high,10.75,66.055,active,2026-01-30,0
U001648,2025-10-18,1,value,web,search,90,PLN_BASIC,Basic,low,299.0,1,2026-01-30,high,10.75,84.8925,cancelled,2026-01-23,1
U001649,2026-01-05,2,regular,mobile,email,11,PLN_STD,Standard,mid,499.0,1,2026-01-30,high,6.5,120.16,active,2026-01-30,0
U001650,2025-11-30,2,value,web,referral,47,PLN_BASIC,Basic,low,299.0,1,2026-01-30,high,10.5,5.51,cancelled,2026-01-05,1
U001651,2025-06-21,2,regular,web,email,209,PLN_STD,Standard,mid,499.0,1,2026-01-30,high,10.5,120.905,active,2026-01-30,0
U001652,2025-05-09,3,value,mobile,organic,252,PLN_BASIC,Basic,low,299.0,1,2026-01-30,high,10.75,0.0,cancelled,2025-10-08,1
U001653,2025-05-18,1,regular,mobile,search,243,PLN_BASIC,Basic,low,299.0,1,2026-01-30,high,10.75,129.745,active,2026-01-30,0
U001654,2025-10-01,3,value,mobile,paid_social,107,PLN_BASIC,Basic,low,299.0,1,2026-01-30,high,10.5,62.64750000000001,active,2026-01-30,0
U001655,2025-06-13,2,regular,mobile,organic,217,PLN_STD,Standard,mid,499.0,1,2026-01-30,high,10.5,196.4925,active,2026-01-30,0
U001656,2025-07-02,2,regular,web,organic,198,PLN_BASIC,Basic,low,299.0,1,2026-01-30,high,10.75,0.0,expired,2025-11-04,1
U001657,2025-12-03,3,value,mobile,referral,44,PLN_BASIC,Basic,low,299.0,1,2026-01-30,high,10.75,15.255,expired,2026-01-06,1
U001658,2025-12-10,1,value,mobile,paid_social,37,PLN_BASIC,Basic,low,299.0,1,2026-01-30,high,10.75,118.1775,active,2026-01-30,0
U001659,2025-12-01,3,value,web,paid_social,46,PLN_BASIC,Basic,low,299.0,1,2026-01-30,high,10.5,77.85,active,2026-01-30,0
U001660,2025-07-07,2,regular,web,organic,193,PLN_BASIC,Basic,low,299.0,1,2026-01-30,high,10.5,225.945,active,2026-01-30,0
U001661,2025-10-07,2,value,mobile,search,101,PLN_BASIC,Basic,low,299.0,1,2026-01-30,high,10.75,92.1675,active,2026-01-30,0
U001662,2025-10-05,1,regular,web,organic,103,PLN_STD,Standard,mid,499.0,1,2026-01-30,high,10.75,223.765,active,2026-01-30,0
U001663,2025-06-20,2,value,web,organic,210,PLN_STD,Standard,mid,499.0,1,2026-01-30,high,10.75,86.73,active,2026-01-30,0
U001664,2025-09-20,2,value,mobile,search,118,PLN_BASIC,Basic,low,299.0,1,2026-01-30,high,10.75,105.67999999999999,active,2026-01-30,0
U001665,2025-09-13,2,regular,mobile,organic,125,PLN_BASIC,Basic,low,299.0,1,2026-01-30,high,10.75,222.6175,active,2026-01-30,0
U001666,2025-08-12,1,regular,mobile,email,157,PLN_BASIC,Basic,low,299.0,1,2026-01-30,high,10.75,432.58227362823004,active,2026-01-30,0
U001667,2025-11-09,1,value,mobile,search,68,PLN_BASIC,Basic,low,299.0,1,2026-01-30,high,10.5,92.33500000000001,active,2026-01-30,0
U001668,2025-10-22,3,premium,web,organic,86,PLN_PREM,Premium,high,799.0,1,2026-01-30,high,10.75,345.6425,active,2026-01-30,0
U001669,2025-09-15,1,value,mobile,organic,123,PLN_STD,Standard,mid,499.0,1,2026-01-30,high,10.75,0.0,cancelled,2025-10-15,1
U001670,2025-11-03,2,value,web,paid_social,74,PLN_BASIC,Basic,low,299.0,1,2026-01-30,high,10.75,91.99,active,2026-01-30,0
U001671,2025-11-12,3,regular,mobile,organic,65,PLN_STD,Standard,mid,499.0,1,2026-01-30,high,10.25,208.9075,active,2026-01-30,0
U001672,2025-09-24,1,regular,web,organic,114,PLN_STD,Standard,mid,499.0,1,2026-01-30,high,10.75,0.0,cancelled,2025-10-25,1
U001673,2025-07-11,1,regular,mobile,search,189,PLN_STD,Standard,mid,499.0,1,2026-01-30,high,10.5,176.0325,active,2026-01-30,0
U001674,2025-11-11,2,value,mobile,organic,66,PLN_STD,Standard,mid,499.0,1,2026-01-30,high,10.75,33.4275,expired,2026-01-10,1
U001675,2025-11-01,1,premium,mobile,paid_social,76,PLN_STD,Standard,mid,499.0,1,2026-01-30,high,10.75,392.845,active,2026-01-30,0
U001676,2026-01-06,2,regular,web,search,10,PLN_BASIC,Basic,low,299.0,1,2026-01-30,high,6.25,81.45750000000001,expired,2026-01-30,1
U001677,2025-06-11,2,premium,web,organic,219,PLN_PREM,Premium,high,799.0,1,2026-01-30,high,10.5,275.22,active,2026-01-30,0
U001678,2025-08-18,2,regular,web,referral,151,PLN_PREM,Premium,high,799.0,1,2026-01-30,high,10.75,128.345,active,2026-01-30,0
U001679,2025-12-22,2,premium,web,search,25,PLN_STD,Standard,mid,499.0,1,2026-01-30,high,10.0,121.3575,cancelled,2026-01-21,1
U001680,2025-09-11,2,regular,mobile,paid_social,127,PLN_STD,Standard,mid,499.0,1,2026-01-30,high,10.5,0.0,expired,2025-11-17,1
U001681,2025-12-27,2,value,web,organic,20,PLN_BASIC,Basic,low,299.0,1,2026-01-30,high,8.75,72.7575,active,2026-01-30,0
U001682,2025-05-08,1,regular,mobile,paid_social,253,PLN_STD,Standard,mid,499.0,1,2026-01-30,high,10.5,171.885,active,2026-01-30,0
U001683,2025-05-13,2,regular,web,organic,248,PLN_STD,Standard,mid,499.0,1,2026-01-30,high,10.75,0.0,cancelled,2025-08-16,1
U001684,2025-11-20,3,regular,web,search,57,PLN_BASIC,Basic,low,299.0,1,2026-01-30,high,10.75,188.325,active,2026-01-30,0
U001685,2025-08-02,2,regular,mobile,organic,167,PLN_STD,Standard,mid,499.0,1,2026-01-30,high,10.75,212.7525,active,2026-01-30,0
U001686,2025-09-12,2,value,web,email,126,PLN_BASIC,Basic,low,299.0,1,2026-01-30,high,10.75,52.677499999999995,cancelled,2026-01-16,1
U001687,2025-08-20,2,regular,web,organic,149,PLN_STD,Standard,mid,499.0,1,2026-01-30,high,10.75,174.385,active,2026-01-30,0
U001688,2025-08-15,1,value,web,email,154,PLN_BASIC,Basic,low,299.0,1,2026-01-30,high,10.75,65.94,active,2026-01-30,0
U001689,2025-12-26,1,premium,web,email,21,PLN_PREM,Premium,high,799.0,1,2026-01-30,high,9.0,303.1925,active,2026-01-30,0
U001690,2025-05-28,1,value,mobile,search,233,PLN_STD,Standard,mid,499.0,1,2026-01-30,high,10.5,54.06,active,2026-01-30,0
U001691,2025-11-14,3,value,web,organic,63,PLN_STD,Standard,mid,499.0,1,2026-01-30,high,10.75,98.1659850533163,active,2026-01-30,0
U001692,2025-12-14,1,regular,web,search,33,PLN_PREM,Premium,high,799.0,1,2026-01-30,high,10.75,249.3675,active,2026-01-30,0
U001693,2025-10-17,3,regular,mobile,email,91,PLN_STD,Standard,mid,499.0,1,2026-01-30,high,10.75,181.0275,active,2026-01-30,0
U001694,2025-08-12,1,regular,web,paid_social,157,PLN_STD,Standard,mid,499.0,1,2026-01-30,high,10.75,218.33499999999998,active,2026-01-30,0
U001695,2025-06-14,2,premium,mobile,search,216,PLN_PREM,Premium,high,799.0,1,2026-01-30,high,10.75,310.96,active,2026-01-30,0
U001696,2025-10-23,2,value,unknown,organic,85,PLN_BASIC,Basic,low,299.0,1,2026-01-30,high,10.75,61.495,active,2026-01-30,0
U001697,2025-08-30,2,regular,mobile,referral,139,PLN_STD,Standard,mid,499.0,1,2026-01-30,high,10.75,207.025,active,2026-01-30,0
U001698,2025-06-11,3,value,web,organic,219,PLN_BASIC,Basic,low,299.0,1,2026-01-30,high,10.25,0.0,cancelled,2025-07-11,1
U001699,2025-08-03,3,regular,web,organic,166,PLN_STD,Standard,mid,499.0,1,2026-01-30,high,10.5,193.1925,active,2026-01-30,0
U001700,2026-01-01,3,regular,mobile,organic,15,PLN_BASIC,Basic,low,299.0,1,2026-01-30,high,7.5,121.9325,active,2026-01-30,0
U001701,2025-07-10,1,value,mobile,search,190,PLN_BASIC,Basic,low,299.0,1,2026-01-30,high,10.75,0.0,cancelled,2025-09-08,1
U001702,2025-06-18,3,regular,mobile,referral,212,PLN_BASIC,Basic,low,299.0,1,2026-01-30,high,10.5,189.57,active,2026-01-30,0
U001703,2025-10-23,1,regular,mobile,referral,85,PLN_BASIC,Basic,low,299.0,1,2026-01-30,high,10.5,221.6175,active,2026-01-30,0
U001704,2025-06-24,3,value,web,organic,206,PLN_STD,Standard,mid,499.0,1,2026-01-30,high,10.75,100.4825,active,2026-01-30,0
U001705,2025-12-21,2,premium,mobile,search,26,PLN_STD,Standard,mid,499.0,1,2026-01-30,high,10.25,261.2125,active,2026-01-30,0
U001706,2025-12-06,2,regular,mobile,referral,41,PLN_BASIC,Basic,low,299.0,1,2026-01-30,high,10.75,253.1125,active,2026-01-30,0
U001707,2026-01-06,1,value,web,search,10,PLN_BASIC,Basic,low,299.0,1,2026-01-30,high,6.25,71.3375,active,2026-01-30,0
U001708,2025-12-20,1,regular,web,organic,27,PLN_BASIC,Basic,low,299.0,1,2026-01-30,high,10.25,275.07,active,2026-01-30,0
U001709,2025-07-05,1,value,web,search,195,PLN_BASIC,Basic,low,299.0,1,2026-01-30,high,10.75,0.0,cancelled,2025-10-07,1
U001710,2025-06-27,3,value,mobile,paid_social,203,PLN_BASIC,Basic,low,299.0,1,2026-01-30,high,10.5,75.5325,active,2026-01-30,0
U001711,2025-07-30,3,regular,web,email,170,PLN_STD,Standard,mid,499.0,1,2026-01-30,high,10.75,193.97,active,2026-01-30,0
U001712,2025-08-30,3,value,web,paid_social,139,PLN_BASIC,Basic,low,299.0,1,2026-01-30,high,10.5,68.935,active,2026-01-30,0
U001713,2025-12-11,1,value,mobile,organic,36,PLN_STD,Standard,mid,499.0,1,2026-01-30,high,10.5,134.5175,active,2026-01-30,0
U001714,2025-11-05,2,regular,mobile,paid_social,72,PLN_STD,Standard,mid,499.0,1,2026-01-30,high,10.75,46.805,cancelled,2026-01-05,1
U001715,2025-10-13,2,value,web,organic,95,PLN_BASIC,Basic,low,299.0,1,2026-01-30,high,10.75,81.56,active,2026-01-30,0
U001716,2025-12-11,2,regular,mobile,referral,36,PLN_BASIC,Basic,low,299.0,1,2026-01-30,high,10.75,127.865,cancelled,2026-01-17,1
U001717,2025-10-14,2,regular,web,search,94,PLN_STD,Standard,mid,499.0,1,2026-01-30,high,10.75,168.2375,active,2026-01-30,0
U001718,2025-08-08,2,value,mobile,organic,161,PLN_BASIC,Basic,low,299.0,1,2026-01-30,high,10.5,68.1375,active,2026-01-30,0
U001719,2025-08-16,2,regular,web,search,153,PLN_STD,Standard,mid,499.0,1,2026-01-30,high,10.5,219.905,active,2026-01-30,0
U001720,2025-09-11,1,value,web,organic,127,PLN_STD,Standard,mid,499.0,1,2026-01-30,high,10.75,0.0,cancelled,2025-10-18,1
U001721,2025-05-27,2,regular,mobile,organic,234,PLN_STD,Standard,mid,499.0,1,2026-01-30,high,10.75,171.79749999999999,active,2026-01-30,0
U001722,2025-11-07,2,value,web,search,70,PLN_STD,Standard,mid,499.0,1,2026-01-30,high,10.25,24.9325,cancelled,2026-01-10,1
U001723,2025-10-15,1,premium,web,paid_social,93,PLN_PREM,Premium,high,799.0,1,2026-01-30,high,10.75,326.81,active,2026-01-30,0
U001724,2025-11-04,3,value,web,referral,73,PLN_BASIC,Basic,low,299.0,1,2026-01-30,high,10.75,87.5125,active,2026-01-30,0
U001725,2025-09-16,2,regular,mobile,search,122,PLN_STD,Standard,mid,499.0,1,2026-01-30,high,10.75,224.915,active,2026-01-30,0
U001726,2025-11-17,3,value,mobile,organic,60,PLN_BASIC,Basic,low,299.0,1,2026-01-30,high,10.75,120.925,active,2026-01-30,0
U001727,2025-12-29,2,value,mobile,search,18,PLN_BASIC,Basic,low,299.0,1,2026-01-30,high,8.25,72.3425,active,2026-01-30,0
U001728,2025-09-25,2,regular,mobile,search,113,PLN_STD,Standard,mid,499.0,1,2026-01-30,high,10.5,144.595,active,2026-01-30,0
U001729,2025-08-24,2,regular,mobile,organic,145,PLN_BASIC,Basic,low,299.0,1,2026-01-30,high,10.25,179.87,active,2026-01-30,0
U001730,2025-05-31,3,premium,web,referral,230,PLN_PREM,Premium,high,799.0,1,2026-01-30,high,10.5,321.8075,active,2026-01-30,0
U001731,2025-11-16,2,value,web,email,61,PLN_BASIC,Basic,low,299.0,1,2026-01-30,high,10.75,0.0,cancelled,2025-12-20,1
U001732,2025-12-17,2,value,mobile,organic,30,PLN_BASIC,Basic,low,299.0,1,2026-01-30,high,10.5,75.03,active,2026-01-30,0
U001733,2025-10-27,1,value,mobile,referral,81,PLN_BASIC,Basic,low,299.0,1,2026-01-30,high,10.75,84.765,active,2026-01-30,0
U001734,2025-12-08,2,value,mobile,paid_social,39,PLN_BASIC,Basic,low,299.0,1,2026-01-30,high,10.75,93.8375,active,2026-01-30,0
U001735,2025-12-07,1,premium,mobile,organic,40,PLN_PREM,Premium,high,799.0,1,2026-01-30,high,10.75,350.1,active,2026-01-30,0
U001736,2025-11-21,1,premium,web,paid_social,56,PLN_PREM,Premium,high,799.0,1,2026-01-30,high,10.75,334.6025,active,2026-01-30,0
U001737,2025-09-08,1,premium,mobile,organic,130,PLN_PREM,Premium,high,799.0,1,2026-01-30,high,10.75,374.78000000000003,active,2026-01-30,0
U001738,2025-05-30,2,value,mobile,organic,231,PLN_BASIC,Basic,low,299.0,1,2026-01-30,high,10.75,42.0775,active,2026-01-30,0
U001739,2025-05-05,1,regular,mobile,email,256,PLN_STD,Standard,mid,499.0,1,2026-01-30,high,10.75,0.0,cancelled,2025-06-04,1
U001740,2025-06-25,2,regular,mobile,paid_social,205,PLN_STD,Standard,mid,499.0,1,2026-01-30,high,10.75,125.61,cancelled,2026-01-27,1
U001741,2025-08-21,3,value,mobile,organic,148,PLN_BASIC,Basic,low,299.0,1,2026-01-30,high,10.75,99.545,active,2026-01-30,0
U001742,2025-11-07,3,regular,mobile,search,70,PLN_PREM,Premium,high,799.0,1,2026-01-30,high,10.75,211.0175,active,2026-01-30,0
U001743,2025-08-27,2,value,web,email,142,PLN_BASIC,Basic,low,299.0,1,2026-01-30,high,10.75,52.7875,cancelled,2026-01-27,1
U001744,2025-05-10,2,value,mobile,search,251,PLN_STD,Standard,mid,499.0,1,2026-01-30,high,10.5,98.0025,active,2026-01-30,0
U001745,2025-06-26,2,premium,web,email,204,PLN_PREM,Premium,high,799.0,1,2026-01-30,high,10.5,313.61,active,2026-01-30,0
U001746,2026-01-05,2,value,web,referral,11,PLN_BASIC,Basic,low,299.0,1,2026-01-30,high,6.5,52.807500000000005,active,2026-01-30,0
U001747,2026-01-07,2,premium,web,search,9,PLN_STD,Standard,mid,499.0,1,2026-01-30,high,6.0,219.82,active,2026-01-30,0
U001748,2025-08-07,1,value,web,paid_social,162,PLN_STD,Standard,mid,499.0,1,2026-01-30,high,10.75,102.11,active,2026-01-30,0
U001749,2025-11-23,3,value,web,paid_social,54,PLN_BASIC,Basic,low,299.0,1,2026-01-30,high,10.5,41.11,expired,2026-01-22,1
U001750,2025-11-01,1,value,mobile,paid_social,76,PLN_STD,Standard,mid,499.0,1,2026-01-30,high,10.75,12.5625,expired,2026-01-02,1
U001751,2025-12-24,3,value,mobile,search,23,PLN_STD,Standard,mid,499.0,1,2026-01-30,high,9.5,51.95,active,2026-01-30,0
U001752,2025-12-13,2,regular,mobile,organic,34,PLN_STD,Standard,mid,499.0,1,2026-01-30,high,10.5,183.53,active,2026-01-30,0
U001753,2025-10-09,1,value,web,organic,99,PLN_BASIC,Basic,low,299.0,1,2026-01-30,high,10.75,65.775,active,2026-01-30,0
U001754,2025-08-12,2,regular,web,paid_social,157,PLN_STD,Standard,mid,499.0,1,2026-01-30,high,10.75,0.0,expired,2025-10-11,1
U001755,2025-10-09,1,premium,mobile,paid_social,99,PLN_PREM,Premium,high,799.0,1,2026-01-30,high,10.75,347.03000000000003,active,2026-01-30,0
U001756,2025-07-24,3,value,mobile,paid_social,176,PLN_BASIC,Basic,low,299.0,1,2026-01-30,high,10.5,67.58,cancelled,2026-01-22,1
U001757,2025-07-31,2,value,web,paid_social,169,PLN_BASIC,Basic,low,299.0,1,2026-01-30,high,10.5,69.4725,active,2026-01-30,0
U001758,2025-10-04,1,regular,mobile,organic,104,PLN_BASIC,Basic,low,299.0,1,2026-01-30,high,10.5,223.505,active,2026-01-30,0
U001759,2025-09-25,1,regular,mobile,organic,113,PLN_BASIC,Basic,low,299.0,1,2026-01-30,high,10.25,260.7275,active,2026-01-30,0
U001760,2025-09-27,3,regular,mobile,referral,111,PLN_BASIC,Basic,low,299.0,1,2026-01-30,high,10.5,186.01500000000001,active,2026-01-30,0
U001761,2025-08-09,2,value,mobile,search,160,PLN_BASIC,Basic,low,299.0,1,2026-01-30,high,10.75,58.9125,active,2026-01-30,0
U001762,2025-08-15,3,regular,mobile,referral,154,PLN_STD,Standard,mid,499.0,1,2026-01-30,high,10.75,161.535,active,2026-01-30,0
U001763,2025-05-07,3,regular,mobile,organic,254,PLN_STD,Standard,mid,499.0,1,2026-01-30,high,10.5,192.89249999999998,active,2026-01-30,0
U001764,2025-10-03,2,value,web,search,105,PLN_BASIC,Basic,low,299.0,1,2026-01-30,high,10.25,6.9399999999999995,cancelled,2026-01-02,1
U001765,2025-09-26,2,value,web,email,112,PLN_BASIC,Basic,low,299.0,1,2026-01-30,high,10.75,13.790000000000001,cancelled,2025-12-29,1
U001766,2025-12-25,2,premium,web,organic,22,PLN_PREM,Premium,high,799.0,1,2026-01-30,high,9.25,246.3525,active,2026-01-30,0
U001767,2025-09-08,3,value,mobile,organic,130,PLN_STD,Standard,mid,499.0,1,2026-01-30,high,10.75,0.0,cancelled,2025-10-09,1
U001768,2025-08-30,1,value,mobile,paid_social,139,PLN_STD,Standard,mid,499.0,1,2026-01-30,high,10.75,0.0,expired,2025-11-04,1
U001769,2025-05-21,2,value,web,paid_social,240,PLN_BASIC,Basic,low,299.0,1,2026-01-30,high,10.5,110.33,active,2026-01-30,0
U001770,2025-06-23,1,regular,mobile,email,207,PLN_PREM,Premium,high,799.0,1,2026-01-29,high,10.5,219.4,active,2026-01-30,0
U001771,2025-07-28,2,regular,unknown,email,172,PLN_BASIC,Basic,low,299.0,1,2026-01-30,high,10.75,0.0,cancelled,2025-11-02,1
U001772,2025-08-07,2,value,web,paid_social,162,PLN_BASIC,Basic,low,299.0,1,2026-01-30,high,10.75,140.3176877550207,active,2026-01-30,0
U001773,2025-08-04,2,regular,mobile,organic,165,PLN_PREM,Premium,high,799.0,1,2026-01-30,high,10.75,13.782499999999999,cancelled,2026-01-02,1
U001774,2025-08-11,2,regular,web,search,158,PLN_BASIC,Basic,low,299.0,1,2026-01-30,high,10.25,0.0,cancelled,2025-09-14,1
U001775,2025-11-13,2,value,web,referral,64,PLN_BASIC,Basic,low,299.0,1,2026-01-30,high,10.75,126.79,active,2026-01-30,0
U001776,2025-06-06,1,premium,web,search,224,PLN_PREM,Premium,high,799.0,1,2026-01-30,high,10.5,335.21,active,2026-01-30,0
U001777,2025-07-27,2,value,web,email,173,PLN_BASIC,Basic,low,299.0,1,2026-01-30,high,10.75,72.06,cancelled,2026-01-29,1
U001778,2025-06-14,3,value,mobile,paid_social,216,PLN_BASIC,Basic,low,299.0,1,2026-01-30,high,10.75,0.0,cancelled,2025-07-19,1
U001779,2025-07-21,2,premium,mobile,organic,179,PLN_STD,Standard,mid,499.0,1,2026-01-30,high,10.5,378.685,active,2026-01-30,0
U001780,2025-10-23,2,regular,mobile,search,85,PLN_BASIC,Basic,low,299.0,1,2026-01-30,high,10.5,164.4625,active,2026-01-30,0
U001781,2025-05-16,3,value,mobile,paid_social,245,PLN_STD,Standard,mid,499.0,1,2026-01-30,high,10.75,97.7075,active,2026-01-30,0
U001782,2025-07-29,1,regular,web,organic,171,PLN_PREM,Premium,high,799.0,1,2026-01-30,high,10.5,0.0,expired,2025-09-27,1
U001783,2025-05-10,2,regular,mobile,search,251,PLN_STD,Standard,mid,499.0,1,2026-01-30,high,10.75,176.9275,active,2026-01-30,0
U001784,2025-12-30,1,value,web,paid_social,17,PLN_STD,Standard,mid,499.0,1,2026-01-30,high,8.0,50.955,cancelled,2026-01-30,1
U001785,2025-11-03,3,regular,web,organic,74,PLN_STD,Standard,mid,499.0,1,2026-01-30,high,10.75,189.0975,active,2026-01-30,0
U001786,2025-07-05,2,regular,mobile,search,195,PLN_BASIC,Basic,low,299.0,1,2026-01-30,high,10.75,240.385,active,2026-01-30,0
U001787,2025-06-23,2,value,web,paid_social,207,PLN_BASIC,Basic,low,299.0,1,2026-01-30,high,10.75,0.0,cancelled,2025-09-26,1
U001788,2025-05-29,1,regular,web,paid_social,232,PLN_STD,Standard,mid,499.0,1,2026-01-30,high,10.5,0.0,cancelled,2025-07-28,1
U001789,2025-08-31,1,value,unknown,search,138,PLN_BASIC,Basic,low,299.0,1,2026-01-30,high,9.75,57.35,active,2026-01-30,0
U001790,2025-11-10,2,value,mobile,email,67,PLN_BASIC,Basic,low,299.0,1,2026-01-30,high,10.75,65.9675,cancelled,2026-01-15,1
U001791,2025-09-28,2,premium,web,email,110,PLN_PREM,Premium,high,799.0,1,2026-01-30,high,10.5,338.5575,active,2026-01-30,0
U001792,2025-12-12,3,regular,web,search,35,PLN_STD,Standard,mid,499.0,1,2026-01-30,high,10.75,193.8125,active,2026-01-30,0
U001793,2025-07-30,3,regular,mobile,organic,170,PLN_STD,Standard,mid,499.0,1,2026-01-30,high,10.25,228.405,active,2026-01-30,0
U001794,2025-07-13,2,regular,web,paid_social,187,PLN_STD,Standard,mid,499.0,1,2026-01-30,high,10.75,0.0,cancelled,2025-11-13,1
U001795,2025-09-01,2,regular,mobile,organic,137,PLN_STD,Standard,mid,499.0,1,2026-01-30,high,10.5,0.0,cancelled,2025-10-02,1
U001796,2025-06-24,3,value,web,referral,206,PLN_BASIC,Basic,low,299.0,1,2026-01-30,high,10.25,12.4625,cancelled,2025-12-22,1
U001797,2026-01-04,2,premium,mobile,paid_social,12,PLN_PREM,Premium,high,799.0,1,2026-01-30,high,6.75,185.5875,cancelled,2026-01-30,1
U001798,2025-06-20,2,regular,mobile,search,210,PLN_STD,Standard,mid,499.0,1,2026-01-30,high,10.75,164.6525,active,2026-01-30,0
U001799,2025-09-02,3,regular,web,search,136,PLN_STD,Standard,mid,499.0,1,2026-01-30,high,10.5,214.0,active,2026-01-30,0
U001800,2025-09-13,1,regular,mobile,search,125,PLN_STD,Standard,mid,499.0,1,2026-01-30,high,10.5,186.32750000000001,active,2026-01-30,0
U001801,2025-05-19,3,value,web,email,242,PLN_STD,Standard,mid,499.0,1,2026-01-30,high,10.5,90.7075,active,2026-01-30,0
U001802,2025-08-30,1,value,mobile,organic,139,PLN_BASIC,Basic,low,299.0,1,2026-01-30,high,10.75,73.60249999999999,active,2026-01-30,0
U001803,2025-08-27,2,value,mobile,email,142,PLN_BASIC,Basic,low,299.0,1,2026-01-30,high,10.75,12.2625,cancelled,2025-12-31,1
U001804,2025-07-09,3,value,mobile,organic,191,PLN_BASIC,Basic,low,299.0,1,2026-01-30,high,10.5,84.7225,active,2026-01-30,0
U001805,2025-06-06,2,regular,mobile,paid_social,224,PLN_BASIC,Basic,low,299.0,1,2026-01-30,high,10.5,178.48499999999999,active,2026-01-30,0
U001806,2025-05-16,2,premium,mobile,email,245,PLN_STD,Standard,mid,499.0,1,2026-01-30,high,10.25,456.5525,active,2026-01-30,0
U001807,2025-05-07,2,value,mobile,search,254,PLN_BASIC,Basic,low,299.0,1,2026-01-30,high,10.75,99.2825,active,2026-01-30,0
U001808,2025-09-02,1,value,web,organic,136,PLN_BASIC,Basic,low,299.0,1,2026-01-30,high,10.0,62.167500000000004,active,2026-01-30,0
U001809,2025-05-27,1,regular,mobile,referral,234,PLN_PREM,Premium,high,799.0,1,2026-01-30,high,10.75,232.62,active,2026-01-30,0
U001810,2025-12-31,2,value,mobile,referral,16,PLN_BASIC,Basic,low,299.0,1,2026-01-30,high,7.75,59.4825,active,2026-01-30,0
U001811,2025-07-05,2,premium,mobile,organic,195,PLN_PREM,Premium,high,799.0,1,2026-01-30,high,10.75,310.78,active,2026-01-30,0
U001812,2025-10-15,2,value,web,search,93,PLN_BASIC,Basic,low,299.0,1,2026-01-30,high,10.75,114.715,active,2026-01-30,0
U001813,2025-10-21,1,value,web,referral,87,PLN_BASIC,Basic,low,299.0,1,2026-01-30,high,10.75,68.42,active,2026-01-30,0
U001814,2025-09-06,3,value,mobile,organic,132,PLN_BASIC,Basic,low,299.0,1,2026-01-30,high,10.75,71.9725,active,2026-01-30,0
U001815,2025-12-12,2,premium,mobile,paid_social,35,PLN_PREM,Premium,high,799.0,1,2026-01-30,high,10.75,374.7525,active,2026-01-30,0
U001816,2025-06-01,2,value,web,search,229,PLN_BASIC,Basic,low,299.0,1,2026-01-30,high,10.75,73.7675,active,2026-01-30,0
U001817,2025-07-02,2,regular,web,organic,198,PLN_BASIC,Basic,low,299.0,1,2026-01-30,high,10.75,211.64000000000001,active,2026-01-30,0
U001818,2025-07-07,1,value,web,referral,193,PLN_BASIC,Basic,low,299.0,1,2026-01-30,high,10.5,77.9725,active,2026-01-30,0
U001819,2025-06-07,2,value,web,organic,223,PLN_BASIC,Basic,low,299.0,1,2026-01-30,high,10.25,0.0,expired,2025-11-05,1
U001820,2025-07-17,2,premium,mobile,email,183,PLN_PREM,Premium,high,799.0,1,2026-01-30,high,10.5,257.96750000000003,active,2026-01-30,0
U001821,2025-07-22,1,value,web,search,178,PLN_BASIC,Basic,low,299.0,1,2026-01-30,high,10.75,93.7175,active,2026-01-30,0
U001822,2025-11-12,3,value,web,search,65,PLN_BASIC,Basic,low,299.0,1,2026-01-30,high,10.5,138.815,active,2026-01-30,0
U001823,2025-07-19,3,regular,web,search,181,PLN_BASIC,Basic,low,299.0,1,2026-01-30,high,10.5,204.62,active,2026-01-30,0
U001824,2025-12-11,2,premium,web,search,36,PLN_PREM,Premium,high,799.0,1,2026-01-30,high,10.75,390.475,active,2026-01-30,0
U001825,2025-11-14,3,value,mobile,referral,63,PLN_BASIC,Basic,low,299.0,1,2026-01-30,high,10.5,46.4075,active,2026-01-30,0
U001826,2025-12-17,3,value,web,paid_social,30,PLN_BASIC,Basic,low,299.0,1,2026-01-30,high,10.5,48.0725,cancelled,2026-01-19,1
U001827,2025-05-31,2,premium,web,paid_social,230,PLN_PREM,Premium,high,799.0,1,2026-01-30,high,10.5,247.1975,active,2026-01-30,0
U001828,2026-01-07,2,regular,web,search,9,PLN_BASIC,Basic,low,299.0,1,2026-01-30,high,6.0,166.04749999999999,active,2026-01-30,0
U001829,2025-10-06,2,premium,mobile,organic,102,PLN_STD,Standard,mid,499.0,1,2026-01-30,high,10.75,454.5575,active,2026-01-30,0
U001830,2026-01-06,2,regular,mobile,organic,10,PLN_STD,Standard,mid,499.0,1,2026-01-30,high,6.25,71.15,expired,2026-01-30,1
U001831,2025-08-02,1,regular,web,paid_social,167,PLN_STD,Standard,mid,499.0,1,2026-01-30,high,10.5,0.0,cancelled,2025-12-07,1
U001832,2025-12-30,1,regular,mobile,search,17,PLN_STD,Standard,mid,499.0,1,2026-01-30,high,8.0,83.8325,active,2026-01-30,0
U001833,2025-09-29,2,value,web,search,109,PLN_BASIC,Basic,low,299.0,1,2026-01-30,high,10.5,83.99,active,2026-01-30,0
U001834,2025-05-23,3,regular,mobile,search,238,PLN_STD,Standard,mid,499.0,1,2026-01-30,high,10.5,177.4325,active,2026-01-30,0
U001835,2025-08-15,3,regular,web,search,154,PLN_STD,Standard,mid,499.0,1,2026-01-30,high,10.5,170.895,active,2026-01-30,0
U001836,2025-06-08,2,premium,mobile,paid_social,222,PLN_PREM,Premium,high,799.0,1,2026-01-30,high,10.75,324.2325,active,2026-01-30,0
U001837,2025-12-27,1,regular,mobile,paid_social,20,PLN_BASIC,Basic,low,299.0,1,2026-01-29,high,8.5,138.905,active,2026-01-30,0
U001838,2025-07-20,2,value,web,email,180,PLN_BASIC,Basic,low,299.0,1,2026-01-30,high,10.75,0.0,cancelled,2025-11-20,1
U001839,2025-06-29,2,regular,web,organic,201,PLN_STD,Standard,mid,499.0,1,2026-01-30,high,10.5,216.4,active,2026-01-30,0
U001840,2025-09-20,3,regular,web,search,118,PLN_STD,Standard,mid,499.0,1,2026-01-30,high,10.5,163.615,active,2026-01-30,0
U001841,2025-08-19,3,regular,web,organic,150,PLN_STD,Standard,mid,499.0,1,2026-01-30,high,10.75,228.4525,active,2026-01-30,0
U001842,2025-05-29,3,regular,web,referral,232,PLN_PREM,Premium,high,799.0,1,2026-01-30,high,10.75,129.7225,active,2026-01-30,0
U001843,2025-11-25,3,regular,web,paid_social,52,PLN_BASIC,Basic,low,299.0,1,2026-01-30,high,10.75,136.4625,active,2026-01-30,0
U001844,2025-12-03,3,value,mobile,search,44,PLN_STD,Standard,mid,499.0,1,2026-01-30,high,10.5,102.3275,active,2026-01-30,0
U001845,2025-11-07,2,regular,web,referral,70,PLN_STD,Standard,mid,499.0,1,2026-01-30,high,10.75,33.39,expired,2026-01-07,1
U001846,2025-10-06,1,regular,mobile,search,102,PLN_PREM,Premium,high,799.0,1,2026-01-30,high,10.75,0.0,expired,2025-12-12,1
U001847,2025-08-14,1,premium,web,organic,155,PLN_PREM,Premium,high,799.0,1,2026-01-30,high,10.75,304.895,active,2026-01-30,0
U001848,2025-09-18,2,regular,web,search,120,PLN_STD,Standard,mid,499.0,1,2026-01-30,high,10.75,182.6,active,2026-01-30,0
U001849,2025-09-12,2,regular,web,organic,126,PLN_PREM,Premium,high,799.0,1,2026-01-30,high,10.75,0.0,cancelled,2025-10-12,1
U001850,2025-06-15,1,regular,mobile,referral,215,PLN_STD,Standard,mid,499.0,1,2026-01-30,high,10.75,0.0,expired,2025-09-16,1
U001851,2025-05-25,3,regular,web,paid_social,236,PLN_BASIC,Basic,low,299.0,1,2026-01-30,high,10.5,195.105,active,2026-01-30,0
U001852,2025-07-07,1,value,web,paid_social,193,PLN_BASIC,Basic,low,299.0,1,2026-01-30,high,10.75,48.4325,active,2026-01-30,0
U001853,2025-08-27,3,premium,mobile,referral,142,PLN_PREM,Premium,high,799.0,1,2026-01-30,high,10.75,356.7925,active,2026-01-30,0
U001854,2025-06-14,3,premium,mobile,referral,216,PLN_PREM,Premium,high,799.0,1,2026-01-30,high,10.75,357.58,active,2026-01-30,0
U001855,2025-05-31,2,regular,mobile,search,230,PLN_STD,Standard,mid,499.0,1,2026-01-30,high,10.75,176.0625,active,2026-01-30,0
U001856,2025-12-04,2,regular,web,organic,43,PLN_BASIC,Basic,low,299.0,1,2026-01-30,high,10.75,194.905,active,2026-01-30,0
U001857,2025-08-07,2,value,web,search,162,PLN_BASIC,Basic,low,299.0,1,2026-01-30,high,10.75,96.7225,active,2026-01-30,0
U001858,2025-09-28,2,regular,mobile,email,110,PLN_BASIC,Basic,low,299.0,1,2026-01-30,high,10.75,222.7725,active,2026-01-30,0
U001859,2025-09-13,1,regular,mobile,email,125,PLN_STD,Standard,mid,499.0,1,2026-01-30,high,10.25,170.7825,active,2026-01-30,0
U001860,2025-11-05,3,regular,mobile,paid_social,72,PLN_STD,Standard,mid,499.0,1,2026-01-30,high,10.75,156.92,active,2026-01-30,0
U001861,2025-11-06,2,value,web,organic,71,PLN_STD,Standard,mid,499.0,1,2026-01-30,high,10.75,93.06,active,2026-01-30,0
U001862,2025-07-18,2,regular,web,organic,182,PLN_BASIC,Basic,low,299.0,1,2026-01-30,high,10.5,165.3425,active,2026-01-30,0
U001863,2025-12-03,2,value,mobile,referral,44,PLN_BASIC,Basic,low,299.0,1,2026-01-30,high,10.75,118.3075,active,2026-01-30,0
U001864,2025-08-06,2,regular,mobile,organic,163,PLN_STD,Standard,mid,499.0,1,2026-01-30,high,10.5,175.03,active,2026-01-30,0
U001865,2025-11-30,2,regular,web,paid_social,47,PLN_BASIC,Basic,low,299.0,1,2026-01-30,high,10.5,196.5425,active,2026-01-30,0
U001866,2025-08-14,2,value,mobile,search,155,PLN_BASIC,Basic,low,299.0,1,2026-01-30,high,10.75,88.63,active,2026-01-30,0
U001867,2025-06-01,1,regular,mobile,organic,229,PLN_STD,Standard,mid,499.0,1,2026-01-30,high,10.75,219.645,active,2026-01-30,0
U001868,2025-11-11,2,regular,web,paid_social,66,PLN_BASIC,Basic,low,299.0,1,2026-01-30,high,10.75,235.31,active,2026-01-30,0
U001869,2025-05-12,2,regular,web,email,249,PLN_PREM,Premium,high,799.0,1,2026-01-30,high,10.75,152.6825,active,2026-01-30,0
U001870,2025-11-14,2,value,mobile,paid_social,63,PLN_BASIC,Basic,low,299.0,1,2026-01-30,high,10.5,67.9525,active,2026-01-30,0
U001871,2025-05-15,1,regular,web,search,246,PLN_PREM,Premium,high,799.0,1,2026-01-30,high,10.5,216.5925,active,2026-01-30,0
U001872,2025-06-25,2,value,mobile,search,205,PLN_BASIC,Basic,low,299.0,1,2026-01-30,high,10.75,84.1375,active,2026-01-30,0
U001873,2025-10-03,2,regular,mobile,email,105,PLN_STD,Standard,mid,499.0,1,2026-01-30,high,10.75,185.84,active,2026-01-30,0
U001874,2025-12-27,2,regular,web,search,20,PLN_BASIC,Basic,low,299.0,1,2026-01-30,high,8.75,85.89750000000001,cancelled,2026-01-27,1
U001875,2025-08-15,1,value,mobile,search,154,PLN_BASIC,Basic,low,299.0,1,2026-01-30,high,10.25,0.0,expired,2025-09-20,1
U001876,2025-06-04,1,regular,web,paid_social,226,PLN_STD,Standard,mid,499.0,1,2026-01-30,high,10.75,202.855,active,2026-01-30,0
U001877,2025-07-02,2,regular,web,organic,198,PLN_STD,Standard,mid,499.0,1,2026-01-30,high,10.75,161.51,active,2026-01-30,0
U001878,2025-12-15,1,regular,mobile,organic,32,PLN_STD,Standard,mid,499.0,1,2026-01-30,high,10.75,187.93,active,2026-01-30,0
U001879,2025-11-03,2,value,mobile,referral,74,PLN_BASIC,Basic,low,299.0,1,2026-01-30,high,10.5,75.55,active,2026-01-30,0
U001880,2025-05-30,3,value,web,paid_social,231,PLN_BASIC,Basic,low,299.0,1,2026-01-30,high,10.75,96.005,active,2026-01-30,0
U001881,2025-08-09,2,regular,mobile,organic,160,PLN_STD,Standard,mid,499.0,1,2026-01-30,high,10.75,186.32750000000001,active,2026-01-30,0
U001882,2025-07-10,3,value,mobile,organic,190,PLN_STD,Standard,mid,499.0,1,2026-01-30,high,10.75,76.4625,active,2026-01-30,0
U001883,2025-06-18,1,regular,mobile,email,212,PLN_STD,Standard,mid,499.0,1,2026-01-30,high,10.75,138.5725,active,2026-01-30,0
U001884,2025-12-03,1,value,mobile,paid_social,44,PLN_BASIC,Basic,low,299.0,1,2026-01-30,high,10.5,68.8275,active,2026-01-30,0
U001885,2025-10-07,2,value,web,paid_social,101,PLN_BASIC,Basic,low,299.0,1,2026-01-30,high,10.75,122.0025,active,2026-01-30,0
U001886,2025-06-19,3,regular,web,organic,211,PLN_BASIC,Basic,low,299.0,1,2026-01-30,high,10.75,0.0,cancelled,2025-12-18,1
U001887,2025-10-15,3,value,mobile,email,93,PLN_BASIC,Basic,low,299.0,1,2026-01-30,high,10.75,64.8725,active,2026-01-30,0
U001888,2025-08-16,1,regular,web,referral,153,PLN_PREM,Premium,high,799.0,1,2026-01-30,high,10.75,0.0,cancelled,2025-10-17,1
U001889,2025-05-20,3,value,mobile,search,241,PLN_BASIC,Basic,low,299.0,1,2026-01-30,high,10.75,0.0,cancelled,2025-08-20,1
U001890,2025-08-25,2,regular,web,organic,144,PLN_STD,Standard,mid,499.0,1,2026-01-30,high,10.5,146.345,active,2026-01-30,0
U001891,2025-06-20,2,regular,web,paid_social,210,PLN_PREM,Premium,high,799.0,1,2026-01-30,high,10.25,0.0,cancelled,2025-10-25,1
U001892,2025-07-05,1,regular,web,referral,195,PLN_PREM,Premium,high,799.0,1,2026-01-30,high,10.75,168.385,active,2026-01-30,0
U001893,2025-12-11,3,regular,web,referral,36,PLN_BASIC,Basic,low,299.0,1,2026-01-30,high,10.75,198.64249999999998,active,2026-01-30,0
U001894,2025-10-30,1,value,web,email,78,PLN_BASIC,Basic,low,299.0,1,2026-01-30,high,10.5,115.9675,active,2026-01-30,0
U001895,2025-06-07,3,regular,mobile,paid_social,223,PLN_STD,Standard,mid,499.0,1,2026-01-30,high,10.75,178.555,active,2026-01-30,0
U001896,2025-12-04,2,value,mobile,organic,43,PLN_STD,Standard,mid,499.0,1,2026-01-30,high,10.75,46.9825,active,2026-01-30,0
U001897,2025-09-26,2,regular,web,search,112,PLN_STD,Standard,mid,499.0,1,2026-01-30,high,10.5,0.0,cancelled,2025-11-25,1
U001898,2025-12-10,2,value,web,referral,37,PLN_BASIC,Basic,low,299.0,1,2026-01-30,high,10.75,78.455,active,2026-01-30,0
U001899,2025-11-08,3,regular,mobile,organic,69,PLN_STD,Standard,mid,499.0,1,2026-01-30,high,10.75,195.37,active,2026-01-30,0
U001900,2025-07-29,1,value,web,organic,171,PLN_STD,Standard,mid,499.0,1,2026-01-30,high,10.75,101.2075,active,2026-01-30,0
U001901,2025-09-16,1,premium,web,paid_social,122,PLN_STD,Standard,mid,499.0,1,2026-01-30,high,10.75,346.8225,active,2026-01-30,0
U001902,2025-09-15,2,regular,web,search,123,PLN_PREM,Premium,high,799.0,1,2026-01-30,high,10.75,0.0,cancelled,2025-11-15,1
U001903,2025-11-01,2,regular,mobile,referral,76,PLN_STD,Standard,mid,499.0,1,2026-01-30,high,10.75,221.555,active,2026-01-30,0
U001904,2025-07-06,1,value,mobile,organic,194,PLN_BASIC,Basic,low,299.0,1,2026-01-30,high,10.25,75.375,active,2026-01-30,0
U001905,2025-07-27,1,value,mobile,organic,173,PLN_BASIC,Basic,low,299.0,1,2026-01-30,high,10.75,135.20250000000001,active,2026-01-30,0
U001906,2025-07-05,2,value,mobile,organic,195,PLN_BASIC,Basic,low,299.0,1,2026-01-30,high,10.25,64.58,active,2026-01-30,0
U001907,2025-07-18,1,premium,mobile,paid_social,182,PLN_PREM,Premium,high,799.0,1,2026-01-30,high,10.5,321.6975,active,2026-01-30,0
U001908,2025-06-14,1,regular,web,paid_social,216,PLN_STD,Standard,mid,499.0,1,2026-01-30,high,10.5,147.8125,active,2026-01-30,0
U001909,2025-05-14,3,value,web,search,247,PLN_BASIC,Basic,low,299.0,1,2026-01-30,high,10.75,126.0,active,2026-01-30,0
U001910,2025-12-26,2,regular,web,search,21,PLN_PREM,Premium,high,799.0,1,2026-01-30,high,8.75,236.55136334321006,active,2026-01-30,0
U001911,2025-05-23,3,regular,web,organic,238,PLN_STD,Standard,mid,499.0,1,2026-01-30,high,10.75,0.0,cancelled,2025-07-28,1
U001912,2025-12-13,3,value,mobile,paid_social,34,PLN_BASIC,Basic,low,299.0,1,2026-01-30,high,10.75,98.6275,active,2026-01-30,0
U001913,2025-05-05,1,regular,web,email,256,PLN_STD,Standard,mid,499.0,1,2026-01-30,high,10.75,287.8575,active,2026-01-30,0
U001914,2025-11-16,2,value,web,paid_social,61,PLN_BASIC,Basic,low,299.0,1,2026-01-30,high,10.75,60.0825,active,2026-01-30,0
U001915,2025-07-26,2,value,web,organic,174,PLN_BASIC,Basic,low,299.0,1,2026-01-30,high,10.75,0.0,cancelled,2025-10-29,1
U001916,2025-09-11,2,regular,mobile,paid_social,127,PLN_PREM,Premium,high,799.0,1,2026-01-30,high,10.75,212.9,active,2026-01-30,0
U001917,2025-07-14,1,value,mobile,organic,186,PLN_BASIC,Basic,low,299.0,1,2026-01-30,high,10.75,23.535,cancelled,2026-01-10,1
U001918,2025-09-05,1,premium,mobile,organic,133,PLN_PREM,Premium,high,799.0,1,2026-01-30,high,10.75,242.555,active,2026-01-30,0
U001919,2025-08-26,1,regular,web,organic,143,PLN_STD,Standard,mid,499.0,1,2026-01-30,high,10.75,0.0,cancelled,2025-10-26,1
U001920,2025-09-14,2,regular,web,organic,124,PLN_STD,Standard,mid,499.0,1,2026-01-30,high,10.75,121.38,cancelled,2026-01-16,1
U001921,2025-08-11,3,regular,mobile,organic,158,PLN_STD,Standard,mid,499.0,1,2026-01-30,high,10.75,165.07750000000001,active,2026-01-30,0
U001922,2025-09-16,2,premium,mobile,referral,122,PLN_PREM,Premium,high,799.0,1,2026-01-30,high,10.75,286.64,active,2026-01-30,0
U001923,2025-11-28,2,value,mobile,organic,49,PLN_BASIC,Basic,low,299.0,1,2026-01-30,high,10.75,79.46249999999999,active,2026-01-30,0
U001924,2025-08-22,3,regular,web,paid_social,147,PLN_STD,Standard,mid,499.0,1,2026-01-30,high,10.75,0.0,cancelled,2025-11-20,1
U001925,2025-08-03,2,regular,web,email,166,PLN_BASIC,Basic,low,299.0,1,2026-01-30,high,10.75,321.8825,active,2026-01-30,0
U001926,2025-06-07,1,premium,mobile,search,223,PLN_PREM,Premium,high,799.0,1,2026-01-30,high,10.75,395.11,active,2026-01-30,0
U001927,2025-08-03,3,value,mobile,search,166,PLN_STD,Standard,mid,499.0,1,2026-01-30,high,10.75,70.8725,active,2026-01-30,0
U001928,2025-06-05,2,regular,unknown,paid_social,225,PLN_BASIC,Basic,low,299.0,1,2026-01-30,high,10.5,35.5775,expired,2026-01-04,1
U001929,2025-06-19,1,regular,web,organic,211,PLN_STD,Standard,mid,499.0,1,2026-01-30,high,10.25,225.155,active,2026-01-30,0
U001930,2025-12-30,2,value,web,search,17,PLN_BASIC,Basic,low,299.0,1,2026-01-30,high,8.0,89.3725,active,2026-01-30,0
U001931,2025-05-27,3,premium,web,search,234,PLN_PREM,Premium,high,799.0,1,2026-01-30,high,10.75,233.065,active,2026-01-30,0
U001932,2025-09-02,2,value,mobile,referral,136,PLN_BASIC,Basic,low,299.0,1,2026-01-30,high,10.75,0.0,expired,2025-10-07,1
U001933,2025-11-30,2,value,web,referral,47,PLN_BASIC,Basic,low,299.0,1,2026-01-30,high,10.75,70.715,active,2026-01-30,0
U001934,2025-12-30,1,regular,web,referral,17,PLN_BASIC,Basic,low,299.0,1,2026-01-30,high,8.0,141.6375,active,2026-01-30,0
U001935,2025-06-10,1,regular,unknown,paid_social,220,PLN_STD,Standard,mid,499.0,1,2026-01-30,high,10.25,0.0,cancelled,2025-12-14,1
U001936,2025-06-15,1,value,mobile,search,215,PLN_BASIC,Basic,low,299.0,1,2026-01-30,high,10.75,111.69,active,2026-01-30,0
U001937,2025-08-06,2,value,web,referral,163,PLN_STD,Standard,mid,499.0,1,2026-01-30,high,10.75,0.0,expired,2025-09-05,1
U001938,2025-09-21,3,value,web,referral,117,PLN_BASIC,Basic,low,299.0,1,2026-01-30,high,10.75,68.09,cancelled,2026-01-26,1
U001939,2025-12-31,1,regular,mobile,search,16,PLN_PREM,Premium,high,799.0,1,2026-01-30,high,7.5,74.33,expired,2026-01-30,1
U001940,2025-06-26,2,premium,mobile,email,204,PLN_PREM,Premium,high,799.0,1,2026-01-30,high,10.75,355.2575,active,2026-01-30,0
U001941,2025-06-15,1,regular,mobile,referral,215,PLN_BASIC,Basic,low,299.0,1,2026-01-30,high,10.5,138.04,active,2026-01-30,0
U001942,2025-07-07,1,value,unknown,search,193,PLN_BASIC,Basic,low,299.0,1,2026-01-30,high,10.75,0.0,expired,2025-10-09,1
U001943,2025-12-10,2,regular,web,organic,37,PLN_PREM,Premium,high,799.0,1,2026-01-30,high,10.5,170.2925,active,2026-01-30,0
U001944,2025-05-12,2,premium,mobile,organic,249,PLN_PREM,Premium,high,799.0,1,2026-01-30,high,10.75,0.0,cancelled,2025-06-14,1
U001945,2025-08-08,2,regular,mobile,paid_social,161,PLN_PREM,Premium,high,799.0,1,2026-01-30,high,10.75,186.8275,active,2026-01-30,0
U001946,2025-06-03,2,value,web,organic,227,PLN_BASIC,Basic,low,299.0,1,2026-01-30,high,10.75,0.0,expired,2025-09-03,1
U001947,2025-06-13,2,value,mobile,search,217,PLN_BASIC,Basic,low,299.0,1,2026-01-30,high,10.75,0.0,cancelled,2025-09-12,1
U001948,2025-12-21,1,premium,web,paid_social,26,PLN_PREM,Premium,high,799.0,1,2026-01-30,high,10.0,358.5475,active,2026-01-30,0
U001949,2025-05-05,1,premium,web,referral,256,PLN_PREM,Premium,high,799.0,1,2026-01-30,high,10.75,412.3725,active,2026-01-30,0
U001950,2025-07-24,3,value,web,referral,176,PLN_STD,Standard,mid,499.0,1,2026-01-30,high,10.75,100.245,active,2026-01-30,0
U001951,2025-12-20,3,regular,web,paid_social,27,PLN_PREM,Premium,high,799.0,1,2026-01-30,high,10.5,222.66085198048242,active,2026-01-30,0
U001952,2025-10-04,3,value,mobile,search,104,PLN_BASIC,Basic,low,299.0,1,2026-01-30,high,10.75,0.0,cancelled,2025-12-10,1
U001953,2025-05-23,3,value,web,organic,238,PLN_BASIC,Basic,low,299.0,1,2026-01-30,high,10.75,65.0125,active,2026-01-30,0
U001954,2025-08-29,2,regular,mobile,paid_social,140,PLN_STD,Standard,mid,499.0,1,2026-01-30,high,10.5,185.225,active,2026-01-30,0
U001955,2026-01-03,3,regular,web,organic,13,PLN_STD,Standard,mid,499.0,1,2026-01-30,high,6.5,140.1275,active,2026-01-30,0
U001956,2025-08-13,2,regular,web,search,156,PLN_STD,Standard,mid,499.0,1,2026-01-30,high,10.75,141.74,active,2026-01-30,0
U001957,2025-09-14,1,premium,web,email,124,PLN_STD,Standard,mid,499.0,1,2026-01-30,high,10.75,340.885,active,2026-01-30,0
U001958,2025-09-15,1,regular,web,search,123,PLN_PREM,Premium,high,799.0,1,2026-01-30,high,10.5,105.8375,cancelled,2026-01-19,1
U001959,2025-10-17,1,value,mobile,paid_social,91,PLN_BASIC,Basic,low,299.0,1,2026-01-30,high,10.75,57.075,active,2026-01-30,0
U001960,2025-06-20,1,regular,mobile,paid_social,210,PLN_STD,Standard,mid,499.0,1,2026-01-30,high,10.5,135.87,active,2026-01-30,0
U001961,2025-12-01,2,regular,web,referral,46,PLN_BASIC,Basic,low,299.0,1,2026-01-30,high,10.75,224.6025,active,2026-01-30,0
U001962,2026-01-08,2,regular,mobile,search,8,PLN_BASIC,Basic,low,299.0,1,2026-01-30,high,5.75,196.00509526159107,active,2026-01-30,0
U001963,2025-06-09,3,premium,mobile,search,221,PLN_STD,Standard,mid,499.0,1,2026-01-30,high,10.75,237.32,active,2026-01-30,0
U001964,2025-11-26,2,regular,mobile,organic,51,PLN_STD,Standard,mid,499.0,1,2026-01-30,high,10.75,136.3775,active,2026-01-30,0
U001965,2025-11-26,1,value,web,paid_social,51,PLN_BASIC,Basic,low,299.0,1,2026-01-30,high,10.0,59.517500000000005,active,2026-01-30,0
U001966,2025-11-07,2,value,web,organic,70,PLN_BASIC,Basic,low,299.0,1,2026-01-30,high,10.75,29.5375,expired,2026-01-07,1
U001967,2025-08-06,2,regular,mobile,search,163,PLN_STD,Standard,mid,499.0,1,2026-01-30,high,10.25,175.56,active,2026-01-30,0
U001968,2025-08-30,1,premium,mobile,paid_social,139,PLN_STD,Standard,mid,499.0,1,2026-01-30,high,10.75,314.02750000000003,active,2026-01-30,0
U001969,2025-12-01,2,value,web,organic,46,PLN_BASIC,Basic,low,299.0,1,2026-01-30,high,10.5,89.5825,active,2026-01-30,0
U001970,2025-06-12,2,value,mobile,search,218,PLN_BASIC,Basic,low,299.0,1,2026-01-30,high,10.5,33.5475,cancelled,2026-01-10,1
U001971,2025-11-29,2,regular,web,organic,48,PLN_PREM,Premium,high,799.0,1,2026-01-30,high,10.75,174.4375,active,2026-01-30,0
U001972,2025-12-22,3,value,mobile,organic,25,PLN_BASIC,Basic,low,299.0,1,2026-01-30,high,10.0,75.8475,active,2026-01-30,0
U001973,2025-10-23,3,value,web,organic,85,PLN_STD,Standard,mid,499.0,1,2026-01-30,high,10.75,91.3425,active,2026-01-30,0
U001974,2025-07-29,2,premium,mobile,organic,171,PLN_STD,Standard,mid,499.0,1,2026-01-30,high,10.75,49.445,cancelled,2026-01-01,1
U001975,2025-09-22,1,regular,web,email,116,PLN_STD,Standard,mid,499.0,1,2026-01-30,high,10.5,203.4375,active,2026-01-30,0
U001976,2025-05-17,3,premium,web,email,244,PLN_PREM,Premium,high,799.0,1,2026-01-30,high,10.75,314.28249999999997,active,2026-01-30,0
U001977,2025-12-24,2,regular,mobile,paid_social,23,PLN_PREM,Premium,high,799.0,1,2026-01-30,high,9.5,173.9125,active,2026-01-30,0
U001978,2025-07-29,1,value,web,paid_social,171,PLN_STD,Standard,mid,499.0,1,2026-01-30,high,10.75,82.805,active,2026-01-30,0
U001979,2025-05-19,2,premium,mobile,paid_social,242,PLN_PREM,Premium,high,799.0,1,2026-01-30,high,10.75,573.7806789026495,active,2026-01-30,0
U001980,2025-11-20,2,value,mobile,referral,57,PLN_BASIC,Basic,low,299.0,1,2026-01-30,high,10.75,42.225,expired,2026-01-19,1
U001981,2025-10-17,2,value,web,search,91,PLN_BASIC,Basic,low,299.0,1,2026-01-30,high,10.5,121.2175,active,2026-01-30,0
U001982,2025-10-08,1,premium,web,organic,100,PLN_PREM,Premium,high,799.0,1,2026-01-30,high,10.75,536.0920522882627,active,2026-01-30,0
U001983,2025-05-18,2,regular,mobile,paid_social,243,PLN_STD,Standard,mid,499.0,1,2026-01-30,high,10.75,193.295,active,2026-01-30,0
U001984,2025-11-09,1,premium,mobile,email,68,PLN_PREM,Premium,high,799.0,1,2026-01-30,high,10.75,275.3675,active,2026-01-30,0
U001985,2025-10-11,1,value,mobile,organic,97,PLN_BASIC,Basic,low,299.0,1,2026-01-30,high,10.75,82.7575,active,2026-01-30,0
U001986,2025-11-20,1,premium,web,search,57,PLN_STD,Standard,mid,499.0,1,2026-01-30,high,10.75,223.505,cancelled,2026-01-19,1
U001987,2025-11-28,3,regular,mobile,search,49,PLN_BASIC,Basic,low,299.0,1,2026-01-30,high,10.75,219.605,active,2026-01-30,0
U001988,2025-06-27,2,regular,web,search,203,PLN_BASIC,Basic,low,299.0,1,2026-01-30,high,10.5,157.0125,active,2026-01-30,0
U001989,2025-06-26,2,premium,unknown,paid_social,204,PLN_PREM,Premium,high,799.0,1,2026-01-30,high,10.75,341.5525,active,2026-01-30,0
U001990,2025-12-22,2,regular,web,search,25,PLN_BASIC,Basic,low,299.0,1,2026-01-30,high,9.75,195.1975,active,2026-01-30,0
U001991,2025-09-15,3,regular,web,email,123,PLN_STD,Standard,mid,499.0,1,2026-01-30,high,10.5,96.5525,expired,2026-01-14,1
U001992,2025-08-22,2,regular,mobile,referral,147,PLN_PREM,Premium,high,799.0,1,2026-01-30,high,10.5,0.0,cancelled,2025-10-24,1
U001993,2025-07-16,3,regular,mobile,organic,184,PLN_BASIC,Basic,low,299.0,1,2026-01-30,high,10.75,160.66,active,2026-01-30,0
U001994,2025-10-12,2,premium,web,referral,96,PLN_STD,Standard,mid,499.0,1,2026-01-30,high,10.5,358.15999999999997,active,2026-01-30,0
U001995,2025-11-10,1,regular,mobile,paid_social,67,PLN_STD,Standard,mid,499.0,1,2026-01-30,high,10.75,185.7275,active,2026-01-30,0
U001996,2025-05-05,2,value,web,search,256,PLN_BASIC,Basic,low,299.0,1,2026-01-30,high,10.75,118.305,active,2026-01-30,0
U001997,2025-09-20,2,value,web,search,118,PLN_BASIC,Basic,low,299.0,1,2026-01-30,high,10.5,0.0,expired,2025-12-22,1
U001998,2026-01-09,3,premium,web,referral,7,PLN_STD,Standard,mid,499.0,1,2026-01-30,high,5.5,218.45749999999998,active,2026-01-30,0
U001999,2025-07-14,3,premium,web,search,186,PLN_STD,Standard,mid,499.0,1,2026-01-30,high,10.75,623.2892450530697,active,2026-01-30,0
U002000,2025-07-14,2,premium,web,organic,186,PLN_STD,Standard,mid,499.0,1,2026-01-30,high,10.25,303.3375,active,2026-01-30,0
U002001,2025-12-11,3,value,web,organic,36,PLN_BASIC,Basic,low,299.0,1,2026-01-30,high,10.5,93.64,active,2026-01-30,0
U002002,2025-05-20,2,regular,web,organic,241,PLN_PREM,Premium,high,799.0,1,2026-01-30,high,10.75,0.0,expired,2025-12-18,1
U002003,2025-08-12,2,regular,mobile,paid_social,157,PLN_STD,Standard,mid,499.0,1,2026-01-30,high,10.0,133.175,active,2026-01-30,0
U002004,2025-08-28,2,regular,mobile,organic,141,PLN_BASIC,Basic,low,299.0,1,2026-01-30,high,10.5,177.675,active,2026-01-30,0
U002005,2025-11-21,1,value,mobile,paid_social,56,PLN_BASIC,Basic,low,299.0,1,2026-01-30,high,10.75,11.0675,cancelled,2025-12-25,1
U002006,2025-06-06,3,regular,web,search,224,PLN_BASIC,Basic,low,299.0,1,2026-01-30,high,10.75,171.5225,active,2026-01-30,0
U002007,2025-08-21,1,value,mobile,referral,148,PLN_STD,Standard,mid,499.0,1,2026-01-30,high,10.75,0.0,cancelled,2025-10-26,1
U002008,2025-06-12,2,regular,web,search,218,PLN_STD,Standard,mid,499.0,1,2026-01-30,high,10.75,165.25,active,2026-01-30,0
U002009,2025-11-18,2,value,mobile,email,59,PLN_STD,Standard,mid,499.0,1,2026-01-30,high,10.75,44.7425,cancelled,2026-01-17,1
U002010,2025-10-10,1,value,mobile,email,98,PLN_BASIC,Basic,low,299.0,1,2026-01-30,high,10.75,72.0875,active,2026-01-30,0
U002011,2025-09-06,1,value,web,organic,132,PLN_BASIC,Basic,low,299.0,1,2026-01-30,high,10.75,79.10249999999999,active,2026-01-30,0
U002012,2025-08-11,2,premium,web,paid_social,158,PLN_STD,Standard,mid,499.0,1,2026-01-30,high,10.75,0.0,expired,2025-09-15,1
U002013,2025-06-12,1,regular,mobile,organic,218,PLN_STD,Standard,mid,499.0,1,2026-01-30,high,10.75,0.0,expired,2025-08-15,1
U002014,2025-12-22,2,premium,mobile,referral,25,PLN_PREM,Premium,high,799.0,1,2026-01-30,high,10.0,179.8225,cancelled,2026-01-23,1
U002015,2025-10-14,2,regular,mobile,paid_social,94,PLN_STD,Standard,mid,499.0,1,2026-01-30,high,10.75,0.0,expired,2025-12-16,1
U002016,2025-07-24,1,regular,mobile,organic,176,PLN_STD,Standard,mid,499.0,1,2026-01-30,high,10.75,152.60750000000002,active,2026-01-30,0
U002017,2025-08-16,1,value,mobile,organic,153,PLN_BASIC,Basic,low,299.0,1,2026-01-30,high,10.5,85.2925,active,2026-01-30,0
U002018,2025-11-03,3,regular,web,search,74,PLN_PREM,Premium,high,799.0,1,2026-01-29,high,10.25,0.0,cancelled,2025-12-03,1
U002019,2025-11-01,3,value,mobile,referral,76,PLN_BASIC,Basic,low,299.0,1,2026-01-30,high,10.5,24.795,cancelled,2026-01-05,1
U002020,2025-08-28,1,regular,web,referral,141,PLN_BASIC,Basic,low,299.0,1,2026-01-30,high,10.75,252.0,active,2026-01-30,0
U002021,2025-07-20,3,regular,web,organic,180,PLN_BASIC,Basic,low,299.0,1,2026-01-30,high,10.75,211.5825,active,2026-01-30,0
U002022,2025-10-17,2,premium,web,organic,91,PLN_PREM,Premium,high,799.0,1,2026-01-30,high,10.75,389.4425,active,2026-01-30,0
U002023,2025-10-17,2,value,mobile,search,91,PLN_BASIC,Basic,low,299.0,1,2026-01-30,high,10.75,0.0,cancelled,2025-11-22,1
U002024,2025-10-02,2,regular,mobile,paid_social,106,PLN_STD,Standard,mid,499.0,1,2026-01-30,high,10.75,200.945,active,2026-01-30,0
U002025,2025-05-23,2,value,web,organic,238,PLN_STD,Standard,mid,499.0,1,2026-01-30,high,10.5,118.15,active,2026-01-30,0
U002026,2025-08-31,3,value,web,organic,138,PLN_STD,Standard,mid,499.0,1,2026-01-30,high,10.75,77.49249999999999,active,2026-01-30,0
U002027,2025-10-06,2,regular,web,referral,102,PLN_STD,Standard,mid,499.0,1,2026-01-30,high,10.75,0.0,expired,2025-11-11,1
U002028,2025-12-29,2,regular,mobile,search,18,PLN_STD,Standard,mid,499.0,1,2026-01-30,high,8.0,156.805,active,2026-01-30,0
U002029,2025-09-13,2,regular,mobile,paid_social,125,PLN_BASIC,Basic,low,299.0,1,2026-01-30,high,10.75,160.4075,active,2026-01-30,0
U002030,2025-07-30,1,value,web,search,170,PLN_STD,Standard,mid,499.0,1,2026-01-30,high,10.75,88.6325,active,2026-01-30,0
U002031,2025-09-21,2,premium,web,search,117,PLN_PREM,Premium,high,799.0,1,2026-01-30,high,10.75,14.12,cancelled,2025-12-20,1
U002032,2025-06-18,1,premium,mobile,paid_social,212,PLN_PREM,Premium,high,799.0,1,2026-01-30,high,10.5,0.0,cancelled,2025-10-23,1
U002033,2025-05-27,2,regular,web,organic,234,PLN_BASIC,Basic,low,299.0,1,2026-01-30,high,10.5,0.0,cancelled,2025-08-28,1
U002034,2025-10-22,1,premium,web,organic,86,PLN_PREM,Premium,high,799.0,1,2026-01-30,high,10.5,375.3425,active,2026-01-30,0
U002035,2026-01-07,1,value,web,email,9,PLN_BASIC,Basic,low,299.0,1,2026-01-30,high,6.0,23.71,cancelled,2026-01-30,1
U002036,2025-12-03,2,regular,web,referral,44,PLN_BASIC,Basic,low,299.0,1,2026-01-30,high,10.5,260.2775,active,2026-01-30,0
U002037,2025-09-28,2,premium,web,paid_social,110,PLN_STD,Standard,mid,499.0,1,2026-01-30,high,10.75,219.19,active,2026-01-30,0
U002038,2025-05-15,2,regular,mobile,organic,246,PLN_STD,Standard,mid,499.0,1,2026-01-30,high,10.5,0.0,cancelled,2025-12-13,1
U002039,2026-01-07,1,regular,web,organic,9,PLN_STD,Standard,mid,499.0,1,2026-01-30,high,5.5,59.400000000000006,cancelled,2026-01-30,1
U002040,2025-08-25,2,regular,web,organic,144,PLN_PREM,Premium,high,799.0,1,2026-01-30,high,10.75,196.3225,active,2026-01-30,0
U002041,2025-07-16,2,regular,mobile,email,184,PLN_STD,Standard,mid,499.0,1,2026-01-30,high,10.5,232.9325,active,2026-01-30,0
U002042,2025-12-15,2,regular,mobile,referral,32,PLN_PREM,Premium,high,799.0,1,2026-01-30,high,10.5,129.47,cancelled,2026-01-15,1
U002043,2025-11-08,2,value,web,search,69,PLN_STD,Standard,mid,499.0,1,2026-01-30,high,10.5,103.0875,active,2026-01-30,0
U002044,2025-11-09,2,value,web,email,68,PLN_BASIC,Basic,low,299.0,1,2026-01-30,high,10.75,110.005,active,2026-01-30,0
U002045,2025-07-13,2,regular,mobile,organic,187,PLN_BASIC,Basic,low,299.0,1,2026-01-30,high,10.75,163.48,active,2026-01-30,0
U002046,2026-01-08,3,regular,web,search,8,PLN_STD,Standard,mid,499.0,1,2026-01-30,high,5.75,90.485,active,2026-01-30,0
U002047,2025-08-26,3,regular,mobile,organic,143,PLN_STD,Standard,mid,499.0,1,2026-01-30,high,10.75,170.7075,active,2026-01-30,0
U002048,2025-09-15,2,premium,web,organic,123,PLN_PREM,Premium,high,799.0,1,2026-01-30,high,10.75,395.305,active,2026-01-30,0
U002049,2025-11-09,2,regular,web,email,68,PLN_STD,Standard,mid,499.0,1,2026-01-30,high,10.75,278.515,active,2026-01-30,0
U002050,2025-10-17,1,regular,web,referral,91,PLN_PREM,Premium,high,799.0,1,2026-01-30,high,10.75,197.8175,active,2026-01-30,0
U002051,2025-06-17,3,regular,mobile,organic,213,PLN_BASIC,Basic,low,299.0,1,2026-01-30,high,10.5,153.5925,active,2026-01-30,0
U002052,2025-07-19,2,regular,web,organic,181,PLN_STD,Standard,mid,499.0,1,2026-01-30,high,10.5,240.6525,active,2026-01-30,0
U002053,2025-08-03,2,regular,web,paid_social,166,PLN_PREM,Premium,high,799.0,1,2026-01-30,high,10.5,156.8425,active,2026-01-30,0
U002054,2025-12-28,3,regular,web,organic,19,PLN_STD,Standard,mid,499.0,1,2026-01-30,high,8.25,89.75750000000001,cancelled,2026-01-30,1
U002055,2025-10-31,2,regular,mobile,search,77,PLN_BASIC,Basic,low,299.0,1,2026-01-30,high,10.75,205.1175,active,2026-01-30,0
U002056,2025-08-04,1,regular,web,paid_social,165,PLN_STD,Standard,mid,499.0,1,2026-01-30,high,10.25,224.6925,active,2026-01-30,0
U002057,2025-11-05,1,regular,mobile,organic,72,PLN_STD,Standard,mid,499.0,1,2026-01-30,high,10.75,314.4725,active,2026-01-30,0
U002058,2025-11-06,1,regular,mobile,organic,71,PLN_BASIC,Basic,low,299.0,1,2026-01-30,high,10.75,172.8075,active,2026-01-30,0
U002059,2025-08-11,2,value,web,organic,158,PLN_BASIC,Basic,low,299.0,1,2026-01-30,high,10.5,0.0,expired,2025-12-11,1
U002060,2025-08-14,1,regular,mobile,email,155,PLN_STD,Standard,mid,499.0,1,2026-01-30,high,10.75,193.2175,active,2026-01-30,0
U002061,2025-12-15,3,regular,mobile,search,32,PLN_BASIC,Basic,low,299.0,1,2026-01-30,high,10.75,241.15,active,2026-01-30,0
U002062,2025-09-23,3,value,web,paid_social,115,PLN_BASIC,Basic,low,299.0,1,2026-01-30,high,10.75,0.0,cancelled,2025-10-24,1
U002063,2025-06-11,2,regular,web,organic,219,PLN_STD,Standard,mid,499.0,1,2026-01-30,high,10.75,164.59,active,2026-01-30,0
U002064,2025-11-01,2,regular,web,paid_social,76,PLN_BASIC,Basic,low,299.0,1,2026-01-30,high,10.75,0.0,expired,2025-12-05,1
U002065,2025-09-29,2,regular,web,organic,109,PLN_STD,Standard,mid,499.0,1,2026-01-30,high,10.5,0.0,cancelled,2025-12-05,1
U002066,2025-09-09,1,regular,web,organic,129,PLN_BASIC,Basic,low,299.0,1,2026-01-30,high,10.25,0.0,cancelled,2025-10-14,1
U002067,2025-11-03,2,value,mobile,paid_social,74,PLN_STD,Standard,mid,499.0,1,2026-01-30,high,10.75,78.29,active,2026-01-30,0
U002068,2025-12-18,1,value,mobile,paid_social,29,PLN_BASIC,Basic,low,299.0,1,2026-01-30,high,10.5,120.43,active,2026-01-30,0
U002069,2025-07-26,1,value,web,organic,174,PLN_BASIC,Basic,low,299.0,1,2026-01-30,high,10.75,0.0,expired,2025-11-24,1
U002070,2025-08-18,2,regular,web,search,151,PLN_STD,Standard,mid,499.0,1,2026-01-30,high,10.75,201.2825,active,2026-01-30,0
U002071,2025-06-21,1,regular,web,email,209,PLN_BASIC,Basic,low,299.0,1,2026-01-30,high,10.5,99.5675,active,2026-01-30,0
U002072,2025-10-14,2,regular,web,organic,94,PLN_BASIC,Basic,low,299.0,1,2026-01-30,high,10.75,104.2625,active,2026-01-30,0
U002073,2025-08-14,2,regular,web,organic,155,PLN_BASIC,Basic,low,299.0,1,2026-01-30,high,10.75,62.9025,cancelled,2026-01-17,1
U002074,2025-07-29,3,value,mobile,search,171,PLN_BASIC,Basic,low,299.0,1,2026-01-30,high,10.5,96.41,active,2026-01-30,0
U002075,2025-10-26,2,value,mobile,organic,82,PLN_BASIC,Basic,low,299.0,1,2026-01-30,high,10.75,98.9425,active,2026-01-30,0
U002076,2025-08-15,3,value,web,paid_social,154,PLN_BASIC,Basic,low,299.0,1,2026-01-30,high,10.75,101.3425,active,2026-01-30,0
U002077,2025-08-29,2,regular,mobile,paid_social,140,PLN_BASIC,Basic,low,299.0,1,2026-01-30,high,10.5,191.77,active,2026-01-30,0
U002078,2025-08-23,3,value,mobile,search,146,PLN_BASIC,Basic,low,299.0,1,2026-01-30,high,10.75,0.0,cancelled,2025-10-27,1
U002079,2025-07-08,2,regular,mobile,paid_social,192,PLN_PREM,Premium,high,799.0,1,2026-01-30,high,10.5,145.67000000000002,active,2026-01-30,0
U002080,2025-06-05,1,regular,web,search,225,PLN_STD,Standard,mid,499.0,1,2026-01-30,high,10.75,223.4,active,2026-01-30,0
U002081,2025-11-28,3,regular,web,paid_social,49,PLN_STD,Standard,mid,499.0,1,2026-01-30,high,10.5,182.37,active,2026-01-30,0
U002082,2025-05-28,2,value,mobile,organic,233,PLN_BASIC,Basic,low,299.0,1,2026-01-30,high,10.5,73.1925,active,2026-01-30,0
U002083,2025-07-25,1,value,web,organic,175,PLN_BASIC,Basic,low,299.0,1,2026-01-30,high,10.75,0.0,cancelled,2025-08-31,1
U002084,2025-10-19,1,regular,mobile,paid_social,89,PLN_BASIC,Basic,low,299.0,1,2026-01-30,high,10.75,170.7825,active,2026-01-30,0
U002085,2025-06-06,2,regular,web,organic,224,PLN_BASIC,Basic,low,299.0,1,2026-01-30,high,10.5,198.8525,active,2026-01-30,0
U002086,2025-10-16,2,value,mobile,organic,92,PLN_BASIC,Basic,low,299.0,1,2026-01-30,high,10.75,62.3825,active,2026-01-30,0
U002087,2025-11-04,2,premium,mobile,search,73,PLN_PREM,Premium,high,799.0,1,2026-01-30,high,10.75,339.49,active,2026-01-30,0
U002088,2025-10-18,3,regular,web,paid_social,90,PLN_BASIC,Basic,low,299.0,1,2026-01-30,high,10.75,275.2275,active,2026-01-30,0
U002089,2025-07-20,2,regular,web,organic,180,PLN_STD,Standard,mid,499.0,1,2026-01-30,high,10.25,135.9375,active,2026-01-30,0
U002090,2025-05-09,2,value,mobile,paid_social,252,PLN_BASIC,Basic,low,299.0,1,2026-01-30,high,10.75,83.8525,active,2026-01-30,0
U002091,2025-12-13,2,value,web,paid_social,34,PLN_BASIC,Basic,low,299.0,1,2026-01-30,high,10.75,97.37,active,2026-01-30,0
U002092,2025-07-25,3,value,mobile,paid_social,175,PLN_BASIC,Basic,low,299.0,1,2026-01-30,high,10.75,62.6775,active,2026-01-30,0
U002093,2025-11-23,1,value,mobile,organic,54,PLN_BASIC,Basic,low,299.0,1,2026-01-30,high,10.75,26.169999999999998,expired,2026-01-23,1
U002094,2025-06-23,1,regular,web,referral,207,PLN_BASIC,Basic,low,299.0,1,2026-01-30,high,10.5,239.57750000000001,active,2026-01-30,0
U002095,2025-06-14,2,regular,mobile,organic,216,PLN_STD,Standard,mid,499.0,1,2026-01-30,high,10.75,148.1175,active,2026-01-30,0
U002096,2025-11-16,2,premium,web,email,61,PLN_PREM,Premium,high,799.0,1,2026-01-30,high,10.75,280.7975,active,2026-01-30,0
U002097,2025-12-26,3,premium,mobile,paid_social,21,PLN_PREM,Premium,high,799.0,1,2026-01-30,high,8.75,238.5025,active,2026-01-30,0
U002098,2025-12-07,2,value,web,organic,40,PLN_BASIC,Basic,low,299.0,1,2026-01-30,high,10.75,113.185,active,2026-01-30,0
U002099,2025-11-09,3,value,web,referral,68,PLN_STD,Standard,mid,499.0,1,2026-01-30,high,10.75,55.5375,active,2026-01-30,0
U002100,2025-07-05,2,regular,web,search,195,PLN_PREM,Premium,high,799.0,1,2026-01-30,high,10.75,215.535,active,2026-01-30,0
U002101,2025-12-20,1,premium,mobile,search,27,PLN_PREM,Premium,high,799.0,1,2026-01-30,high,10.5,305.465,active,2026-01-30,0
U002102,2025-10-19,1,premium,mobile,search,89,PLN_PREM,Premium,high,799.0,1,2026-01-30,high,10.75,366.9425,active,2026-01-30,0
U002103,2025-06-17,1,value,mobile,paid_social,213,PLN_BASIC,Basic,low,299.0,1,2026-01-30,high,10.25,91.1125,active,2026-01-30,0
U002104,2025-06-06,2,value,web,paid_social,224,PLN_BASIC,Basic,low,299.0,1,2026-01-30,high,10.75,97.6725,active,2026-01-30,0
U002105,2025-12-09,2,value,web,referral,38,PLN_STD,Standard,mid,499.0,1,2026-01-30,high,10.5,87.1825,active,2026-01-30,0
U002106,2025-07-13,2,regular,mobile,organic,187,PLN_BASIC,Basic,low,299.0,1,2026-01-30,high,10.25,226.335,active,2026-01-30,0
U002107,2025-11-13,2,regular,mobile,paid_social,64,PLN_STD,Standard,mid,499.0,1,2026-01-30,high,10.75,82.645,expired,2026-01-14,1
U002108,2025-06-08,2,regular,web,paid_social,222,PLN_STD,Standard,mid,499.0,1,2026-01-30,high,10.75,0.0,cancelled,2025-09-07,1
U002109,2025-07-14,2,regular,mobile,paid_social,186,PLN_STD,Standard,mid,499.0,1,2026-01-30,high,10.75,0.0,cancelled,2025-10-18,1
U002110,2025-07-15,2,value,web,search,185,PLN_STD,Standard,mid,499.0,1,2026-01-30,high,10.75,0.0,cancelled,2025-09-20,1
U002111,2025-07-14,2,regular,web,search,186,PLN_STD,Standard,mid,499.0,1,2026-01-30,high,10.5,245.41,active,2026-01-30,0
U002112,2025-10-21,2,value,mobile,paid_social,87,PLN_BASIC,Basic,low,299.0,1,2026-01-30,high,10.25,73.81,active,2026-01-30,0
U002113,2025-12-20,2,regular,web,organic,27,PLN_BASIC,Basic,low,299.0,1,2026-01-30,high,10.5,80.21000000000001,cancelled,2026-01-19,1
U002114,2025-12-19,2,regular,web,organic,28,PLN_STD,Standard,mid,499.0,1,2026-01-30,high,10.5,178.975,active,2026-01-30,0
U002115,2025-11-07,2,regular,mobile,search,70,PLN_STD,Standard,mid,499.0,1,2026-01-30,high,10.5,138.6275,active,2026-01-30,0
U002116,2025-06-24,2,value,mobile,organic,206,PLN_BASIC,Basic,low,299.0,1,2026-01-30,high,10.75,1.4225,cancelled,2025-12-27,1
U002117,2026-01-01,2,regular,web,organic,15,PLN_BASIC,Basic,low,299.0,1,2026-01-30,high,7.5,116.005,active,2026-01-30,0
U002118,2025-09-18,2,regular,mobile,organic,120,PLN_STD,Standard,mid,499.0,1,2026-01-30,high,10.5,0.0,expired,2025-11-17,1
U002119,2025-09-19,1,value,web,paid_social,119,PLN_STD,Standard,mid,499.0,1,2026-01-30,high,10.5,76.0025,active,2026-01-30,0
U002120,2025-10-28,2,value,web,email,80,PLN_BASIC,Basic,low,299.0,1,2026-01-30,high,10.75,78.63250000000001,active,2026-01-30,0
U002121,2025-11-14,3,regular,web,search,63,PLN_STD,Standard,mid,499.0,1,2026-01-30,high,10.75,234.0025,active,2026-01-30,0
U002122,2025-12-30,1,value,web,organic,17,PLN_STD,Standard,mid,499.0,1,2026-01-30,high,8.0,59.4175,active,2026-01-30,0
U002123,2025-09-28,3,value,web,referral,110,PLN_BASIC,Basic,low,299.0,1,2026-01-30,high,10.75,19.0775,cancelled,2026-01-02,1
U002124,2025-10-05,1,value,web,organic,103,PLN_BASIC,Basic,low,299.0,1,2026-01-30,high,10.75,0.0,cancelled,2025-11-08,1
U002125,2025-11-08,2,value,mobile,email,69,PLN_BASIC,Basic,low,299.0,1,2026-01-30,high,10.75,26.14,expired,2026-01-07,1
U002126,2025-07-08,2,regular,mobile,search,192,PLN_STD,Standard,mid,499.0,1,2026-01-30,high,10.5,192.075,active,2026-01-30,0
U002127,2025-07-21,1,regular,mobile,organic,179,PLN_BASIC,Basic,low,299.0,1,2026-01-30,high,10.25,172.7425,active,2026-01-30,0
U002128,2025-10-08,3,value,mobile,search,100,PLN_BASIC,Basic,low,299.0,1,2026-01-30,high,10.75,80.375,active,2026-01-30,0
U002129,2025-05-21,2,regular,web,organic,240,PLN_BASIC,Basic,low,299.0,1,2026-01-30,high,10.75,242.875,active,2026-01-30,0
U002130,2025-07-24,3,value,web,paid_social,176,PLN_BASIC,Basic,low,299.0,1,2026-01-30,high,10.75,0.0,expired,2025-08-24,1
U002131,2025-11-01,2,value,web,organic,76,PLN_BASIC,Basic,low,299.0,1,2026-01-30,high,10.5,91.4875,active,2026-01-30,0
U002132,2026-01-05,3,value,mobile,referral,11,PLN_BASIC,Basic,low,299.0,1,2026-01-30,high,6.5,65.2,active,2026-01-30,0
U002133,2025-09-12,3,regular,web,paid_social,126,PLN_PREM,Premium,high,799.0,1,2026-01-30,high,10.5,222.79,active,2026-01-30,0
U002134,2025-08-13,2,premium,web,referral,156,PLN_PREM,Premium,high,799.0,1,2026-01-30,high,10.75,275.4175,active,2026-01-30,0
U002135,2025-08-23,1,regular,web,referral,146,PLN_PREM,Premium,high,799.0,1,2026-01-30,high,10.75,242.165,active,2026-01-30,0
U002136,2025-10-24,2,value,web,organic,84,PLN_BASIC,Basic,low,299.0,1,2026-01-30,high,10.75,3.855,expired,2025-12-30,1
U002137,2025-09-18,2,value,mobile,search,120,PLN_BASIC,Basic,low,299.0,1,2026-01-30,high,10.25,99.36,active,2026-01-30,0
U002138,2025-05-10,3,value,mobile,referral,251,PLN_BASIC,Basic,low,299.0,1,2026-01-30,high,10.75,52.955,cancelled,2026-01-05,1
U002139,2025-09-17,2,regular,web,search,121,PLN_BASIC,Basic,low,299.0,1,2026-01-30,high,10.5,185.92249999999999,active,2026-01-30,0
U002140,2025-08-13,2,value,mobile,organic,156,PLN_STD,Standard,mid,499.0,1,2026-01-29,high,10.0,78.075,active,2026-01-30,0
U002141,2025-10-27,1,premium,mobile,organic,81,PLN_STD,Standard,mid,499.0,1,2026-01-30,high,10.75,298.615,active,2026-01-30,0
U002142,2025-12-10,2,regular,web,organic,37,PLN_BASIC,Basic,low,299.0,1,2026-01-30,high,10.5,228.195,active,2026-01-30,0
U002143,2026-01-01,3,regular,web,referral,15,PLN_STD,Standard,mid,499.0,1,2026-01-30,high,7.5,89.9675,cancelled,2026-01-30,1
U002144,2025-10-05,1,regular,mobile,search,103,PLN_BASIC,Basic,low,299.0,1,2026-01-30,high,10.5,56.46,cancelled,2026-01-05,1
U002145,2025-08-04,2,value,web,paid_social,165,PLN_BASIC,Basic,low,299.0,1,2026-01-30,high,10.5,90.4125,active,2026-01-30,0
U002146,2025-08-24,3,regular,web,email,145,PLN_STD,Standard,mid,499.0,1,2026-01-30,high,10.75,256.72,active,2026-01-30,0
U002147,2025-06-18,1,value,web,organic,212,PLN_BASIC,Basic,low,299.0,1,2026-01-30,high,10.75,97.03999999999999,active,2026-01-30,0
U002148,2025-12-25,1,regular,mobile,paid_social,22,PLN_BASIC,Basic,low,299.0,1,2026-01-30,high,9.0,254.9175,active,2026-01-30,0
U002149,2025-12-03,2,regular,mobile,organic,44,PLN_BASIC,Basic,low,299.0,1,2026-01-30,high,10.75,205.37,active,2026-01-30,0
U002150,2025-12-05,2,value,mobile,organic,42,PLN_BASIC,Basic,low,299.0,1,2026-01-30,high,10.75,121.155,active,2026-01-30,0
U002151,2025-07-26,1,regular,web,organic,174,PLN_PREM,Premium,high,799.0,1,2026-01-30,high,10.75,205.4425,active,2026-01-30,0
U002152,2025-07-24,3,value,web,organic,176,PLN_STD,Standard,mid,499.0,1,2026-01-30,high,10.75,71.7175,active,2026-01-30,0
U002153,2025-12-06,2,value,mobile,search,41,PLN_BASIC,Basic,low,299.0,1,2026-01-30,high,10.75,17.3125,expired,2026-01-08,1
U002154,2025-09-18,3,regular,mobile,search,120,PLN_BASIC,Basic,low,299.0,1,2026-01-30,high,10.75,0.0,expired,2025-11-19,1
U002155,2025-10-28,3,regular,mobile,organic,80,PLN_STD,Standard,mid,499.0,1,2026-01-30,high,10.5,175.265,active,2026-01-30,0
U002156,2025-09-04,3,premium,mobile,organic,134,PLN_PREM,Premium,high,799.0,1,2026-01-30,high,10.5,337.95,active,2026-01-30,0
U002157,2025-08-24,2,regular,web,paid_social,145,PLN_STD,Standard,mid,499.0,1,2026-01-30,high,10.5,234.21,active,2026-01-30,0
U002158,2025-10-10,2,regular,mobile,organic,98,PLN_STD,Standard,mid,499.0,1,2026-01-30,high,10.5,38.4775,cancelled,2026-01-15,1
U002159,2025-11-25,2,value,mobile,referral,52,PLN_BASIC,Basic,low,299.0,1,2026-01-30,high,10.75,83.5775,active,2026-01-30,0
U002160,2025-07-27,1,value,mobile,email,173,PLN_BASIC,Basic,low,299.0,1,2026-01-30,high,10.75,90.95,active,2026-01-30,0
U002161,2025-11-24,2,premium,mobile,paid_social,53,PLN_PREM,Premium,high,799.0,1,2026-01-30,high,10.75,329.6475,active,2026-01-30,0
U002162,2025-07-05,1,value,web,paid_social,195,PLN_STD,Standard,mid,499.0,1,2026-01-30,high,10.75,121.4325,active,2026-01-30,0
U002163,2025-08-14,2,regular,mobile,paid_social,155,PLN_STD,Standard,mid,499.0,1,2026-01-30,high,10.75,192.24,active,2026-01-30,0
U002164,2025-12-20,1,value,web,paid_social,27,PLN_BASIC,Basic,low,299.0,1,2026-01-30,high,10.5,95.0975,active,2026-01-30,0
U002165,2025-12-30,2,value,web,email,17,PLN_BASIC,Basic,low,299.0,1,2026-01-30,high,8.0,88.805,expired,2026-01-30,1
U002166,2025-12-22,1,regular,mobile,email,25,PLN_BASIC,Basic,low,299.0,1,2026-01-30,high,9.5,218.755,active,2026-01-30,0
U002167,2025-07-23,2,regular,mobile,search,177,PLN_BASIC,Basic,low,299.0,1,2026-01-30,high,10.5,241.94,active,2026-01-30,0
U002168,2025-12-02,3,regular,unknown,paid_social,45,PLN_PREM,Premium,high,799.0,1,2026-01-30,high,10.75,212.785,active,2026-01-30,0
U002169,2025-12-25,1,premium,web,referral,22,PLN_STD,Standard,mid,499.0,1,2026-01-30,high,9.0,253.16,active,2026-01-30,0
U002170,2026-01-05,3,value,web,organic,11,PLN_BASIC,Basic,low,299.0,1,2026-01-30,high,6.25,44.215,active,2026-01-30,0
U002171,2025-05-10,3,regular,web,search,251,PLN_BASIC,Basic,low,299.0,1,2026-01-30,high,10.75,177.8775,active,2026-01-30,0
U002172,2025-11-07,2,value,mobile,paid_social,70,PLN_BASIC,Basic,low,299.0,1,2026-01-30,high,10.5,8.74,expired,2026-01-07,1
U002173,2026-01-10,2,regular,mobile,paid_social,6,PLN_BASIC,Basic,low,299.0,1,2026-01-30,high,5.25,87.17,active,2026-01-30,0
U002174,2025-11-12,2,value,mobile,search,65,PLN_BASIC,Basic,low,299.0,1,2026-01-30,high,10.75,96.02,active,2026-01-30,0
U002175,2025-07-02,1,regular,web,organic,198,PLN_STD,Standard,mid,499.0,1,2026-01-30,high,10.75,203.585,active,2026-01-30,0
U002176,2025-11-12,2,value,mobile,organic,65,PLN_BASIC,Basic,low,299.0,1,2026-01-30,high,10.5,111.3,active,2026-01-30,0
U002177,2025-05-31,1,regular,mobile,search,230,PLN_PREM,Premium,high,799.0,1,2026-01-30,high,10.75,165.0475,active,2026-01-30,0
U002178,2025-09-02,3,regular,web,email,136,PLN_STD,Standard,mid,499.0,1,2026-01-30,high,10.5,295.965,active,2026-01-30,0
U002179,2025-10-09,3,premium,mobile,referral,99,PLN_PREM,Premium,high,799.0,1,2026-01-30,high,10.75,0.0,cancelled,2025-11-15,1
U002180,2025-08-27,3,value,mobile,search,142,PLN_STD,Standard,mid,499.0,1,2026-01-30,high,10.75,82.48,active,2026-01-30,0
U002181,2025-10-27,2,premium,web,organic,81,PLN_STD,Standard,mid,499.0,1,2026-01-30,high,10.75,367.005,active,2026-01-30,0
U002182,2025-07-04,2,value,web,referral,196,PLN_BASIC,Basic,low,299.0,1,2026-01-30,high,10.75,0.0,expired,2025-12-03,1
U002183,2025-10-04,3,value,mobile,paid_social,104,PLN_BASIC,Basic,low,299.0,1,2026-01-30,high,10.75,43.985,active,2026-01-30,0
U002184,2025-10-13,1,value,mobile,search,95,PLN_BASIC,Basic,low,299.0,1,2026-01-30,high,10.75,44.045,cancelled,2026-01-17,1
U002185,2025-10-11,1,value,mobile,search,97,PLN_BASIC,Basic,low,299.0,1,2026-01-30,high,10.75,0.0,expired,2025-12-12,1
U002186,2025-07-16,2,regular,mobile,organic,184,PLN_BASIC,Basic,low,299.0,1,2026-01-30,high,10.75,266.9925,active,2026-01-30,0
U002187,2025-07-20,2,value,web,referral,180,PLN_BASIC,Basic,low,299.0,1,2026-01-30,high,10.5,79.675,active,2026-01-30,0
U002188,2025-07-08,2,regular,mobile,paid_social,192,PLN_BASIC,Basic,low,299.0,1,2026-01-30,high,10.5,244.2,active,2026-01-30,0
U002189,2025-08-28,1,regular,mobile,search,141,PLN_BASIC,Basic,low,299.0,1,2026-01-30,high,10.5,17.555,cancelled,2026-01-01,1
U002190,2025-09-29,2,regular,web,email,109,PLN_STD,Standard,mid,499.0,1,2026-01-30,high,10.75,213.58249999999998,active,2026-01-30,0
U002191,2025-08-03,2,regular,mobile,paid_social,166,PLN_PREM,Premium,high,799.0,1,2026-01-30,high,10.75,0.0,expired,2025-10-04,1
U002192,2025-08-15,1,regular,web,email,154,PLN_STD,Standard,mid,499.0,1,2026-01-30,high,10.5,167.04,active,2026-01-30,0
U002193,2025-07-15,1,value,web,search,185,PLN_BASIC,Basic,low,299.0,1,2026-01-30,high,10.75,0.0,cancelled,2025-10-19,1
U002194,2025-06-28,2,regular,web,search,202,PLN_STD,Standard,mid,499.0,1,2026-01-30,high,10.75,226.5125,active,2026-01-30,0
U002195,2025-10-17,3,value,mobile,email,91,PLN_STD,Standard,mid,499.0,1,2026-01-30,high,10.5,69.7825,active,2026-01-30,0
U002196,2025-11-25,2,value,unknown,email,52,PLN_BASIC,Basic,low,299.0,1,2026-01-30,high,10.5,71.2975,active,2026-01-30,0
U002197,2025-07-16,2,value,web,email,184,PLN_BASIC,Basic,low,299.0,1,2026-01-30,high,10.5,91.35249999999999,active,2026-01-30,0
U002198,2025-12-07,3,regular,mobile,referral,40,PLN_BASIC,Basic,low,299.0,1,2026-01-30,high,10.75,236.285,active,2026-01-30,0
U002199,2025-09-25,2,value,web,search,113,PLN_BASIC,Basic,low,299.0,1,2026-01-30,high,10.75,19.895,expired,2025-12-27,1
U002200,2025-06-16,3,regular,mobile,organic,214,PLN_STD,Standard,mid,499.0,1,2026-01-30,high,10.5,110.95,active,2026-01-30,0
U002201,2025-08-04,2,value,mobile,search,165,PLN_BASIC,Basic,low,299.0,1,2026-01-30,high,10.5,114.705,active,2026-01-30,0
U002202,2025-05-06,2,regular,web,email,255,PLN_STD,Standard,mid,499.0,1,2026-01-30,high,10.5,251.2675,active,2026-01-30,0
U002203,2025-05-14,1,regular,web,search,247,PLN_BASIC,Basic,low,299.0,1,2026-01-30,high,10.75,0.0,cancelled,2025-10-13,1
U002204,2025-07-28,1,value,mobile,paid_social,172,PLN_BASIC,Basic,low,299.0,1,2026-01-30,high,10.75,70.98,active,2026-01-30,0
U002205,2025-08-27,3,regular,web,email,142,PLN_STD,Standard,mid,499.0,1,2026-01-30,high,10.75,43.6025,cancelled,2025-12-29,1
U002206,2025-11-21,3,regular,web,email,56,PLN_STD,Standard,mid,499.0,1,2026-01-30,high,10.5,143.19,active,2026-01-30,0
U002207,2025-06-07,3,regular,mobile,email,223,PLN_STD,Standard,mid,499.0,1,2026-01-30,high,10.75,52.925,cancelled,2026-01-04,1
U002208,2025-12-01,3,value,mobile,search,46,PLN_BASIC,Basic,low,299.0,1,2026-01-30,high,10.5,90.265,active,2026-01-30,0
U002209,2025-07-02,1,regular,mobile,search,198,PLN_BASIC,Basic,low,299.0,1,2026-01-30,high,10.75,159.0525,active,2026-01-30,0
U002210,2025-06-08,3,value,mobile,email,222,PLN_BASIC,Basic,low,299.0,1,2026-01-30,high,10.75,63.295,active,2026-01-30,0
U002211,2025-10-27,2,value,mobile,organic,81,PLN_BASIC,Basic,low,299.0,1,2026-01-30,high,10.75,107.11,active,2026-01-30,0
U002212,2025-11-15,3,value,mobile,organic,62,PLN_STD,Standard,mid,499.0,1,2026-01-30,high,10.75,101.66499999999999,active,2026-01-30,0
U002213,2025-10-03,1,regular,mobile,email,105,PLN_BASIC,Basic,low,299.0,1,2026-01-30,high,10.5,181.48250000000002,active,2026-01-30,0
U002214,2025-06-03,2,value,mobile,paid_social,227,PLN_BASIC,Basic,low,299.0,1,2026-01-30,high,10.25,0.0,cancelled,2025-07-07,1
U002215,2025-06-02,3,regular,mobile,search,228,PLN_STD,Standard,mid,499.0,1,2026-01-30,high,10.75,122.69,active,2026-01-30,0
U002216,2025-08-10,3,value,web,organic,159,PLN_BASIC,Basic,low,299.0,1,2026-01-30,high,10.75,131.7225,active,2026-01-30,0
U002217,2025-08-26,2,regular,web,search,143,PLN_BASIC,Basic,low,299.0,1,2026-01-30,high,10.25,0.0,expired,2025-09-30,1
U002218,2026-01-10,2,value,web,email,6,PLN_BASIC,Basic,low,299.0,1,2026-01-30,high,5.25,33.3125,active,2026-01-30,0
U002219,2025-07-15,2,regular,web,paid_social,185,PLN_BASIC,Basic,low,299.0,1,2026-01-30,high,10.75,277.82008248209905,active,2026-01-30,0
U002220,2025-06-22,3,regular,web,search,208,PLN_BASIC,Basic,low,299.0,1,2026-01-30,high,10.75,194.72,active,2026-01-30,0
U002221,2025-12-28,2,regular,web,search,19,PLN_STD,Standard,mid,499.0,1,2026-01-30,high,8.5,246.6975,active,2026-01-30,0
U002222,2025-06-12,2,value,mobile,referral,218,PLN_STD,Standard,mid,499.0,1,2026-01-30,high,10.75,0.0,cancelled,2025-09-10,1
U002223,2025-05-11,2,regular,web,email,250,PLN_BASIC,Basic,low,299.0,1,2026-01-30,high,10.75,0.0,expired,2025-09-15,1
U002224,2025-08-19,2,premium,web,search,150,PLN_STD,Standard,mid,499.0,1,2026-01-30,high,10.5,330.6125,active,2026-01-30,0
U002225,2025-08-13,2,premium,web,paid_social,156,PLN_PREM,Premium,high,799.0,1,2026-01-30,high,10.5,242.6075,active,2026-01-30,0
U002226,2025-10-07,2,value,web,organic,101,PLN_STD,Standard,mid,499.0,1,2026-01-30,high,10.75,0.0,cancelled,2025-12-09,1
U002227,2025-12-11,3,regular,mobile,search,36,PLN_STD,Standard,mid,499.0,1,2026-01-30,high,10.75,127.2625,active,2026-01-30,0
U002228,2025-12-25,3,value,web,organic,22,PLN_STD,Standard,mid,499.0,1,2026-01-30,high,9.25,63.3825,active,2026-01-30,0
U002229,2025-07-16,3,value,web,search,184,PLN_BASIC,Basic,low,299.0,1,2026-01-30,high,10.25,71.775,active,2026-01-30,0
U002230,2026-01-06,2,regular,mobile,search,10,PLN_STD,Standard,mid,499.0,1,2026-01-30,high,6.25,118.0775,active,2026-01-30,0
U002231,2025-10-10,2,regular,web,organic,98,PLN_STD,Standard,mid,499.0,1,2026-01-30,high,10.75,217.7175,active,2026-01-30,0
U002232,2025-05-22,2,regular,web,organic,239,PLN_BASIC,Basic,low,299.0,1,2026-01-30,high,10.75,0.0,expired,2025-06-24,1
U002233,2025-12-26,3,regular,mobile,organic,21,PLN_STD,Standard,mid,499.0,1,2026-01-30,high,9.0,187.0475,active,2026-01-30,0
U002234,2025-06-08,2,value,mobile,organic,222,PLN_BASIC,Basic,low,299.0,1,2026-01-30,high,10.75,103.1825,active,2026-01-30,0
U002235,2025-09-29,2,regular,mobile,paid_social,109,PLN_STD,Standard,mid,499.0,1,2026-01-30,high,10.5,153.4075,active,2026-01-30,0
U002236,2025-11-19,2,value,mobile,organic,58,PLN_BASIC,Basic,low,299.0,1,2026-01-30,high,10.75,0.0,expired,2025-12-21,1
U002237,2025-07-06,2,value,mobile,organic,194,PLN_BASIC,Basic,low,299.0,1,2026-01-30,high,10.75,0.0,cancelled,2025-10-10,1
U002238,2025-07-11,2,value,web,email,189,PLN_STD,Standard,mid,499.0,1,2026-01-30,high,10.75,72.9375,active,2026-01-30,0
U002239,2025-09-01,1,premium,mobile,organic,137,PLN_STD,Standard,mid,499.0,1,2026-01-30,high,10.75,284.9325,active,2026-01-30,0
U002240,2025-12-13,2,regular,mobile,referral,34,PLN_STD,Standard,mid,499.0,1,2026-01-30,high,10.75,179.17249999999999,active,2026-01-30,0
U002241,2025-06-30,2,value,web,paid_social,200,PLN_BASIC,Basic,low,299.0,1,2026-01-30,high,10.75,0.0,expired,2025-10-28,1
U002242,2025-10-18,1,regular,mobile,paid_social,90,PLN_PREM,Premium,high,799.0,1,2026-01-30,high,10.5,100.7125,cancelled,2026-01-22,1
U002243,2025-08-26,3,premium,web,search,143,PLN_STD,Standard,mid,499.0,1,2026-01-30,high,10.5,358.775,active,2026-01-30,0
U002244,2025-06-02,2,premium,mobile,organic,228,PLN_PREM,Premium,high,799.0,1,2026-01-30,high,10.75,308.7975,active,2026-01-30,0
U002245,2025-10-30,1,regular,mobile,referral,78,PLN_STD,Standard,mid,499.0,1,2026-01-30,high,10.75,211.475,active,2026-01-30,0
U002246,2025-11-29,3,value,web,referral,48,PLN_BASIC,Basic,low,299.0,1,2026-01-30,high,10.5,76.62,active,2026-01-30,0
U002247,2025-09-26,2,regular,web,search,112,PLN_STD,Standard,mid,499.0,1,2026-01-30,high,10.75,235.7875,active,2026-01-30,0
U002248,2025-06-18,3,regular,mobile,paid_social,212,PLN_STD,Standard,mid,499.0,1,2026-01-30,high,10.75,0.0,expired,2025-09-18,1
U002249,2025-06-13,2,premium,mobile,search,217,PLN_PREM,Premium,high,799.0,1,2026-01-30,high,10.75,257.0375,active,2026-01-30,0
U002250,2025-08-19,3,regular,web,email,150,PLN_PREM,Premium,high,799.0,1,2026-01-30,high,10.75,199.6525,active,2026-01-30,0
U002251,2025-09-09,2,regular,web,referral,129,PLN_STD,Standard,mid,499.0,1,2026-01-30,high,10.75,181.3975,active,2026-01-30,0
U002252,2025-09-20,2,value,mobile,organic,118,PLN_BASIC,Basic,low,299.0,1,2026-01-30,high,10.75,64.1725,active,2026-01-30,0
U002253,2025-07-05,1,regular,web,referral,195,PLN_STD,Standard,mid,499.0,1,2026-01-30,high,10.75,199.56,active,2026-01-30,0
U002254,2025-09-07,2,value,mobile,email,131,PLN_BASIC,Basic,low,299.0,1,2026-01-30,high,10.5,0.0,cancelled,2025-11-13,1
U002255,2025-07-18,2,value,mobile,paid_social,182,PLN_BASIC,Basic,low,299.0,1,2026-01-30,high,10.5,58.245000000000005,cancelled,2026-01-19,1
U002256,2025-10-24,2,regular,web,organic,84,PLN_BASIC,Basic,low,299.0,1,2026-01-30,high,10.75,0.0,cancelled,2025-11-28,1
U002257,2025-11-20,2,regular,mobile,referral,57,PLN_STD,Standard,mid,499.0,1,2026-01-30,high,10.5,201.015,active,2026-01-30,0
U002258,2025-10-15,3,premium,web,paid_social,93,PLN_STD,Standard,mid,499.0,1,2026-01-30,high,10.5,360.025,active,2026-01-30,0
U002259,2025-05-05,2,regular,mobile,organic,256,PLN_PREM,Premium,high,799.0,1,2026-01-30,high,10.75,163.5625,active,2026-01-30,0
U002260,2026-01-09,2,premium,mobile,referral,7,PLN_PREM,Premium,high,799.0,1,2026-01-30,high,5.5,157.79749999999999,active,2026-01-30,0
U002261,2025-05-10,3,regular,web,search,251,PLN_STD,Standard,mid,499.0,1,2026-01-30,high,10.75,0.0,expired,2025-06-11,1
U002262,2026-01-10,2,regular,web,referral,6,PLN_PREM,Premium,high,799.0,1,2026-01-30,high,5.25,53.62,cancelled,2026-01-30,1
U002263,2025-05-12,3,value,web,paid_social,249,PLN_BASIC,Basic,low,299.0,1,2026-01-30,high,10.5,86.885,active,2026-01-30,0
U002264,2025-09-11,3,regular,mobile,organic,127,PLN_STD,Standard,mid,499.0,1,2026-01-30,high,10.75,192.235,active,2026-01-30,0
U002265,2025-05-31,3,value,web,email,230,PLN_STD,Standard,mid,499.0,1,2026-01-30,high,10.5,3.5725,cancelled,2025-12-31,1
U002266,2025-05-28,3,value,mobile,search,233,PLN_STD,Standard,mid,499.0,1,2026-01-30,high,10.5,78.61999999999999,active,2026-01-30,0
U002267,2025-10-23,2,value,mobile,search,85,PLN_BASIC,Basic,low,299.0,1,2026-01-30,high,10.75,57.879999999999995,active,2026-01-30,0
U002268,2025-11-03,1,regular,web,search,74,PLN_BASIC,Basic,low,299.0,1,2026-01-30,high,10.75,211.0075,active,2026-01-30,0
U002269,2025-06-03,2,regular,mobile,organic,227,PLN_BASIC,Basic,low,299.0,1,2026-01-30,high,10.75,126.1025,active,2026-01-30,0
U002270,2026-01-05,3,premium,web,paid_social,11,PLN_STD,Standard,mid,499.0,1,2026-01-30,high,6.5,274.2,active,2026-01-30,0
U002271,2025-07-24,2,premium,mobile,search,176,PLN_PREM,Premium,high,799.0,1,2026-01-30,high,10.75,332.39,active,2026-01-30,0
U002272,2025-07-23,3,premium,web,email,177,PLN_STD,Standard,mid,499.0,1,2026-01-30,high,10.75,299.15,active,2026-01-30,0
U002273,2025-07-18,1,value,mobile,email,182,PLN_BASIC,Basic,low,299.0,1,2026-01-30,high,10.75,84.3225,active,2026-01-30,0
U002274,2025-08-28,2,premium,web,paid_social,141,PLN_STD,Standard,mid,499.0,1,2026-01-30,high,10.5,192.34,cancelled,2026-01-27,1
U002275,2025-06-18,2,regular,web,organic,212,PLN_STD,Standard,mid,499.0,1,2026-01-30,high,10.25,133.1675,active,2026-01-30,0
U002276,2025-08-19,2,premium,mobile,paid_social,150,PLN_PREM,Premium,high,799.0,1,2026-01-30,high,10.75,0.0,cancelled,2025-11-24,1
U002277,2025-06-26,1,value,mobile,organic,204,PLN_BASIC,Basic,low,299.0,1,2026-01-30,high,10.5,68.97749999999999,active,2026-01-30,0
U002278,2025-05-17,1,value,mobile,referral,244,PLN_STD,Standard,mid,499.0,1,2026-01-30,high,10.75,97.155,active,2026-01-30,0
U002279,2025-08-05,3,premium,mobile,search,164,PLN_STD,Standard,mid,499.0,1,2026-01-30,high,10.75,261.0625,active,2026-01-30,0
U002280,2025-10-20,2,value,web,email,88,PLN_BASIC,Basic,low,299.0,1,2026-01-30,high,10.75,100.6925,active,2026-01-30,0
U002281,2025-11-12,1,value,mobile,search,65,PLN_BASIC,Basic,low,299.0,1,2026-01-30,high,10.75,101.8975,active,2026-01-30,0
U002282,2025-08-01,1,regular,web,organic,168,PLN_BASIC,Basic,low,299.0,1,2026-01-30,high,10.5,180.54928515347794,active,2026-01-30,0
U002283,2025-07-25,2,value,web,email,175,PLN_STD,Standard,mid,499.0,1,2026-01-30,high,10.5,83.15,active,2026-01-30,0
U002284,2025-11-18,1,value,mobile,search,59,PLN_BASIC,Basic,low,299.0,1,2026-01-30,high,10.75,97.685,active,2026-01-30,0
U002285,2025-10-22,2,premium,mobile,referral,86,PLN_PREM,Premium,high,799.0,1,2026-01-30,high,10.75,322.91,active,2026-01-30,0
U002286,2025-11-29,3,premium,web,email,48,PLN_PREM,Premium,high,799.0,1,2026-01-30,high,10.75,380.8225,active,2026-01-30,0
U002287,2025-12-18,1,premium,web,search,29,PLN_PREM,Premium,high,799.0,1,2026-01-30,high,10.75,382.355,active,2026-01-30,0
U002288,2025-11-27,2,value,mobile,search,50,PLN_STD,Standard,mid,499.0,1,2026-01-30,high,10.75,3.6375,cancelled,2026-01-03,1
U002289,2025-12-26,1,value,web,search,21,PLN_BASIC,Basic,low,299.0,1,2026-01-30,high,9.0,36.705,active,2026-01-30,0
U002290,2025-08-17,2,regular,web,referral,152,PLN_STD,Standard,mid,499.0,1,2026-01-30,high,10.75,221.685,active,2026-01-30,0
U002291,2025-08-12,3,regular,web,email,157,PLN_STD,Standard,mid,499.0,1,2026-01-30,high,10.75,179.51,active,2026-01-30,0
U002292,2025-07-24,2,value,web,organic,176,PLN_BASIC,Basic,low,299.0,1,2026-01-30,high,10.75,112.615,active,2026-01-30,0
U002293,2025-07-03,3,regular,web,paid_social,197,PLN_STD,Standard,mid,499.0,1,2026-01-30,high,10.5,193.875,active,2026-01-30,0
U002294,2025-11-08,1,premium,mobile,organic,69,PLN_PREM,Premium,high,799.0,1,2026-01-30,high,10.5,348.4275,active,2026-01-30,0
U002295,2025-10-31,2,regular,web,paid_social,77,PLN_STD,Standard,mid,499.0,1,2026-01-30,high,10.75,64.93,cancelled,2026-01-04,1
U002296,2025-11-22,2,regular,web,referral,55,PLN_STD,Standard,mid,499.0,1,2026-01-30,high,10.75,158.51,active,2026-01-30,0
U002297,2025-06-16,2,regular,mobile,referral,214,PLN_STD,Standard,mid,499.0,1,2026-01-30,high,10.75,297.6,active,2026-01-30,0
U002298,2025-09-05,3,value,mobile,search,133,PLN_BASIC,Basic,low,299.0,1,2026-01-30,high,10.75,0.0,cancelled,2025-11-11,1
U002299,2025-06-29,1,value,mobile,search,201,PLN_BASIC,Basic,low,299.0,1,2026-01-30,high,10.5,126.61,active,2026-01-30,0
U002300,2025-12-15,3,regular,mobile,organic,32,PLN_STD,Standard,mid,499.0,1,2026-01-30,high,10.75,181.08,active,2026-01-30,0
U002301,2025-07-11,3,regular,mobile,organic,189,PLN_STD,Standard,mid,499.0,1,2026-01-30,high,10.25,0.0,cancelled,2025-12-13,1
U002302,2025-06-10,2,regular,mobile,search,220,PLN_BASIC,Basic,low,299.0,1,2026-01-30,high,10.75,167.64,active,2026-01-30,0
U002303,2025-09-25,2,regular,mobile,referral,113,PLN_STD,Standard,mid,499.0,1,2026-01-30,high,10.5,197.5925,active,2026-01-30,0
U002304,2025-12-11,2,value,mobile,search,36,PLN_BASIC,Basic,low,299.0,1,2026-01-30,high,10.5,89.78209864298054,active,2026-01-30,0
U002305,2025-12-20,2,value,mobile,organic,27,PLN_STD,Standard,mid,499.0,1,2026-01-30,high,10.25,57.675,cancelled,2026-01-20,1
U002306,2025-05-29,3,value,web,paid_social,232,PLN_BASIC,Basic,low,299.0,1,2026-01-30,high,10.75,0.0,cancelled,2025-09-03,1
U002307,2025-07-25,2,value,mobile,organic,175,PLN_STD,Standard,mid,499.0,1,2026-01-30,high,10.75,180.28514687648703,active,2026-01-30,0
U002308,2025-06-12,3,regular,mobile,organic,218,PLN_BASIC,Basic,low,299.0,1,2026-01-30,high,10.75,199.415,active,2026-01-30,0
U002309,2025-07-21,2,regular,web,email,179,PLN_STD,Standard,mid,499.0,1,2026-01-30,high,10.75,224.345,active,2026-01-30,0
U002310,2025-09-15,2,premium,mobile,organic,123,PLN_PREM,Premium,high,799.0,1,2026-01-30,high,10.75,23.2975,cancelled,2025-12-20,1
U002311,2025-07-14,2,regular,web,search,186,PLN_STD,Standard,mid,499.0,1,2026-01-30,high,10.75,267.705,active,2026-01-30,0
U002312,2025-05-21,2,regular,web,search,240,PLN_STD,Standard,mid,499.0,1,2026-01-30,high,10.75,191.5075,active,2026-01-30,0
U002313,2025-09-10,3,value,mobile,organic,128,PLN_BASIC,Basic,low,299.0,1,2026-01-30,high,10.75,78.84,active,2026-01-30,0
U002314,2025-05-18,1,regular,web,organic,243,PLN_PREM,Premium,high,799.0,1,2026-01-30,high,10.5,145.28,active,2026-01-30,0
U002315,2025-06-30,3,value,web,organic,200,PLN_BASIC,Basic,low,299.0,1,2026-01-30,high,10.75,93.665,active,2026-01-30,0
U002316,2025-05-05,3,premium,web,search,256,PLN_PREM,Premium,high,799.0,1,2026-01-30,high,10.5,289.6875,active,2026-01-30,0
U002317,2025-05-26,3,regular,mobile,referral,235,PLN_STD,Standard,mid,499.0,1,2026-01-30,high,10.5,161.65,active,2026-01-30,0
U002318,2025-08-22,2,value,web,search,147,PLN_STD,Standard,mid,499.0,1,2026-01-30,high,10.75,98.5725,active,2026-01-30,0
U002319,2025-12-04,3,value,mobile,search,43,PLN_BASIC,Basic,low,299.0,1,2026-01-30,high,10.75,21.267500000000002,cancelled,2026-01-06,1
U002320,2025-11-15,2,value,mobile,search,62,PLN_STD,Standard,mid,499.0,1,2026-01-30,high,10.5,130.04,active,2026-01-30,0
U002321,2025-05-29,3,premium,mobile,email,232,PLN_STD,Standard,mid,499.0,1,2026-01-30,high,10.75,290.5825,active,2026-01-30,0
U002322,2025-05-13,1,value,mobile,organic,248,PLN_STD,Standard,mid,499.0,1,2026-01-30,high,10.75,0.0,cancelled,2025-11-09,1
U002323,2025-07-28,2,value,mobile,referral,172,PLN_BASIC,Basic,low,299.0,1,2026-01-30,high,10.75,81.3125,active,2026-01-30,0
U002324,2025-10-15,2,value,web,organic,93,PLN_STD,Standard,mid,499.0,1,2026-01-30,high,10.75,0.0,cancelled,2025-11-21,1
U002325,2025-11-08,2,regular,mobile,email,69,PLN_STD,Standard,mid,499.0,1,2026-01-30,high,10.75,0.0,expired,2025-12-10,1
U002326,2025-11-27,2,regular,web,organic,50,PLN_BASIC,Basic,low,299.0,1,2026-01-30,high,10.75,207.45,active,2026-01-30,0
U002327,2025-07-29,3,regular,web,organic,171,PLN_BASIC,Basic,low,299.0,1,2026-01-30,high,10.75,0.0,cancelled,2025-10-03,1
U002328,2025-06-16,2,value,web,search,214,PLN_STD,Standard,mid,499.0,1,2026-01-30,high,10.75,68.41,active,2026-01-30,0
U002329,2025-05-11,2,value,mobile,organic,250,PLN_BASIC,Basic,low,299.0,1,2026-01-30,high,10.5,0.0,expired,2025-06-11,1
U002330,2025-06-10,1,premium,web,paid_social,220,PLN_STD,Standard,mid,499.0,1,2026-01-30,high,10.25,272.5625,active,2026-01-30,0
U002331,2025-05-21,3,value,mobile,paid_social,240,PLN_STD,Standard,mid,499.0,1,2026-01-30,high,10.75,129.45,active,2026-01-30,0
U002332,2025-12-07,3,value,web,paid_social,40,PLN_BASIC,Basic,low,299.0,1,2026-01-30,high,10.5,13.1975,cancelled,2026-01-09,1
U002333,2025-07-11,2,regular,web,organic,189,PLN_STD,Standard,mid,499.0,1,2026-01-30,high,10.5,184.155,active,2026-01-30,0
U002334,2025-11-27,2,value,web,paid_social,50,PLN_BASIC,Basic,low,299.0,1,2026-01-30,high,10.5,88.675,active,2026-01-30,0
U002335,2025-09-20,3,value,mobile,organic,118,PLN_BASIC,Basic,low,299.0,1,2026-01-30,high,10.75,0.0,expired,2025-11-25,1
U002336,2025-09-17,3,regular,web,email,121,PLN_BASIC,Basic,low,299.0,1,2026-01-30,high,10.75,194.5825,active,2026-01-30,0
U002337,2025-08-27,2,regular,web,paid_social,142,PLN_STD,Standard,mid,499.0,1,2026-01-30,high,10.75,145.0225,active,2026-01-30,0
U002338,2025-11-26,2,value,web,paid_social,51,PLN_BASIC,Basic,low,299.0,1,2026-01-30,high,10.75,102.945,active,2026-01-30,0
U002339,2025-05-15,3,value,web,referral,246,PLN_BASIC,Basic,low,299.0,1,2026-01-30,high,10.75,0.0,cancelled,2025-09-17,1
U002340,2025-05-28,2,regular,mobile,paid_social,233,PLN_STD,Standard,mid,499.0,1,2026-01-30,high,10.75,0.0,expired,2025-10-01,1
U002341,2025-08-19,3,value,web,search,150,PLN_BASIC,Basic,low,299.0,1,2026-01-30,high,10.5,70.3125,active,2026-01-30,0
U002342,2025-08-12,2,value,web,organic,157,PLN_BASIC,Basic,low,299.0,1,2026-01-30,high,10.75,0.0,cancelled,2025-12-14,1
U002343,2025-09-18,3,regular,mobile,paid_social,120,PLN_BASIC,Basic,low,299.0,1,2026-01-30,high,10.75,173.54,active,2026-01-30,0
U002344,2025-11-06,1,regular,web,search,71,PLN_STD,Standard,mid,499.0,1,2026-01-30,high,10.5,191.7575,active,2026-01-30,0
U002345,2025-09-29,1,premium,web,organic,109,PLN_STD,Standard,mid,499.0,1,2026-01-30,high,10.75,409.78,active,2026-01-30,0
U002346,2025-07-08,3,value,mobile,referral,192,PLN_STD,Standard,mid,499.0,1,2026-01-30,high,10.5,84.0725,active,2026-01-30,0
U002347,2025-07-26,3,value,mobile,organic,174,PLN_BASIC,Basic,low,299.0,1,2026-01-30,high,10.25,103.555,active,2026-01-30,0
U002348,2025-11-09,3,regular,mobile,paid_social,68,PLN_STD,Standard,mid,499.0,1,2026-01-30,high,10.75,159.87,active,2026-01-30,0
U002349,2025-06-24,3,regular,web,organic,206,PLN_BASIC,Basic,low,299.0,1,2026-01-30,high,10.75,0.0,expired,2025-11-23,1
U002350,2025-09-08,2,value,web,search,130,PLN_BASIC,Basic,low,299.0,1,2026-01-30,high,10.75,0.0,cancelled,2025-11-10,1
U002351,2025-09-17,2,regular,web,referral,121,PLN_STD,Standard,mid,499.0,1,2026-01-30,high,10.75,0.0,cancelled,2025-11-18,1
U002352,2025-11-09,1,value,web,organic,68,PLN_BASIC,Basic,low,299.0,1,2026-01-30,high,10.25,69.97749999999999,active,2026-01-30,0
U002353,2025-10-31,2,regular,web,paid_social,77,PLN_STD,Standard,mid,499.0,1,2026-01-30,high,10.5,149.01250000000002,active,2026-01-30,0
U002354,2025-08-29,1,regular,mobile,paid_social,140,PLN_STD,Standard,mid,499.0,1,2026-01-30,high,10.75,167.57,expired,2026-01-28,1
U002355,2025-07-21,3,regular,mobile,referral,179,PLN_STD,Standard,mid,499.0,1,2026-01-30,high,10.5,166.1375,active,2026-01-30,0
U002356,2025-08-05,1,premium,web,organic,164,PLN_STD,Standard,mid,499.0,1,2026-01-30,high,10.25,283.14,active,2026-01-30,0
U002357,2025-08-16,1,premium,web,referral,153,PLN_PREM,Premium,high,799.0,1,2026-01-30,high,10.75,270.4875,active,2026-01-30,0
U002358,2025-06-29,1,value,mobile,search,201,PLN_STD,Standard,mid,499.0,1,2026-01-30,high,10.5,61.2675,cancelled,2026-01-27,1
U002359,2025-10-08,1,value,web,search,100,PLN_BASIC,Basic,low,299.0,1,2026-01-30,high,10.75,197.88896581615603,active,2026-01-30,0
U002360,2025-06-26,1,regular,web,search,204,PLN_STD,Standard,mid,499.0,1,2026-01-30,high,10.75,180.85750000000002,active,2026-01-30,0
U002361,2025-10-14,2,value,web,search,94,PLN_BASIC,Basic,low,299.0,1,2026-01-30,high,10.5,0.0,cancelled,2025-12-20,1
U002362,2025-11-09,2,regular,mobile,search,68,PLN_STD,Standard,mid,499.0,1,2026-01-30,high,10.75,95.745,cancelled,2026-01-10,1
U002363,2026-01-01,2,value,mobile,organic,15,PLN_BASIC,Basic,low,299.0,1,2026-01-30,high,7.25,60.1025,active,2026-01-30,0
U002364,2025-06-03,3,premium,web,search,227,PLN_STD,Standard,mid,499.0,1,2026-01-30,high,10.75,312.4425,active,2026-01-30,0
U002365,2025-11-11,2,regular,web,paid_social,66,PLN_STD,Standard,mid,499.0,1,2026-01-30,high,10.5,198.09,active,2026-01-30,0
U002366,2025-05-26,2,regular,mobile,search,235,PLN_STD,Standard,mid,499.0,1,2026-01-30,high,10.75,163.215,active,2026-01-30,0
U002367,2025-07-28,2,regular,mobile,organic,172,PLN_STD,Standard,mid,499.0,1,2026-01-30,high,10.75,196.6975,active,2026-01-30,0
U002368,2025-06-18,1,value,mobile,search,212,PLN_BASIC,Basic,low,299.0,1,2026-01-30,high,10.75,91.8575,cancelled,2026-01-18,1
U002369,2025-06-14,2,premium,web,search,216,PLN_PREM,Premium,high,799.0,1,2026-01-30,high,10.5,349.075,active,2026-01-30,0
U002370,2025-06-18,3,value,mobile,paid_social,212,PLN_BASIC,Basic,low,299.0,1,2026-01-30,high,10.5,68.1125,active,2026-01-30,0
U002371,2025-05-16,2,value,mobile,email,245,PLN_STD,Standard,mid,499.0,1,2026-01-30,high,10.5,99.535,active,2026-01-30,0
U002372,2025-11-27,2,value,mobile,search,50,PLN_BASIC,Basic,low,299.0,1,2026-01-30,high,10.5,56.199999999999996,expired,2026-01-29,1
U002373,2025-05-20,2,regular,web,paid_social,241,PLN_BASIC,Basic,low,299.0,1,2026-01-30,high,10.75,204.45499999999998,active,2026-01-30,0
U002374,2025-08-13,3,value,mobile,organic,156,PLN_BASIC,Basic,low,299.0,1,2026-01-30,high,10.75,0.0,cancelled,2025-09-17,1
U002375,2025-10-27,2,value,web,email,81,PLN_BASIC,Basic,low,299.0,1,2026-01-29,high,10.25,62.1575,active,2026-01-30,0
U002376,2026-01-08,2,value,web,organic,8,PLN_BASIC,Basic,low,299.0,1,2026-01-30,high,5.75,24.7425,cancelled,2026-01-30,1
U002377,2025-12-05,3,value,web,search,42,PLN_BASIC,Basic,low,299.0,1,2026-01-30,high,10.75,92.26,active,2026-01-30,0
U002378,2025-06-08,2,value,mobile,organic,222,PLN_BASIC,Basic,low,299.0,1,2026-01-30,high,10.75,0.0,cancelled,2025-09-06,1
U002379,2026-01-07,2,regular,web,organic,9,PLN_STD,Standard,mid,499.0,1,2026-01-30,high,6.0,159.6775,active,2026-01-30,0
U002380,2025-10-16,1,value,mobile,referral,92,PLN_BASIC,Basic,low,299.0,1,2026-01-30,high,10.75,85.6475,active,2026-01-30,0
U002381,2025-06-19,1,value,web,organic,211,PLN_BASIC,Basic,low,299.0,1,2026-01-30,high,10.5,72.505,active,2026-01-30,0
U002382,2025-08-25,3,regular,web,organic,144,PLN_STD,Standard,mid,499.0,1,2026-01-30,high,10.5,0.0,cancelled,2025-10-25,1
U002383,2025-12-21,2,regular,web,organic,26,PLN_STD,Standard,mid,499.0,1,2026-01-30,high,10.0,177.1,active,2026-01-30,0
U002384,2025-08-11,2,value,mobile,email,158,PLN_BASIC,Basic,low,299.0,1,2026-01-30,high,10.75,0.0,cancelled,2025-10-17,1
U002385,2025-06-20,2,value,web,referral,210,PLN_BASIC,Basic,low,299.0,1,2026-01-30,high,10.25,80.435,active,2026-01-30,0
U002386,2025-12-10,1,value,web,email,37,PLN_BASIC,Basic,low,299.0,1,2026-01-30,high,10.75,83.3975,active,2026-01-30,0
U002387,2025-12-30,3,premium,web,referral,17,PLN_PREM,Premium,high,799.0,1,2026-01-30,high,8.0,326.1725,active,2026-01-30,0
U002388,2026-01-04,1,value,web,email,12,PLN_BASIC,Basic,low,299.0,1,2026-01-30,high,6.75,74.9575,active,2026-01-30,0
U002389,2025-12-30,3,value,web,search,17,PLN_BASIC,Basic,low,299.0,1,2026-01-30,high,8.0,86.7625,active,2026-01-30,0
U002390,2025-12-10,2,regular,web,organic,37,PLN_STD,Standard,mid,499.0,1,2026-01-30,high,10.75,155.145,active,2026-01-30,0
U002391,2025-08-27,2,value,web,organic,142,PLN_BASIC,Basic,low,299.0,1,2026-01-30,high,10.75,55.63,active,2026-01-30,0
U002392,2025-06-22,1,value,mobile,organic,208,PLN_BASIC,Basic,low,299.0,1,2026-01-30,high,10.75,6.6425,expired,2025-12-24,1
U002393,2025-10-06,3,value,web,paid_social,102,PLN_BASIC,Basic,low,299.0,1,2026-01-30,high,10.75,86.9725,active,2026-01-30,0
U002394,2025-06-29,1,regular,web,organic,201,PLN_BASIC,Basic,low,299.0,1,2026-01-30,high,10.75,196.9075,active,2026-01-30,0
U002395,2025-08-31,1,regular,web,organic,138,PLN_STD,Standard,mid,499.0,1,2026-01-30,high,10.75,146.685,active,2026-01-30,0
U002396,2025-10-16,3,regular,web,paid_social,92,PLN_BASIC,Basic,low,299.0,1,2026-01-30,high,10.75,214.3925,active,2026-01-30,0
U002397,2025-12-28,2,regular,mobile,organic,19,PLN_BASIC,Basic,low,299.0,1,2026-01-30,high,8.5,116.83,active,2026-01-30,0
U002398,2025-07-16,2,value,web,organic,184,PLN_STD,Standard,mid,499.0,1,2026-01-30,high,10.75,66.505,active,2026-01-30,0
U002399,2025-07-07,1,premium,web,organic,193,PLN_STD,Standard,mid,499.0,1,2026-01-30,high,10.75,319.0175,active,2026-01-30,0
U002400,2025-11-05,3,regular,mobile,paid_social,72,PLN_STD,Standard,mid,499.0,1,2026-01-30,high,10.75,76.9375,expired,2026-01-04,1
U002401,2025-05-06,2,regular,web,organic,255,PLN_PREM,Premium,high,799.0,1,2026-01-30,high,10.75,223.88,active,2026-01-30,0
U002402,2025-09-24,1,regular,mobile,organic,114,PLN_STD,Standard,mid,499.0,1,2026-01-30,high,10.5,231.3025,active,2026-01-30,0
U002403,2025-11-08,2,value,mobile,organic,69,PLN_BASIC,Basic,low,299.0,1,2026-01-30,high,10.75,68.2075,active,2026-01-30,0
U002404,2025-09-20,1,value,web,paid_social,118,PLN_BASIC,Basic,low,299.0,1,2026-01-30,high,10.75,102.37152402593341,cancelled,2026-01-22,1
U002405,2025-08-09,2,regular,web,organic,160,PLN_BASIC,Basic,low,299.0,1,2026-01-30,high,10.75,59.3025,cancelled,2026-01-06,1
U002406,2025-11-28,1,value,web,organic,49,PLN_STD,Standard,mid,499.0,1,2026-01-30,high,10.75,17.275,cancelled,2026-01-01,1
U002407,2025-08-06,1,regular,web,email,163,PLN_STD,Standard,mid,499.0,1,2026-01-30,high,10.75,159.8675,active,2026-01-30,0
U002408,2025-10-30,2,value,web,referral,78,PLN_BASIC,Basic,low,299.0,1,2026-01-30,high,10.75,58.83,active,2026-01-30,0
U002409,2025-08-29,3,value,mobile,organic,140,PLN_STD,Standard,mid,499.0,1,2026-01-30,high,10.5,116.27,active,2026-01-30,0
U002410,2025-05-11,1,premium,web,organic,250,PLN_PREM,Premium,high,799.0,1,2026-01-30,high,10.5,297.58,active,2026-01-30,0
U002411,2025-09-15,1,regular,web,organic,123,PLN_STD,Standard,mid,499.0,1,2026-01-30,high,10.75,165.905,active,2026-01-30,0
U002412,2025-05-17,3,regular,web,paid_social,244,PLN_BASIC,Basic,low,299.0,1,2026-01-30,high,10.75,218.2125,active,2026-01-30,0
U002413,2025-12-24,3,value,mobile,organic,23,PLN_BASIC,Basic,low,299.0,1,2026-01-30,high,9.5,79.0625,active,2026-01-30,0
U002414,2025-10-02,2,regular,mobile,email,106,PLN_STD,Standard,mid,499.0,1,2026-01-30,high,10.75,0.0,expired,2025-11-07,1
U002415,2025-08-06,1,premium,web,referral,163,PLN_PREM,Premium,high,799.0,1,2026-01-30,high,10.75,316.9425,active,2026-01-30,0
U002416,2025-09-04,2,regular,mobile,paid_social,134,PLN_STD,Standard,mid,499.0,1,2026-01-30,high,10.25,167.0875,active,2026-01-30,0
U002417,2025-10-07,1,regular,web,organic,101,PLN_STD,Standard,mid,499.0,1,2026-01-30,high,10.75,213.37,active,2026-01-30,0
U002418,2025-07-09,1,regular,mobile,referral,191,PLN_STD,Standard,mid,499.0,1,2026-01-30,high,10.75,160.9775,active,2026-01-30,0
U002419,2025-07-16,2,value,mobile,paid_social,184,PLN_BASIC,Basic,low,299.0,1,2026-01-30,high,10.5,73.9525,active,2026-01-30,0
U002420,2025-08-18,2,regular,mobile,referral,151,PLN_STD,Standard,mid,499.0,1,2026-01-30,high,10.25,149.4925,active,2026-01-30,0
U002421,2025-07-08,2,premium,web,organic,192,PLN_PREM,Premium,high,799.0,1,2026-01-30,high,10.75,371.2325,active,2026-01-30,0
U002422,2025-11-11,2,regular,web,paid_social,66,PLN_BASIC,Basic,low,299.0,1,2026-01-30,high,10.75,143.4775,active,2026-01-30,0
U002423,2025-05-31,2,regular,mobile,referral,230,PLN_BASIC,Basic,low,299.0,1,2026-01-30,high,10.75,219.11507680891904,active,2026-01-30,0
U002424,2025-11-28,2,regular,web,email,49,PLN_BASIC,Basic,low,299.0,1,2026-01-29,high,10.5,171.375,active,2026-01-30,0
U002425,2025-07-31,3,regular,web,paid_social,169,PLN_BASIC,Basic,low,299.0,1,2026-01-30,high,10.75,8.66,cancelled,2025-12-28,1
U002426,2025-09-22,3,premium,mobile,search,116,PLN_PREM,Premium,high,799.0,1,2026-01-30,high,10.75,371.0075,active,2026-01-30,0
U002427,2025-06-13,2,regular,mobile,search,217,PLN_STD,Standard,mid,499.0,1,2026-01-30,high,10.0,0.0,cancelled,2025-11-15,1
U002428,2025-08-09,2,value,mobile,paid_social,160,PLN_STD,Standard,mid,499.0,1,2026-01-30,high,10.75,0.0,expired,2025-12-12,1
U002429,2025-11-10,2,value,mobile,email,67,PLN_BASIC,Basic,low,299.0,1,2026-01-30,high,10.75,90.41,active,2026-01-30,0
U002430,2025-07-11,1,regular,mobile,paid_social,189,PLN_PREM,Premium,high,799.0,1,2026-01-30,high,10.75,270.6975,active,2026-01-30,0
U002431,2025-06-07,2,value,web,organic,223,PLN_STD,Standard,mid,499.0,1,2026-01-30,high,10.75,74.9025,active,2026-01-30,0
U002432,2025-09-13,1,regular,mobile,organic,125,PLN_PREM,Premium,high,799.0,1,2026-01-30,high,10.5,158.59,active,2026-01-30,0
U002433,2025-06-14,2,regular,mobile,paid_social,216,PLN_STD,Standard,mid,499.0,1,2026-01-30,high,10.75,0.0,cancelled,2025-08-18,1
U002434,2025-07-23,2,regular,mobile,referral,177,PLN_STD,Standard,mid,499.0,1,2026-01-30,high,10.5,0.0,cancelled,2025-10-21,1
U002435,2025-08-26,1,value,web,organic,143,PLN_BASIC,Basic,low,299.0,1,2026-01-30,high,10.5,111.3325,active,2026-01-30,0
U002436,2025-09-23,1,regular,web,search,115,PLN_PREM,Premium,high,799.0,1,2026-01-30,high,10.5,195.85,active,2026-01-30,0
U002437,2025-10-12,2,regular,mobile,email,96,PLN_BASIC,Basic,low,299.0,1,2026-01-30,high,10.75,0.0,expired,2025-11-11,1
U002438,2025-10-21,3,value,web,search,87,PLN_BASIC,Basic,low,299.0,1,2026-01-30,high,10.5,31.66,expired,2026-01-21,1
U002439,2025-12-02,2,regular,web,organic,45,PLN_STD,Standard,mid,499.0,1,2026-01-30,high,10.75,221.7875,active,2026-01-30,0
U002440,2025-05-21,2,regular,mobile,search,240,PLN_STD,Standard,mid,499.0,1,2026-01-30,high,10.75,0.0,expired,2025-11-17,1
U002441,2025-08-03,1,regular,web,search,166,PLN_BASIC,Basic,low,299.0,1,2026-01-30,high,10.75,137.585,active,2026-01-30,0
U002442,2025-05-05,2,value,web,organic,256,PLN_BASIC,Basic,low,299.0,1,2026-01-30,high,10.75,0.0,expired,2025-12-06,1
U002443,2025-05-07,1,value,web,paid_social,254,PLN_STD,Standard,mid,499.0,1,2026-01-30,high,10.75,97.8825,active,2026-01-30,0
U002444,2025-06-27,2,regular,web,paid_social,203,PLN_BASIC,Basic,low,299.0,1,2026-01-30,high,10.75,205.715,active,2026-01-30,0
U002445,2025-10-02,3,value,mobile,paid_social,106,PLN_BASIC,Basic,low,299.0,1,2026-01-30,high,10.5,102.78999999999999,active,2026-01-30,0
U002446,2025-12-15,2,regular,web,paid_social,32,PLN_BASIC,Basic,low,299.0,1,2026-01-30,high,10.75,161.935,active,2026-01-30,0
U002447,2025-11-15,2,regular,web,organic,62,PLN_STD,Standard,mid,499.0,1,2026-01-30,high,10.5,137.2275,active,2026-01-30,0
U002448,2025-10-14,1,value,web,organic,94,PLN_BASIC,Basic,low,299.0,1,2026-01-30,high,10.75,74.1225,active,2026-01-30,0
U002449,2025-11-16,1,regular,web,organic,61,PLN_STD,Standard,mid,499.0,1,2026-01-30,high,10.5,195.485,active,2026-01-30,0
U002450,2025-06-17,2,premium,web,organic,213,PLN_PREM,Premium,high,799.0,1,2026-01-30,high,10.5,211.8175,active,2026-01-30,0
U002451,2025-12-01,3,regular,web,paid_social,46,PLN_STD,Standard,mid,499.0,1,2026-01-30,high,10.75,136.9875,active,2026-01-30,0
U002452,2025-12-14,1,regular,web,organic,33,PLN_BASIC,Basic,low,299.0,1,2026-01-30,high,10.75,188.1725,active,2026-01-30,0
U002453,2025-05-28,2,regular,web,paid_social,233,PLN_BASIC,Basic,low,299.0,1,2026-01-30,high,10.25,199.0375,active,2026-01-30,0
U002454,2025-08-30,2,value,web,organic,139,PLN_BASIC,Basic,low,299.0,1,2026-01-30,high,10.5,106.02250000000001,active,2026-01-30,0
U002455,2025-11-29,1,value,web,organic,48,PLN_BASIC,Basic,low,299.0,1,2026-01-30,high,10.75,20.515,cancelled,2026-01-05,1
U002456,2025-09-01,1,regular,web,organic,137,PLN_BASIC,Basic,low,299.0,1,2026-01-30,high,10.75,165.525,active,2026-01-30,0
U002457,2025-12-01,2,regular,web,search,46,PLN_BASIC,Basic,low,299.0,1,2026-01-30,high,10.75,82.7375,cancelled,2026-01-07,1
U002458,2025-12-25,2,value,web,paid_social,22,PLN_BASIC,Basic,low,299.0,1,2026-01-30,high,9.25,37.995,cancelled,2026-01-24,1
U002459,2025-09-01,2,value,web,referral,137,PLN_BASIC,Basic,low,299.0,1,2026-01-30,high,10.75,24.19,cancelled,2026-01-02,1
U002460,2025-05-19,2,regular,web,organic,242,PLN_STD,Standard,mid,499.0,1,2026-01-30,high,10.75,118.73,expired,2026-01-19,1
U002461,2025-07-29,3,value,mobile,paid_social,171,PLN_STD,Standard,mid,499.0,1,2026-01-30,high,10.75,87.4675,active,2026-01-30,0
U002462,2025-06-28,3,regular,web,paid_social,202,PLN_STD,Standard,mid,499.0,1,2026-01-30,high,10.75,147.9575,active,2026-01-30,0
U002463,2025-09-01,3,regular,mobile,organic,137,PLN_PREM,Premium,high,799.0,1,2026-01-30,high,10.75,277.925,active,2026-01-30,0
U002464,2025-09-29,3,regular,mobile,organic,109,PLN_BASIC,Basic,low,299.0,1,2026-01-30,high,10.5,282.4575,active,2026-01-30,0
U002465,2025-08-29,3,value,web,organic,140,PLN_BASIC,Basic,low,299.0,1,2026-01-30,high,10.5,91.64750000000001,active,2026-01-30,0
U002466,2025-06-23,3,value,web,organic,207,PLN_BASIC,Basic,low,299.0,1,2026-01-30,high,10.75,4.2175,cancelled,2025-12-24,1
U002467,2025-07-19,2,regular,web,referral,181,PLN_BASIC,Basic,low,299.0,1,2026-01-30,high,10.5,214.6725,active,2026-01-30,0
U002468,2025-10-22,3,regular,web,search,86,PLN_BASIC,Basic,low,299.0,1,2026-01-30,high,10.75,148.3175,active,2026-01-30,0
U002469,2025-05-11,3,value,web,search,250,PLN_BASIC,Basic,low,299.0,1,2026-01-30,high,10.75,78.37,active,2026-01-30,0
U002470,2025-06-27,2,regular,web,paid_social,203,PLN_STD,Standard,mid,499.0,1,2026-01-30,high,10.5,157.08,active,2026-01-30,0
U002471,2025-12-14,2,regular,mobile,search,33,PLN_STD,Standard,mid,499.0,1,2026-01-30,high,10.75,188.0875,active,2026-01-30,0
U002472,2025-05-29,2,value,web,paid_social,232,PLN_STD,Standard,mid,499.0,1,2026-01-30,high,10.75,56.1125,active,2026-01-30,0
U002473,2025-08-17,3,regular,mobile,organic,152,PLN_BASIC,Basic,low,299.0,1,2026-01-30,high,10.75,0.0,cancelled,2025-12-19,1
U002474,2025-06-25,2,value,mobile,search,205,PLN_BASIC,Basic,low,299.0,1,2026-01-30,high,10.5,0.0,expired,2025-09-25,1
U002475,2025-05-31,3,regular,web,organic,230,PLN_BASIC,Basic,low,299.0,1,2026-01-30,high,10.75,254.155,active,2026-01-30,0
U002476,2025-08-19,3,value,mobile,organic,150,PLN_STD,Standard,mid,499.0,1,2026-01-30,high,10.75,78.1175,active,2026-01-30,0
U002477,2025-09-12,3,regular,mobile,organic,126,PLN_BASIC,Basic,low,299.0,1,2026-01-30,high,10.75,202.695,active,2026-01-30,0
U002478,2025-06-18,1,value,web,paid_social,212,PLN_STD,Standard,mid,499.0,1,2026-01-30,high,10.5,0.0,cancelled,2025-08-24,1
U002479,2025-05-24,2,regular,web,paid_social,237,PLN_STD,Standard,mid,499.0,1,2026-01-30,high,10.75,146.9875,active,2026-01-30,0
U002480,2025-06-07,3,regular,web,paid_social,223,PLN_STD,Standard,mid,499.0,1,2026-01-30,high,10.75,175.145,active,2026-01-30,0
U002481,2025-10-15,3,premium,web,organic,93,PLN_PREM,Premium,high,799.0,1,2026-01-30,high,10.5,263.815,active,2026-01-30,0
U002482,2025-12-06,3,regular,web,email,41,PLN_STD,Standard,mid,499.0,1,2026-01-30,high,10.75,181.5225,active,2026-01-30,0
U002483,2025-06-19,2,regular,web,organic,211,PLN_PREM,Premium,high,799.0,1,2026-01-29,high,10.5,144.2375,active,2026-01-30,0
U002484,2025-07-24,2,value,web,referral,176,PLN_BASIC,Basic,low,299.0,1,2026-01-30,high,10.75,96.4225,active,2026-01-30,0
U002485,2025-07-30,1,value,mobile,paid_social,170,PLN_BASIC,Basic,low,299.0,1,2026-01-30,high,10.75,0.0,expired,2025-11-27,1
U002486,2025-08-03,3,value,web,paid_social,166,PLN_BASIC,Basic,low,299.0,1,2026-01-30,high,10.75,81.67,active,2026-01-30,0
U002487,2025-07-05,2,regular,web,search,195,PLN_BASIC,Basic,low,299.0,1,2026-01-30,high,10.25,114.27,active,2026-01-30,0
U002488,2025-05-18,2,regular,web,paid_social,243,PLN_PREM,Premium,high,799.0,1,2026-01-30,high,10.75,0.0,expired,2025-07-22,1
U002489,2025-09-13,3,regular,mobile,paid_social,125,PLN_STD,Standard,mid,499.0,1,2026-01-30,high,10.75,287.7925,active,2026-01-30,0
U002490,2025-08-02,2,regular,mobile,organic,167,PLN_BASIC,Basic,low,299.0,1,2026-01-30,high,10.25,169.2175,active,2026-01-30,0
U002491,2025-07-29,1,regular,web,referral,171,PLN_STD,Standard,mid,499.0,1,2026-01-30,high,10.0,134.8075,active,2026-01-30,0
U002492,2025-07-10,1,value,mobile,organic,190,PLN_BASIC,Basic,low,299.0,1,2026-01-30,high,10.75,150.695,active,2026-01-30,0
U002493,2025-12-24,3,value,web,search,23,PLN_BASIC,Basic,low,299.0,1,2026-01-30,high,9.5,49.417500000000004,active,2026-01-30,0
U002494,2025-10-05,2,regular,mobile,paid_social,103,PLN_STD,Standard,mid,499.0,1,2026-01-30,high,10.5,190.1375,active,2026-01-30,0
U002495,2025-08-18,1,value,mobile,referral,151,PLN_BASIC,Basic,low,299.0,1,2026-01-30,high,10.75,58.09,active,2026-01-30,0
U002496,2025-06-25,2,value,web,search,205,PLN_BASIC,Basic,low,299.0,1,2026-01-30,high,10.75,0.0,expired,2025-09-23,1
U002497,2025-11-22,2,premium,mobile,organic,55,PLN_PREM,Premium,high,799.0,1,2026-01-30,high,10.5,300.695,active,2026-01-30,0
U002498,2025-12-13,3,premium,mobile,search,34,PLN_STD,Standard,mid,499.0,1,2026-01-30,high,10.75,305.575,active,2026-01-30,0
U002499,2025-05-13,2,regular,mobile,organic,248,PLN_PREM,Premium,high,799.0,1,2026-01-30,high,10.25,132.41,active,2026-01-30,0
U002500,2025-12-24,1,value,web,search,23,PLN_BASIC,Basic,low,299.0,1,2026-01-30,high,9.5,38.5925,expired,2026-01-24,1
