user_id,current_plan_id,current_plan_price,tier,tenure_days,city_tier,segment,engagement_band,total_active_days,total_minutes,total_sessions,total_feature_events,usage_trend,days_last_week,pay_attempts,pay_failures,pay_failure_rate,last_activity_date,days_since_last_activity,touch_count,touch_clicked,touch_redeemed,will_churn_14d,as_of_date
U000001,PLN_BASIC,299.0,low,234,1,value,high,28,0.0,0,0,-0.16666666666666696,5.5,0.0,0.0,0.0,2026-01-15,1,0.0,0.0,0.0,1,2026-01-16
U000002,PLN_BASIC,299.0,low,62,1,regular,high,27,371.46999999999997,28,37,-0.666666666666667,5.0,1.0,0.0,0.0,2026-01-15,1,0.0,0.0,0.0,0,2026-01-16
U000003,PLN_STD,499.0,mid,92,1,regular,high,28,400.81,26,42,-0.16666666666666696,5.5,0.0,0.0,0.0,2026-01-15,1,0.0,0.0,0.0,1,2026-01-16
U000004,PLN_PREM,799.0,high,146,2,regular,high,28,615.89,33,57,-0.16666666666666696,5.5,1.0,0.0,0.0,2026-01-15,1,2.0,0.0,0.0,0,2026-01-16
U000005,PLN_BASIC,299.0,low,148,1,regular,high,28,506.97,32,49,-0.16666666666666696,5.5,1.0,0.0,0.0,2026-01-15,1,0.0,0.0,0.0,0,2026-01-16
U000006,PLN_BASIC,299.0,low,41,3,value,high,27,231.38,16,26,-0.666666666666667,5.0,0.0,0.0,0.0,2026-01-15,1,2.0,0.0,0.0,0,2026-01-16
U000007,PLN_BASIC,299.0,low,235,3,value,high,28,245.91,21,27,-0.16666666666666696,5.5,1.0,0.0,0.0,2026-01-15,1,0.0,0.0,0.0,0,2026-01-16
U000008,PLN_BASIC,299.0,low,81,3,value,high,28,247.56,17,32,-0.16666666666666696,5.5,2.0,1.0,0.5,2026-01-15,1,0.0,0.0,0.0,0,2026-01-16
U000009,PLN_PREM,799.0,high,206,2,premium,high,28,1020.1800000000001,57,115,-0.16666666666666696,5.5,1.0,0.0,0.0,2026-01-15,1,2.0,1.0,0.0,0,2026-01-16
U000010,PLN_STD,499.0,mid,233,3,value,high,28,180.49,10,15,-0.16666666666666696,5.5,1.0,0.0,0.0,2026-01-15,1,0.0,0.0,0.0,0,2026-01-16
U000011,PLN_PREM,799.0,high,124,1,premium,high,28,776.9,46,65,-0.16666666666666696,5.5,1.0,0.0,0.0,2026-01-15,1,1.0,0.0,0.0,0,2026-01-16
U000012,PLN_BASIC,299.0,low,12,2,value,high,12,60.230000000000004,6,7,4.5,5.5,1.0,0.0,0.0,2026-01-15,1,0.0,0.0,0.0,1,2026-01-16
U000013,PLN_BASIC,299.0,low,72,2,value,high,27,169.73000000000002,12,22,-0.666666666666667,5.0,0.0,0.0,0.0,2026-01-15,1,0.0,0.0,0.0,0,2026-01-16
U000014,PLN_BASIC,299.0,low,65,3,value,high,28,222.59,15,25,-0.16666666666666696,5.5,0.0,0.0,0.0,2026-01-15,1,0.0,0.0,0.0,1,2026-01-16
U000015,PLN_BASIC,299.0,low,76,2,value,high,28,67.24,3,3,-0.16666666666666696,5.5,0.0,0.0,0.0,2026-01-15,1,0.0,0.0,0.0,1,2026-01-16
U000016,PLN_STD,499.0,mid,59,3,regular,high,28,351.82,22,30,-0.16666666666666696,5.5,1.0,0.0,0.0,2026-01-15,1,0.0,0.0,0.0,0,2026-01-16
U000017,PLN_BASIC,299.0,low,128,1,regular,high,28,310.78,18,30,-0.16666666666666696,5.5,0.0,0.0,0.0,2026-01-15,1,0.0,0.0,0.0,0,2026-01-16
U000018,PLN_BASIC,299.0,low,224,3,value,high,28,286.59000000000003,19,40,-0.16666666666666696,5.5,0.0,0.0,0.0,2026-01-15,1,0.0,0.0,0.0,0,2026-01-16
U000019,PLN_PREM,799.0,high,46,2,regular,high,27,631.02,43,70,0.16666666666666696,5.5,0.0,0.0,0.0,2026-01-15,1,0.0,0.0,0.0,0,2026-01-16
U000020,PLN_STD,499.0,mid,143,2,regular,high,28,213.46,17,17,-0.16666666666666696,5.5,1.0,0.0,0.0,2026-01-15,1,0.0,0.0,0.0,0,2026-01-16
U000021,PLN_STD,499.0,mid,131,3,premium,high,28,796.33,52,81,-0.16666666666666696,5.5,0.0,0.0,0.0,2026-01-15,1,1.0,0.0,0.0,0,2026-01-16
U000022,PLN_PREM,799.0,high,163,2,premium,high,27,926.19,42,70,-0.666666666666667,5.0,0.0,0.0,0.0,2026-01-15,1,1.0,0.0,0.0,0,2026-01-16
U000023,PLN_BASIC,299.0,low,211,2,regular,high,27,0.0,0,0,0.16666666666666696,5.5,0.0,0.0,0.0,2026-01-15,1,0.0,0.0,0.0,1,2026-01-16
U000024,PLN_STD,499.0,mid,24,2,regular,high,24,437.35,31,42,-1.0,5.5,1.0,0.0,0.0,2026-01-15,1,0.0,0.0,0.0,0,2026-01-16
U000025,PLN_STD,499.0,mid,60,1,regular,high,26,350.84000000000003,18,29,0.5,5.5,1.0,0.0,0.0,2026-01-15,1,2.0,0.0,0.0,0,2026-01-16
U000026,PLN_PREM,799.0,high,95,2,regular,high,28,0.0,0,0,-0.16666666666666696,5.5,0.0,0.0,0.0,2026-01-15,1,1.0,0.0,0.0,1,2026-01-16
U000027,PLN_BASIC,299.0,low,155,1,regular,high,28,0.0,0,0,-0.16666666666666696,5.5,0.0,0.0,0.0,2026-01-15,1,0.0,0.0,0.0,1,2026-01-16
U000028,PLN_BASIC,299.0,low,50,1,value,high,28,60.489999999999995,5,6,-0.16666666666666696,5.5,0.0,0.0,0.0,2026-01-15,1,0.0,0.0,0.0,1,2026-01-16
U000029,PLN_STD,499.0,mid,120,3,regular,high,28,404.66999999999996,25,44,-0.16666666666666696,5.5,2.0,1.0,0.5,2026-01-15,1,0.0,0.0,0.0,0,2026-01-16
U000030,PLN_PREM,799.0,high,145,2,premium,high,28,633.52,27,57,-0.16666666666666696,5.5,1.0,0.0,0.0,2026-01-15,1,1.0,1.0,0.0,0,2026-01-16
U000031,PLN_BASIC,299.0,low,143,2,value,high,28,308.1,19,29,-0.16666666666666696,5.5,1.0,0.0,0.0,2026-01-15,1,0.0,0.0,0.0,0,2026-01-16
U000032,PLN_STD,499.0,mid,199,2,regular,high,28,0.0,0,0,-0.16666666666666696,5.5,0.0,0.0,0.0,2026-01-15,1,1.0,0.0,0.0,1,2026-01-16
U000033,PLN_PREM,799.0,high,233,2,premium,high,28,0.0,0,0,-0.16666666666666696,5.5,0.0,0.0,0.0,2026-01-15,1,0.0,0.0,0.0,1,2026-01-16
U000034,PLN_BASIC,299.0,low,117,2,value,high,27,12.52,2,1,-0.666666666666667,5.0,0.0,0.0,0.0,2026-01-15,1,1.0,0.0,0.0,1,2026-01-16
U000035,PLN_STD,499.0,mid,34,3,regular,high,28,506.12,36,47,-0.16666666666666696,5.5,0.0,0.0,0.0,2026-01-15,1,0.0,0.0,0.0,0,2026-01-16
U000036,PLN_STD,499.0,mid,240,3,premium,high,27,0.0,0,0,-0.666666666666667,5.0,0.0,0.0,0.0,2026-01-15,1,0.0,0.0,0.0,1,2026-01-16
U000037,PLN_STD,499.0,mid,41,2,premium,high,27,847.21,75,84,0.16666666666666696,5.5,0.0,0.0,0.0,2026-01-15,1,0.0,0.0,0.0,0,2026-01-16
U000038,PLN_BASIC,299.0,low,49,2,value,high,28,88.08,6,6,-0.16666666666666696,5.5,1.0,0.0,0.0,2026-01-15,1,0.0,0.0,0.0,0,2026-01-16
U000039,PLN_BASIC,299.0,low,187,2,value,high,28,224.39000000000001,16,23,-0.16666666666666696,5.5,0.0,0.0,0.0,2026-01-15,1,1.0,0.0,0.0,0,2026-01-16
U000040,PLN_STD,499.0,mid,98,2,regular,high,28,504.17,34,61,-0.16666666666666696,5.5,0.0,0.0,0.0,2026-01-15,1,0.0,0.0,0.0,0,2026-01-16
U000041,PLN_BASIC,299.0,low,215,2,value,high,28,317.9389663520695,16,25,-0.16666666666666696,5.5,0.0,0.0,0.0,2026-01-15,1,1.0,0.0,0.0,0,2026-01-16
U000042,PLN_BASIC,299.0,low,66,2,value,high,27,0.0,0,0,-0.666666666666667,5.0,0.0,0.0,0.0,2026-01-15,1,1.0,0.0,0.0,1,2026-01-16
U000043,PLN_BASIC,299.0,low,81,2,value,high,28,331.04,27,35,-0.16666666666666696,5.5,2.0,1.0,0.5,2026-01-15,1,0.0,0.0,0.0,0,2026-01-16
U000044,PLN_BASIC,299.0,low,168,2,value,high,28,0.0,0,0,-0.16666666666666696,5.5,0.0,0.0,0.0,2026-01-15,1,0.0,0.0,0.0,1,2026-01-16
U000045,PLN_STD,499.0,mid,239,2,regular,high,28,493.35,36,53,-0.16666666666666696,5.5,1.0,0.0,0.0,2026-01-15,1,0.0,0.0,0.0,0,2026-01-16
U000046,PLN_STD,499.0,mid,13,2,regular,high,13,218.98999999999998,17,22,3.5,5.5,1.0,0.0,0.0,2026-01-15,1,0.0,0.0,0.0,0,2026-01-16
U000047,PLN_STD,499.0,mid,145,1,regular,high,28,1076.9652514966558,23,53,-0.16666666666666696,5.5,2.0,1.0,0.5,2026-01-15,1,1.0,0.0,0.0,0,2026-01-16
U000048,PLN_STD,499.0,mid,32,1,regular,high,28,416.52,24,43,-0.16666666666666696,5.5,1.0,0.0,0.0,2026-01-15,1,1.0,0.0,0.0,1,2026-01-16
U000049,PLN_BASIC,299.0,low,86,2,regular,high,28,410.94,23,50,-0.16666666666666696,5.5,1.0,0.0,0.0,2026-01-15,1,1.0,0.0,0.0,0,2026-01-16
U000050,PLN_STD,499.0,mid,61,2,value,high,27,12.54,1,1,0.16666666666666696,5.5,0.0,0.0,0.0,2026-01-15,1,1.0,0.0,0.0,1,2026-01-16
U000051,PLN_BASIC,299.0,low,66,1,value,high,27,259.94,14,31,0.16666666666666696,5.5,0.0,0.0,0.0,2026-01-15,1,0.0,0.0,0.0,0,2026-01-16
U000052,PLN_STD,499.0,mid,208,2,value,high,28,114.78999999999999,10,14,-0.16666666666666696,5.5,1.0,1.0,1.0,2026-01-15,1,1.0,0.0,0.0,0,2026-01-16
U000053,PLN_BASIC,299.0,low,165,3,value,high,28,0.0,0,0,-0.16666666666666696,5.5,0.0,0.0,0.0,2026-01-15,1,0.0,0.0,0.0,1,2026-01-16
U000054,PLN_STD,499.0,mid,139,2,value,high,28,0.0,0,0,-0.16666666666666696,5.5,0.0,0.0,0.0,2026-01-15,1,0.0,0.0,0.0,1,2026-01-16
U000055,PLN_BASIC,299.0,low,132,3,value,high,26,0.0,0,0,0.5,5.5,0.0,0.0,0.0,2026-01-15,1,0.0,0.0,0.0,1,2026-01-16
U000056,PLN_BASIC,299.0,low,246,3,value,high,28,218.79,18,26,-0.16666666666666696,5.5,0.0,0.0,0.0,2026-01-15,1,0.0,0.0,0.0,0,2026-01-16
U000057,PLN_PREM,799.0,high,119,2,regular,high,27,404.97999999999996,19,50,0.16666666666666696,5.5,1.0,0.0,0.0,2026-01-15,1,0.0,0.0,0.0,0,2026-01-16
U000058,PLN_BASIC,299.0,low,218,2,regular,high,28,0.0,0,0,-0.16666666666666696,5.5,0.0,0.0,0.0,2026-01-15,1,0.0,0.0,0.0,1,2026-01-16
U000059,PLN_PREM,799.0,high,70,1,premium,high,28,0.0,0,0,-0.16666666666666696,5.5,0.0,0.0,0.0,2026-01-15,1,1.0,0.0,0.0,1,2026-01-16
U000060,PLN_STD,499.0,mid,85,3,regular,high,28,612.22,32,71,-0.16666666666666696,5.5,1.0,0.0,0.0,2026-01-15,1,0.0,0.0,0.0,0,2026-01-16
U000061,PLN_STD,499.0,mid,25,2,regular,high,25,257.65000000000003,18,22,-1.5,5.5,1.0,0.0,0.0,2026-01-15,1,0.0,0.0,0.0,0,2026-01-16
U000062,PLN_BASIC,299.0,low,70,3,value,high,28,238.57,18,27,-0.16666666666666696,5.5,0.0,0.0,0.0,2026-01-15,1,1.0,0.0,0.0,0,2026-01-16
U000063,PLN_STD,499.0,mid,164,2,regular,high,28,484.46,32,54,-0.16666666666666696,5.5,0.0,0.0,0.0,2026-01-15,1,0.0,0.0,0.0,0,2026-01-16
U000064,PLN_BASIC,299.0,low,14,1,value,high,14,123.17,6,14,2.5,5.5,1.0,0.0,0.0,2026-01-15,1,0.0,0.0,0.0,1,2026-01-16
U000065,PLN_BASIC,299.0,low,153,1,regular,high,27,471.71,29,52,0.16666666666666696,5.5,1.0,0.0,0.0,2026-01-15,1,0.0,0.0,0.0,0,2026-01-16
U000066,PLN_STD,499.0,mid,175,2,regular,high,27,494.02,24,53,0.16666666666666696,5.5,1.0,0.0,0.0,2026-01-15,1,2.0,0.0,0.0,0,2026-01-16
U000067,PLN_STD,499.0,mid,29,2,regular,high,28,444.58,30,39,-0.16666666666666696,5.5,1.0,1.0,1.0,2026-01-15,1,1.0,0.0,0.0,0,2026-01-16
U000068,PLN_BASIC,299.0,low,164,1,value,high,28,232.83,10,17,-0.16666666666666696,5.5,0.0,0.0,0.0,2026-01-15,1,0.0,0.0,0.0,0,2026-01-16
U000069,PLN_PREM,799.0,high,237,2,regular,high,28,30.509999999999998,2,5,-0.16666666666666696,5.5,0.0,0.0,0.0,2026-01-15,1,2.0,1.0,0.0,1,2026-01-16
U000070,PLN_BASIC,299.0,low,139,3,regular,high,28,0.0,0,0,-0.16666666666666696,5.5,0.0,0.0,0.0,2026-01-15,1,1.0,0.0,0.0,1,2026-01-16
U000071,PLN_STD,499.0,mid,57,2,regular,high,27,29.95,4,3,-0.666666666666667,5.0,0.0,0.0,0.0,2026-01-15,1,1.0,0.0,0.0,1,2026-01-16
U000072,PLN_STD,499.0,mid,209,2,regular,high,28,407.39,29,48,-0.16666666666666696,5.5,1.0,0.0,0.0,2026-01-15,1,1.0,0.0,0.0,0,2026-01-16
U000073,PLN_STD,499.0,mid,140,1,regular,high,27,505.67,35,43,0.16666666666666696,5.5,1.0,0.0,0.0,2026-01-15,1,0.0,0.0,0.0,0,2026-01-16
U000074,PLN_STD,499.0,mid,224,3,value,high,28,291.81,26,36,-0.16666666666666696,5.5,0.0,0.0,0.0,2026-01-15,1,0.0,0.0,0.0,0,2026-01-16
U000075,PLN_BASIC,299.0,low,84,2,regular,high,28,552.5,37,59,-0.16666666666666696,5.5,1.0,0.0,0.0,2026-01-15,1,0.0,0.0,0.0,0,2026-01-16
U000076,PLN_BASIC,299.0,low,137,3,regular,high,28,360.71,18,34,-0.16666666666666696,5.5,0.0,0.0,0.0,2026-01-15,1,1.0,1.0,0.0,0,2026-01-16
U000077,PLN_BASIC,299.0,low,174,2,value,high,28,95.58,8,8,-0.16666666666666696,5.5,1.0,0.0,0.0,2026-01-15,1,0.0,0.0,0.0,1,2026-01-16
U000078,PLN_STD,499.0,mid,200,2,value,high,27,0.0,0,0,0.16666666666666696,5.5,0.0,0.0,0.0,2026-01-15,1,0.0,0.0,0.0,1,2026-01-16
U000079,PLN_STD,499.0,mid,115,2,premium,high,28,725.6,45,64,-0.16666666666666696,5.5,1.0,0.0,0.0,2026-01-15,1,0.0,0.0,0.0,0,2026-01-16
U000080,PLN_BASIC,299.0,low,88,1,regular,high,28,533.54,29,54,-0.16666666666666696,5.5,2.0,1.0,0.5,2026-01-15,1,0.0,0.0,0.0,0,2026-01-16
U000081,PLN_BASIC,299.0,low,20,3,regular,high,20,461.23,21,55,1.0,5.5,1.0,0.0,0.0,2026-01-15,1,1.0,0.0,0.0,0,2026-01-16
U000082,PLN_STD,499.0,mid,147,2,regular,high,26,466.44,30,49,0.5,5.5,1.0,0.0,0.0,2026-01-15,1,1.0,0.0,0.0,0,2026-01-16
U000083,PLN_BASIC,299.0,low,216,2,regular,high,27,0.0,0,0,-0.666666666666667,5.0,0.0,0.0,0.0,2026-01-15,1,2.0,1.0,0.0,1,2026-01-16
U000084,PLN_BASIC,299.0,low,47,3,regular,high,28,262.14,17,29,-0.16666666666666696,5.5,0.0,0.0,0.0,2026-01-15,1,1.0,0.0,0.0,1,2026-01-16
U000085,PLN_STD,499.0,mid,98,3,value,high,28,121.28999999999999,13,16,-0.16666666666666696,5.5,0.0,0.0,0.0,2026-01-15,1,1.0,1.0,0.0,0,2026-01-16
U000086,PLN_BASIC,299.0,low,81,3,regular,high,28,481.68,32,37,-0.16666666666666696,5.5,1.0,0.0,0.0,2026-01-15,1,1.0,0.0,0.0,0,2026-01-16
U000087,PLN_STD,499.0,mid,232,1,regular,high,28,649.98,39,75,-0.16666666666666696,5.5,1.0,0.0,0.0,2026-01-15,1,0.0,0.0,0.0,0,2026-01-16
U000088,PLN_BASIC,299.0,low,178,2,value,high,28,0.0,0,0,-0.16666666666666696,5.5,0.0,0.0,0.0,2026-01-15,1,0.0,0.0,0.0,1,2026-01-16
U000089,PLN_PREM,799.0,high,64,3,regular,high,28,547.7,43,62,-0.16666666666666696,5.5,0.0,0.0,0.0,2026-01-15,1,1.0,0.0,0.0,0,2026-01-16
U000090,PLN_BASIC,299.0,low,48,2,value,high,28,144.16,12,18,-0.16666666666666696,5.5,0.0,0.0,0.0,2026-01-15,1,1.0,0.0,0.0,0,2026-01-16
U000091,PLN_BASIC,299.0,low,147,1,regular,high,27,407.43,24,53,-0.666666666666667,5.0,1.0,0.0,0.0,2026-01-15,1,2.0,0.0,0.0,0,2026-01-16
U000092,PLN_STD,499.0,mid,55,3,regular,high,27,458.02,35,39,0.16666666666666696,5.5,1.0,0.0,0.0,2026-01-15,1,1.0,0.0,0.0,0,2026-01-16
U000093,PLN_STD,499.0,mid,45,2,regular,high,26,821.26,48,90,-1.166666666666667,4.5,0.0,0.0,0.0,2026-01-14,2,1.0,1.0,0.0,0,2026-01-16
U000094,PLN_BASIC,299.0,low,159,2,regular,high,28,380.96000000000004,27,39,-0.16666666666666696,5.5,0.0,0.0,0.0,2026-01-15,1,0.0,0.0,0.0,0,2026-01-16
U000095,PLN_PREM,799.0,high,31,3,premium,high,28,763.54,41,91,-0.16666666666666696,5.5,0.0,0.0,0.0,2026-01-15,1,0.0,0.0,0.0,0,2026-01-16
U000096,PLN_STD,499.0,mid,184,2,regular,high,28,678.3,38,66,-0.16666666666666696,5.5,1.0,0.0,0.0,2026-01-15,1,1.0,0.0,0.0,0,2026-01-16
U000097,PLN_PREM,799.0,high,196,2,regular,high,28,234.19,15,22,-0.16666666666666696,5.5,0.0,0.0,0.0,2026-01-15,1,0.0,0.0,0.0,0,2026-01-16
U000098,PLN_PREM,799.0,high,85,2,regular,high,28,610.53,37,70,-0.16666666666666696,5.5,1.0,0.0,0.0,2026-01-15,1,0.0,0.0,0.0,1,2026-01-16
U000099,PLN_BASIC,299.0,low,97,2,value,high,28,176.05,9,19,-0.16666666666666696,5.5,0.0,0.0,0.0,2026-01-15,1,2.0,0.0,0.0,0,2026-01-16
U000100,PLN_BASIC,299.0,low,221,1,value,high,28,323.95,23,31,-0.16666666666666696,5.5,0.0,0.0,0.0,2026-01-15,1,1.0,0.0,0.0,0,2026-01-16
U000101,PLN_STD,499.0,mid,47,3,regular,high,28,306.34000000000003,19,30,-0.16666666666666696,5.5,0.0,0.0,0.0,2026-01-15,1,2.0,0.0,0.0,0,2026-01-16
U000102,PLN_STD,499.0,mid,206,3,value,high,28,0.0,0,0,-0.16666666666666696,5.5,0.0,0.0,0.0,2026-01-15,1,0.0,0.0,0.0,1,2026-01-16
U000103,PLN_BASIC,299.0,low,54,2,value,high,27,49.34,3,6,0.16666666666666696,5.5,0.0,0.0,0.0,2026-01-15,1,1.0,1.0,0.0,1,2026-01-16
U000104,PLN_STD,499.0,mid,255,2,regular,high,28,457.19,34,42,-0.16666666666666696,5.5,0.0,0.0,0.0,2026-01-15,1,2.0,0.0,0.0,0,2026-01-16
U000105,PLN_STD,499.0,mid,56,3,regular,high,28,451.87,36,48,-0.16666666666666696,5.5,1.0,0.0,0.0,2026-01-15,1,1.0,0.0,0.0,0,2026-01-16
U000106,PLN_BASIC,299.0,low,59,1,value,high,28,157.74,14,14,-0.16666666666666696,5.5,1.0,0.0,0.0,2026-01-15,1,0.0,0.0,0.0,1,2026-01-16
U000107,PLN_BASIC,299.0,low,61,2,regular,high,27,5.37,1,1,0.16666666666666696,5.5,0.0,0.0,0.0,2026-01-15,1,0.0,0.0,0.0,1,2026-01-16
U000108,PLN_BASIC,299.0,low,90,2,regular,high,28,0.0,0,0,-0.16666666666666696,5.5,0.0,0.0,0.0,2026-01-15,1,0.0,0.0,0.0,1,2026-01-16
U000109,PLN_STD,499.0,mid,138,2,regular,high,28,452.1,35,44,-0.16666666666666696,5.5,1.0,0.0,0.0,2026-01-15,1,1.0,0.0,0.0,0,2026-01-16
U000110,PLN_BASIC,299.0,low,80,1,value,high,28,0.0,0,0,-0.16666666666666696,5.5,0.0,0.0,0.0,2026-01-15,1,0.0,0.0,0.0,1,2026-01-16
U000111,PLN_STD,499.0,mid,187,2,regular,high,28,325.35,21,35,-0.16666666666666696,5.5,0.0,0.0,0.0,2026-01-15,1,1.0,0.0,0.0,0,2026-01-16
U000112,PLN_BASIC,299.0,low,61,2,value,high,28,321.05,21,34,-0.16666666666666696,5.5,1.0,0.0,0.0,2026-01-15,1,2.0,0.0,0.0,0,2026-01-16
U000113,PLN_BASIC,299.0,low,117,2,regular,high,28,414.68,27,38,-0.16666666666666696,5.5,1.0,0.0,0.0,2026-01-15,1,1.0,1.0,0.0,1,2026-01-16
U000114,PLN_BASIC,299.0,low,141,1,value,high,28,223.79,17,22,-0.16666666666666696,5.5,1.0,0.0,0.0,2026-01-15,1,2.0,0.0,0.0,0,2026-01-16
U000115,PLN_STD,499.0,mid,130,2,premium,high,28,0.0,0,0,-0.16666666666666696,5.5,0.0,0.0,0.0,2026-01-15,1,0.0,0.0,0.0,1,2026-01-16
U000116,PLN_STD,499.0,mid,114,2,value,high,28,318.55,26,33,-0.16666666666666696,5.5,1.0,0.0,0.0,2026-01-15,1,0.0,0.0,0.0,0,2026-01-16
U000117,PLN_PREM,799.0,high,247,1,regular,high,28,415.71,26,32,-0.16666666666666696,5.5,0.0,0.0,0.0,2026-01-15,1,0.0,0.0,0.0,0,2026-01-16
U000118,PLN_BASIC,299.0,low,221,1,value,high,27,201.61,19,25,-0.666666666666667,5.0,0.0,0.0,0.0,2026-01-15,1,1.0,1.0,0.0,0,2026-01-16
U000119,PLN_STD,499.0,mid,195,1,regular,high,28,0.0,0,0,-0.16666666666666696,5.5,0.0,0.0,0.0,2026-01-15,1,0.0,0.0,0.0,1,2026-01-16
U000120,PLN_BASIC,299.0,low,228,2,regular,high,28,639.3,44,63,-0.16666666666666696,5.5,0.0,0.0,0.0,2026-01-15,1,1.0,0.0,0.0,0,2026-01-16
U000121,PLN_BASIC,299.0,low,146,1,value,high,28,209.99,21,25,-0.16666666666666696,5.5,1.0,0.0,0.0,2026-01-15,1,0.0,0.0,0.0,0,2026-01-16
U000122,PLN_BASIC,299.0,low,89,3,value,high,27,215.76,18,29,-0.666666666666667,5.0,1.0,0.0,0.0,2026-01-14,2,0.0,0.0,0.0,0,2026-01-16
U000123,PLN_BASIC,299.0,low,92,2,value,high,28,280.59000000000003,21,31,-0.16666666666666696,5.5,1.0,0.0,0.0,2026-01-15,1,0.0,0.0,0.0,0,2026-01-16
U000124,PLN_BASIC,299.0,low,138,3,value,high,28,109.83,10,14,-0.16666666666666696,5.5,0.0,0.0,0.0,2026-01-15,1,0.0,0.0,0.0,0,2026-01-16
U000125,PLN_PREM,799.0,high,42,3,premium,high,27,952.7900000000001,57,86,-0.666666666666667,5.0,0.0,0.0,0.0,2026-01-15,1,1.0,0.0,0.0,0,2026-01-16
U000126,PLN_STD,499.0,mid,115,1,regular,high,28,512.17,34,45,-0.16666666666666696,5.5,1.0,0.0,0.0,2026-01-15,1,0.0,0.0,0.0,0,2026-01-16
U000127,PLN_BASIC,299.0,low,237,2,value,high,28,533.7618977294959,29,37,-0.16666666666666696,5.5,1.0,0.0,0.0,2026-01-15,1,1.0,0.0,0.0,0,2026-01-16
U000128,PLN_PREM,799.0,high,64,3,premium,high,27,863.06,47,93,0.16666666666666696,5.5,0.0,0.0,0.0,2026-01-15,1,0.0,0.0,0.0,0,2026-01-16
U000129,PLN_BASIC,299.0,low,112,2,value,high,27,63.12,5,9,-0.666666666666667,5.0,1.0,0.0,0.0,2026-01-15,1,1.0,0.0,0.0,0,2026-01-16
U000130,PLN_STD,499.0,mid,97,2,regular,high,27,0.0,0,0,-0.666666666666667,5.0,0.0,0.0,0.0,2026-01-15,1,0.0,0.0,0.0,1,2026-01-16
U000131,PLN_STD,499.0,mid,115,2,regular,high,28,568.1,37,58,-0.16666666666666696,5.5,1.0,0.0,0.0,2026-01-15,1,0.0,0.0,0.0,0,2026-01-16
U000132,PLN_PREM,799.0,high,118,1,premium,high,28,646.92,35,58,-0.16666666666666696,5.5,1.0,0.0,0.0,2026-01-15,1,0.0,0.0,0.0,0,2026-01-16
U000133,PLN_PREM,799.0,high,234,2,regular,high,28,521.43,38,64,-0.16666666666666696,5.5,1.0,0.0,0.0,2026-01-15,1,0.0,0.0,0.0,0,2026-01-16
U000134,PLN_STD,499.0,mid,116,3,regular,high,28,0.0,0,0,-0.16666666666666696,5.5,0.0,0.0,0.0,2026-01-15,1,0.0,0.0,0.0,1,2026-01-16
U000135,PLN_STD,499.0,mid,57,3,premium,high,26,817.62,49,95,-0.33333333333333304,5.0,1.0,0.0,0.0,2026-01-15,1,0.0,0.0,0.0,0,2026-01-16
U000136,PLN_BASIC,299.0,low,180,1,value,high,28,0.0,0,0,-0.16666666666666696,5.5,0.0,0.0,0.0,2026-01-15,1,0.0,0.0,0.0,1,2026-01-16
U000137,PLN_PREM,799.0,high,105,2,premium,high,28,907.55,56,87,-0.16666666666666696,5.5,0.0,0.0,0.0,2026-01-15,1,1.0,0.0,0.0,0,2026-01-16
U000138,PLN_STD,499.0,mid,249,2,regular,high,28,537.6,42,58,-0.16666666666666696,5.5,0.0,0.0,0.0,2026-01-15,1,0.0,0.0,0.0,0,2026-01-16
U000139,PLN_PREM,799.0,high,169,3,premium,high,27,983.53,69,86,0.16666666666666696,5.5,0.0,0.0,0.0,2026-01-15,1,1.0,0.0,0.0,0,2026-01-16
U000140,PLN_BASIC,299.0,low,147,1,value,high,28,314.77,18,26,-0.16666666666666696,5.5,1.0,0.0,0.0,2026-01-15,1,0.0,0.0,0.0,0,2026-01-16
U000141,PLN_BASIC,299.0,low,10,3,value,high,10,20.57,2,2,5.0,5.0,1.0,0.0,0.0,2026-01-15,1,0.0,0.0,0.0,0,2026-01-16
U000142,PLN_STD,499.0,mid,203,3,regular,high,28,363.7,25,35,-0.16666666666666696,5.5,1.0,0.0,0.0,2026-01-15,1,1.0,0.0,0.0,0,2026-01-16
U000143,PLN_BASIC,299.0,low,187,1,regular,high,28,490.04,30,45,-0.16666666666666696,5.5,1.0,0.0,0.0,2026-01-15,1,1.0,0.0,0.0,0,2026-01-16
U000144,PLN_STD,499.0,mid,154,1,regular,high,26,475.34,30,43,-0.33333333333333304,5.0,0.0,0.0,0.0,2026-01-15,1,1.0,0.0,0.0,0,2026-01-16
U000145,PLN_STD,499.0,mid,7,3,premium,high,7,200.51999999999998,11,21,3.5,3.5,1.0,0.0,0.0,2026-01-15,1,0.0,0.0,0.0,0,2026-01-16
U000146,PLN_PREM,799.0,high,42,1,regular,high,28,236.69,12,29,-0.16666666666666696,5.5,0.0,0.0,0.0,2026-01-15,1,1.0,0.0,0.0,1,2026-01-16
U000147,PLN_BASIC,299.0,low,248,2,value,high,26,0.0,0,0,-0.33333333333333304,5.0,0.0,0.0,0.0,2026-01-15,1,0.0,0.0,0.0,1,2026-01-16
U000148,PLN_STD,499.0,mid,198,3,regular,high,28,0.0,0,0,-0.16666666666666696,5.5,0.0,0.0,0.0,2026-01-15,1,2.0,0.0,0.0,1,2026-01-16
U000149,PLN_BASIC,299.0,low,50,2,value,high,28,229.98,18,35,-0.16666666666666696,5.5,1.0,1.0,1.0,2026-01-15,1,1.0,0.0,0.0,1,2026-01-16
U000150,PLN_STD,499.0,mid,242,2,value,high,28,246.14999999999998,15,33,-0.16666666666666696,5.5,0.0,0.0,0.0,2026-01-15,1,0.0,0.0,0.0,0,2026-01-16
U000151,PLN_BASIC,299.0,low,42,2,value,high,28,169.68,14,12,-0.16666666666666696,5.5,0.0,0.0,0.0,2026-01-15,1,0.0,0.0,0.0,0,2026-01-16
U000152,PLN_STD,499.0,mid,186,1,regular,high,28,572.5,40,78,-0.16666666666666696,5.5,0.0,0.0,0.0,2026-01-15,1,1.0,0.0,0.0,0,2026-01-16
U000153,PLN_BASIC,299.0,low,26,3,regular,high,26,601.09,31,59,0.5,5.5,1.0,0.0,0.0,2026-01-15,1,0.0,0.0,0.0,0,2026-01-16
U000154,PLN_PREM,799.0,high,183,2,regular,high,28,0.0,0,0,-0.16666666666666696,5.5,0.0,0.0,0.0,2026-01-15,1,0.0,0.0,0.0,1,2026-01-16
U000155,PLN_STD,499.0,mid,147,1,value,high,28,51.1,5,4,-0.16666666666666696,5.5,0.0,0.0,0.0,2026-01-15,1,0.0,0.0,0.0,1,2026-01-16
U000156,PLN_STD,499.0,mid,90,2,regular,high,28,371.0,24,48,-0.16666666666666696,5.5,1.0,0.0,0.0,2026-01-15,1,1.0,0.0,0.0,0,2026-01-16
U000157,PLN_BASIC,299.0,low,225,3,regular,high,27,553.11,43,63,0.16666666666666696,5.5,0.0,0.0,0.0,2026-01-15,1,1.0,0.0,0.0,0,2026-01-16
U000158,PLN_PREM,799.0,high,117,1,premium,high,28,941.51,42,77,-0.16666666666666696,5.5,2.0,1.0,0.5,2026-01-15,1,1.0,0.0,0.0,0,2026-01-16
U000159,PLN_BASIC,299.0,low,130,3,regular,high,28,0.0,0,0,-0.16666666666666696,5.5,0.0,0.0,0.0,2026-01-15,1,0.0,0.0,0.0,1,2026-01-16
U000160,PLN_STD,499.0,mid,60,2,regular,high,28,523.02,26,51,-0.16666666666666696,5.5,1.0,0.0,0.0,2026-01-15,1,1.0,0.0,0.0,1,2026-01-16
U000161,PLN_STD,499.0,mid,6,3,regular,high,6,125.25999999999999,9,16,3.0,3.0,1.0,0.0,0.0,2026-01-15,1,0.0,0.0,0.0,0,2026-01-16
U000162,PLN_STD,499.0,mid,90,3,regular,high,28,0.0,0,0,-0.16666666666666696,5.5,0.0,0.0,0.0,2026-01-15,1,0.0,0.0,0.0,1,2026-01-16
U000163,PLN_PREM,799.0,high,154,3,premium,high,28,584.21,38,57,-0.16666666666666696,5.5,0.0,0.0,0.0,2026-01-15,1,1.0,0.0,0.0,0,2026-01-16
U000164,PLN_BASIC,299.0,low,154,3,regular,high,28,579.39,44,54,-0.16666666666666696,5.5,0.0,0.0,0.0,2026-01-15,1,1.0,0.0,0.0,0,2026-01-16
U000165,PLN_STD,499.0,mid,152,1,regular,high,28,428.4,25,57,-0.16666666666666696,5.5,1.0,0.0,0.0,2026-01-15,1,1.0,0.0,0.0,0,2026-01-16
U000166,PLN_BASIC,299.0,low,52,3,value,high,28,49.72,6,6,-0.16666666666666696,5.5,1.0,1.0,1.0,2026-01-15,1,1.0,0.0,0.0,1,2026-01-16
U000167,PLN_BASIC,299.0,low,176,2,regular,high,26,411.59,31,34,0.5,5.5,1.0,0.0,0.0,2026-01-15,1,1.0,1.0,0.0,0,2026-01-16
U000168,PLN_STD,499.0,mid,215,2,regular,high,28,0.0,0,0,-0.16666666666666696,5.5,0.0,0.0,0.0,2026-01-15,1,0.0,0.0,0.0,1,2026-01-16
U000169,PLN_STD,499.0,mid,173,3,regular,high,27,444.38,27,49,0.16666666666666696,5.5,1.0,0.0,0.0,2026-01-15,1,0.0,0.0,0.0,0,2026-01-16
U000170,PLN_BASIC,299.0,low,251,3,regular,high,28,589.66,38,65,-0.16666666666666696,5.5,0.0,0.0,0.0,2026-01-15,1,1.0,0.0,0.0,0,2026-01-16
U000171,PLN_BASIC,299.0,low,230,2,value,high,28,163.19,16,24,-0.16666666666666696,5.5,1.0,0.0,0.0,2026-01-15,1,1.0,0.0,0.0,0,2026-01-16
U000172,PLN_PREM,799.0,high,234,2,premium,high,28,726.41,48,79,-0.16666666666666696,5.5,1.0,0.0,0.0,2026-01-15,1,1.0,0.0,0.0,0,2026-01-16
U000173,PLN_BASIC,299.0,low,63,2,value,high,28,181.81,23,18,-0.16666666666666696,5.5,1.0,0.0,0.0,2026-01-15,1,0.0,0.0,0.0,0,2026-01-16
U000174,PLN_STD,499.0,mid,75,2,premium,high,27,620.26,33,71,0.16666666666666696,5.5,0.0,0.0,0.0,2026-01-15,1,1.0,0.0,0.0,0,2026-01-16
U000175,PLN_BASIC,299.0,low,82,2,value,high,27,185.44,13,19,-0.666666666666667,5.0,1.0,0.0,0.0,2026-01-15,1,1.0,0.0,0.0,0,2026-01-16
U000176,PLN_PREM,799.0,high,141,2,regular,high,28,356.43,21,33,-0.16666666666666696,5.5,1.0,0.0,0.0,2026-01-15,1,1.0,0.0,0.0,0,2026-01-16
U000177,PLN_STD,499.0,mid,77,1,regular,high,27,420.6,27,36,0.16666666666666696,5.5,0.0,0.0,0.0,2026-01-15,1,0.0,0.0,0.0,0,2026-01-16
U000178,PLN_BASIC,299.0,low,216,1,regular,high,27,547.11,44,58,-0.666666666666667,5.0,2.0,1.0,0.5,2026-01-15,1,1.0,0.0,0.0,0,2026-01-16
U000179,PLN_BASIC,299.0,low,30,3,value,high,27,184.53,13,18,0.16666666666666696,5.5,1.0,0.0,0.0,2026-01-15,1,1.0,0.0,0.0,0,2026-01-16
U000180,PLN_PREM,799.0,high,131,2,premium,high,28,845.82,52,106,-0.16666666666666696,5.5,0.0,0.0,0.0,2026-01-15,1,0.0,0.0,0.0,0,2026-01-16
U000181,PLN_STD,499.0,mid,21,3,regular,high,21,452.78999999999996,21,45,0.5,5.5,1.0,0.0,0.0,2026-01-15,1,0.0,0.0,0.0,1,2026-01-16
U000182,PLN_BASIC,299.0,low,218,2,regular,high,28,190.06,9,12,-0.16666666666666696,5.5,0.0,0.0,0.0,2026-01-15,1,0.0,0.0,0.0,1,2026-01-16
U000183,PLN_BASIC,299.0,low,132,1,regular,high,27,378.05,23,38,0.16666666666666696,5.5,0.0,0.0,0.0,2026-01-15,1,2.0,0.0,0.0,0,2026-01-16
U000184,PLN_STD,499.0,mid,82,1,value,high,27,174.17000000000002,16,20,0.16666666666666696,5.5,1.0,0.0,0.0,2026-01-15,1,1.0,0.0,0.0,0,2026-01-16
U000185,PLN_BASIC,299.0,low,132,1,regular,high,28,644.4,35,70,-0.16666666666666696,5.5,0.0,0.0,0.0,2026-01-15,1,1.0,0.0,0.0,0,2026-01-16
U000186,PLN_BASIC,299.0,low,145,3,value,high,27,169.84,16,24,0.16666666666666696,5.5,1.0,0.0,0.0,2026-01-15,1,0.0,0.0,0.0,0,2026-01-16
U000187,PLN_BASIC,299.0,low,215,1,value,high,28,296.09,19,33,-0.16666666666666696,5.5,0.0,0.0,0.0,2026-01-15,1,0.0,0.0,0.0,0,2026-01-16
U000188,PLN_STD,499.0,mid,161,2,regular,high,28,0.0,0,0,-0.16666666666666696,5.5,0.0,0.0,0.0,2026-01-15,1,0.0,0.0,0.0,1,2026-01-16
U000189,PLN_BASIC,299.0,low,197,3,regular,high,28,383.02,25,37,-0.16666666666666696,5.5,1.0,0.0,0.0,2026-01-15,1,1.0,1.0,0.0,0,2026-01-16
U000190,PLN_BASIC,299.0,low,181,3,value,high,28,0.0,0,0,-0.16666666666666696,5.5,0.0,0.0,0.0,2026-01-15,1,0.0,0.0,0.0,1,2026-01-16
U000191,PLN_BASIC,299.0,low,85,1,value,high,28,191.07999999999998,11,24,-0.16666666666666696,5.5,1.0,0.0,0.0,2026-01-15,1,0.0,0.0,0.0,0,2026-01-16
U000192,PLN_STD,499.0,mid,98,1,value,high,28,257.14,23,25,-0.16666666666666696,5.5,0.0,0.0,0.0,2026-01-15,1,0.0,0.0,0.0,0,2026-01-16
U000193,PLN_STD,499.0,mid,104,1,value,high,28,259.61,15,35,-0.16666666666666696,5.5,0.0,0.0,0.0,2026-01-15,1,1.0,0.0,0.0,0,2026-01-16
U000194,PLN_STD,499.0,mid,166,1,regular,high,28,703.97,47,79,-0.16666666666666696,5.5,0.0,0.0,0.0,2026-01-15,1,0.0,0.0,0.0,0,2026-01-16
U000195,PLN_BASIC,299.0,low,16,1,value,high,16,118.93,7,12,0.5,5.5,1.0,0.0,0.0,2026-01-15,1,1.0,0.0,0.0,1,2026-01-16
U000196,PLN_PREM,799.0,high,234,2,premium,high,28,759.9,46,65,-0.16666666666666696,5.5,1.0,0.0,0.0,2026-01-15,1,2.0,1.0,0.0,0,2026-01-16
U000197,PLN_BASIC,299.0,low,171,3,value,high,28,70.51,11,10,-0.16666666666666696,5.5,1.0,0.0,0.0,2026-01-15,1,1.0,0.0,0.0,0,2026-01-16
U000198,PLN_BASIC,299.0,low,227,2,value,high,28,274.07,25,28,-0.16666666666666696,5.5,1.0,0.0,0.0,2026-01-15,1,0.0,0.0,0.0,0,2026-01-16
U000199,PLN_PREM,799.0,high,171,2,premium,high,28,1065.57,58,88,-0.16666666666666696,5.5,1.0,0.0,0.0,2026-01-15,1,1.0,0.0,0.0,0,2026-01-16
U000200,PLN_BASIC,299.0,low,15,1,value,high,15,81.71,6,14,1.5,5.5,1.0,0.0,0.0,2026-01-15,1,0.0,0.0,0.0,1,2026-01-16
U000201,PLN_PREM,799.0,high,165,3,regular,high,27,479.23,32,56,-0.666666666666667,5.0,0.0,0.0,0.0,2026-01-14,2,1.0,0.0,0.0,0,2026-01-16
U000202,PLN_STD,499.0,mid,28,2,premium,high,27,660.66,32,51,-0.666666666666667,5.0,1.0,0.0,0.0,2026-01-15,1,0.0,0.0,0.0,0,2026-01-16
U000203,PLN_STD,499.0,mid,132,3,premium,high,28,897.55,39,90,-0.16666666666666696,5.5,0.0,0.0,0.0,2026-01-15,1,1.0,1.0,0.0,0,2026-01-16
U000204,PLN_BASIC,299.0,low,81,3,regular,high,28,266.39,13,22,-0.16666666666666696,5.5,0.0,0.0,0.0,2026-01-15,1,2.0,0.0,0.0,1,2026-01-16
U000205,PLN_BASIC,299.0,low,142,2,value,high,28,283.61,17,28,-0.16666666666666696,5.5,1.0,0.0,0.0,2026-01-15,1,0.0,0.0,0.0,1,2026-01-16
U000206,PLN_BASIC,299.0,low,190,1,regular,high,28,440.62,31,45,-0.16666666666666696,5.5,0.0,0.0,0.0,2026-01-15,1,0.0,0.0,0.0,0,2026-01-16
U000207,PLN_PREM,799.0,high,65,1,premium,high,28,971.52,51,107,-0.16666666666666696,5.5,0.0,0.0,0.0,2026-01-15,1,0.0,0.0,0.0,0,2026-01-16
U000208,PLN_PREM,799.0,high,13,2,premium,high,13,366.67,16,34,3.5,5.5,1.0,0.0,0.0,2026-01-15,1,0.0,0.0,0.0,0,2026-01-16
U000209,PLN_STD,499.0,mid,190,3,value,high,28,325.86,22,39,-0.16666666666666696,5.5,0.0,0.0,0.0,2026-01-15,1,1.0,0.0,0.0,0,2026-01-16
U000210,PLN_BASIC,299.0,low,61,2,regular,high,27,803.97,44,96,-0.666666666666667,5.0,1.0,0.0,0.0,2026-01-15,1,1.0,0.0,0.0,0,2026-01-16
U000211,PLN_STD,499.0,mid,191,3,value,high,28,289.3,21,28,-0.16666666666666696,5.5,0.0,0.0,0.0,2026-01-15,1,1.0,0.0,0.0,0,2026-01-16
U000212,PLN_STD,499.0,mid,77,2,value,high,27,270.04,15,30,-0.666666666666667,5.0,0.0,0.0,0.0,2026-01-15,1,0.0,0.0,0.0,0,2026-01-16
U000213,PLN_STD,499.0,mid,58,1,regular,high,28,442.54999999999995,28,40,-0.16666666666666696,5.5,1.0,0.0,0.0,2026-01-15,1,1.0,0.0,0.0,0,2026-01-16
U000214,PLN_STD,499.0,mid,144,2,value,high,28,96.68,6,13,-0.16666666666666696,5.5,1.0,0.0,0.0,2026-01-15,1,1.0,0.0,0.0,1,2026-01-16
U000215,PLN_BASIC,299.0,low,72,2,value,high,27,185.53,13,26,-0.666666666666667,5.0,0.0,0.0,0.0,2026-01-15,1,1.0,0.0,0.0,0,2026-01-16
U000216,PLN_STD,499.0,mid,188,2,value,high,28,266.55,16,35,-0.16666666666666696,5.5,0.0,0.0,0.0,2026-01-15,1,1.0,0.0,0.0,0,2026-01-16
U000217,PLN_BASIC,299.0,low,237,2,regular,high,28,559.22,39,57,-0.16666666666666696,5.5,1.0,0.0,0.0,2026-01-15,1,1.0,0.0,0.0,0,2026-01-16
U000218,PLN_BASIC,299.0,low,232,1,value,high,28,228.46,14,26,-0.16666666666666696,5.5,1.0,0.0,0.0,2026-01-15,1,0.0,0.0,0.0,0,2026-01-16
U000219,PLN_PREM,799.0,high,144,2,regular,high,28,437.31,21,44,-0.16666666666666696,5.5,1.0,0.0,0.0,2026-01-15,1,1.0,0.0,0.0,0,2026-01-16
U000220,PLN_BASIC,299.0,low,30,1,value,high,28,256.14,23,24,-0.16666666666666696,5.5,1.0,0.0,0.0,2026-01-15,1,0.0,0.0,0.0,0,2026-01-16
U000221,PLN_STD,499.0,mid,224,3,premium,high,28,0.0,0,0,-0.16666666666666696,5.5,0.0,0.0,0.0,2026-01-15,1,0.0,0.0,0.0,1,2026-01-16
U000222,PLN_BASIC,299.0,low,142,1,value,high,28,322.18,25,38,-0.16666666666666696,5.5,1.0,0.0,0.0,2026-01-15,1,1.0,0.0,0.0,0,2026-01-16
U000223,PLN_STD,499.0,mid,80,1,regular,high,28,346.90999999999997,25,28,-0.16666666666666696,5.5,0.0,0.0,0.0,2026-01-15,1,0.0,0.0,0.0,0,2026-01-16
U000224,PLN_BASIC,299.0,low,206,2,value,high,28,133.26,7,11,-0.16666666666666696,5.5,1.0,0.0,0.0,2026-01-15,1,0.0,0.0,0.0,0,2026-01-16
U000225,PLN_STD,499.0,mid,75,2,value,high,28,309.05,15,34,-0.16666666666666696,5.5,0.0,0.0,0.0,2026-01-15,1,1.0,1.0,0.0,0,2026-01-16
U000226,PLN_BASIC,299.0,low,180,2,value,high,27,147.66,11,17,0.16666666666666696,5.5,1.0,0.0,0.0,2026-01-15,1,0.0,0.0,0.0,0,2026-01-16
U000227,PLN_BASIC,299.0,low,54,2,value,high,28,0.0,0,0,-0.16666666666666696,5.5,0.0,0.0,0.0,2026-01-15,1,0.0,0.0,0.0,1,2026-01-16
U000228,PLN_BASIC,299.0,low,111,3,value,high,27,0.0,0,0,-0.666666666666667,5.0,0.0,0.0,0.0,2026-01-15,1,0.0,0.0,0.0,1,2026-01-16
U000229,PLN_BASIC,299.0,low,119,2,regular,high,28,499.12,27,53,-0.16666666666666696,5.5,1.0,0.0,0.0,2026-01-15,1,1.0,0.0,0.0,0,2026-01-16
U000230,PLN_STD,499.0,mid,212,2,regular,high,27,0.0,0,0,-0.666666666666667,5.0,0.0,0.0,0.0,2026-01-15,1,0.0,0.0,0.0,1,2026-01-16
U000231,PLN_BASIC,299.0,low,140,2,value,high,28,0.0,0,0,-0.16666666666666696,5.5,0.0,0.0,0.0,2026-01-15,1,0.0,0.0,0.0,1,2026-01-16
U000232,PLN_PREM,799.0,high,41,1,regular,high,28,502.27,31,54,-0.16666666666666696,5.5,0.0,0.0,0.0,2026-01-15,1,1.0,0.0,0.0,0,2026-01-16
U000233,PLN_BASIC,299.0,low,252,2,regular,high,28,0.0,0,0,-0.16666666666666696,5.5,0.0,0.0,0.0,2026-01-15,1,0.0,0.0,0.0,1,2026-01-16
U000234,PLN_BASIC,299.0,low,66,1,value,high,27,74.7,9,5,-0.666666666666667,5.0,0.0,0.0,0.0,2026-01-14,2,0.0,0.0,0.0,1,2026-01-16
U000235,PLN_STD,499.0,mid,133,2,value,high,28,161.39999999999998,9,8,-0.16666666666666696,5.5,0.0,0.0,0.0,2026-01-15,1,1.0,0.0,0.0,0,2026-01-16
U000236,PLN_BASIC,299.0,low,76,1,value,high,28,0.0,0,0,-0.16666666666666696,5.5,0.0,0.0,0.0,2026-01-15,1,0.0,0.0,0.0,1,2026-01-16
U000237,PLN_BASIC,299.0,low,90,3,value,high,28,217.98999999999998,20,23,-0.16666666666666696,5.5,1.0,0.0,0.0,2026-01-15,1,0.0,0.0,0.0,0,2026-01-16
U000238,PLN_STD,499.0,mid,148,2,regular,high,28,712.76,55,73,-0.16666666666666696,5.5,2.0,1.0,0.5,2026-01-15,1,1.0,0.0,0.0,0,2026-01-16
U000239,PLN_STD,499.0,mid,179,3,premium,high,28,847.43,58,79,-0.16666666666666696,5.5,1.0,0.0,0.0,2026-01-15,1,0.0,0.0,0.0,1,2026-01-16
U000240,PLN_PREM,799.0,high,99,2,premium,high,28,721.5699999999999,50,85,-0.16666666666666696,5.5,0.0,0.0,0.0,2026-01-15,1,1.0,0.0,0.0,0,2026-01-16
U000241,PLN_PREM,799.0,high,221,1,premium,high,28,306.47,23,37,-0.16666666666666696,5.5,0.0,0.0,0.0,2026-01-15,1,1.0,0.0,0.0,1,2026-01-16
U000242,PLN_BASIC,299.0,low,110,3,regular,high,28,0.0,0,0,-0.16666666666666696,5.5,0.0,0.0,0.0,2026-01-15,1,2.0,0.0,0.0,1,2026-01-16
U000243,PLN_STD,499.0,mid,233,2,value,high,28,0.0,0,0,-0.16666666666666696,5.5,0.0,0.0,0.0,2026-01-15,1,0.0,0.0,0.0,1,2026-01-16
U000244,PLN_BASIC,299.0,low,93,3,value,high,28,0.0,0,0,-0.16666666666666696,5.5,0.0,0.0,0.0,2026-01-15,1,1.0,0.0,0.0,1,2026-01-16
U000245,PLN_STD,499.0,mid,99,2,value,high,28,240.01000000000002,17,30,-0.16666666666666696,5.5,0.0,0.0,0.0,2026-01-15,1,0.0,0.0,0.0,0,2026-01-16
U000246,PLN_BASIC,299.0,low,235,2,value,high,27,0.0,0,0,0.16666666666666696,5.5,0.0,0.0,0.0,2026-01-15,1,0.0,0.0,0.0,1,2026-01-16
U000247,PLN_BASIC,299.0,low,66,3,value,high,28,266.37,13,31,-0.16666666666666696,5.5,0.0,0.0,0.0,2026-01-15,1,0.0,0.0,0.0,1,2026-01-16
U000248,PLN_STD,499.0,mid,152,2,regular,high,27,533.85,33,58,0.16666666666666696,5.5,1.0,0.0,0.0,2026-01-15,1,0.0,0.0,0.0,0,2026-01-16
U000249,PLN_BASIC,299.0,low,59,2,value,high,28,123.57,13,19,-0.16666666666666696,5.5,1.0,0.0,0.0,2026-01-15,1,0.0,0.0,0.0,0,2026-01-16
U000250,PLN_STD,499.0,mid,246,2,value,high,27,0.0,0,0,0.16666666666666696,5.5,0.0,0.0,0.0,2026-01-15,1,0.0,0.0,0.0,1,2026-01-16
U000251,PLN_STD,499.0,mid,211,2,regular,high,28,310.12,20,41,-0.16666666666666696,5.5,1.0,0.0,0.0,2026-01-15,1,0.0,0.0,0.0,0,2026-01-16
U000252,PLN_BASIC,299.0,low,133,3,value,high,28,317.88,23,47,-0.16666666666666696,5.5,0.0,0.0,0.0,2026-01-15,1,1.0,0.0,0.0,0,2026-01-16
U000253,PLN_STD,499.0,mid,209,2,premium,high,28,821.33,52,79,-0.16666666666666696,5.5,1.0,0.0,0.0,2026-01-15,1,0.0,0.0,0.0,0,2026-01-16
U000254,PLN_STD,499.0,mid,174,2,value,high,27,288.1,17,29,0.16666666666666696,5.5,1.0,0.0,0.0,2026-01-15,1,0.0,0.0,0.0,0,2026-01-16
U000255,PLN_STD,499.0,mid,91,3,regular,high,28,472.4,47,45,-0.16666666666666696,5.5,1.0,0.0,0.0,2026-01-15,1,0.0,0.0,0.0,0,2026-01-16
U000256,PLN_BASIC,299.0,low,220,2,value,high,27,0.0,0,0,-0.666666666666667,5.0,0.0,0.0,0.0,2026-01-15,1,0.0,0.0,0.0,1,2026-01-16
U000257,PLN_STD,499.0,mid,86,2,regular,high,28,512.2,27,61,-0.16666666666666696,5.5,1.0,0.0,0.0,2026-01-15,1,0.0,0.0,0.0,0,2026-01-16
U000258,PLN_BASIC,299.0,low,231,2,value,high,28,169.32999999999998,14,20,-0.16666666666666696,5.5,1.0,0.0,0.0,2026-01-15,1,0.0,0.0,0.0,0,2026-01-16
U000259,PLN_BASIC,299.0,low,213,1,value,high,26,288.9,21,31,0.5,5.5,0.0,0.0,0.0,2026-01-15,1,2.0,0.0,0.0,0,2026-01-16
U000260,PLN_STD,499.0,mid,109,2,regular,high,28,327.83,17,37,-0.16666666666666696,5.5,0.0,0.0,0.0,2026-01-15,1,1.0,0.0,0.0,0,2026-01-16
U000261,PLN_BASIC,299.0,low,57,1,value,high,28,258.21,21,34,-0.16666666666666696,5.5,1.0,0.0,0.0,2026-01-15,1,0.0,0.0,0.0,0,2026-01-16
U000262,PLN_STD,499.0,mid,214,1,value,high,27,290.06,22,31,-0.666666666666667,5.0,0.0,0.0,0.0,2026-01-15,1,1.0,1.0,0.0,0,2026-01-16
U000263,PLN_STD,499.0,mid,181,2,premium,high,28,1000.41,67,106,-0.16666666666666696,5.5,1.0,0.0,0.0,2026-01-15,1,1.0,0.0,0.0,0,2026-01-16
U000264,PLN_STD,499.0,mid,24,2,value,high,24,120.44999999999999,7,14,-1.0,5.5,1.0,0.0,0.0,2026-01-15,1,0.0,0.0,0.0,1,2026-01-16
U000265,PLN_PREM,799.0,high,8,3,regular,high,8,212.19,8,22,4.0,4.0,1.0,0.0,0.0,2026-01-15,1,0.0,0.0,0.0,0,2026-01-16
U000266,PLN_BASIC,299.0,low,111,2,regular,high,28,202.59,14,23,-0.16666666666666696,5.5,0.0,0.0,0.0,2026-01-15,1,0.0,0.0,0.0,1,2026-01-16
U000267,PLN_BASIC,299.0,low,144,1,value,high,28,218.8,16,21,-0.16666666666666696,5.5,1.0,0.0,0.0,2026-01-15,1,1.0,0.0,0.0,0,2026-01-16
U000268,PLN_STD,499.0,mid,169,3,regular,high,27,610.63,36,66,0.16666666666666696,5.5,1.0,0.0,0.0,2026-01-15,1,0.0,0.0,0.0,0,2026-01-16
U000269,PLN_BASIC,299.0,low,103,1,value,high,28,134.6,6,12,-0.16666666666666696,5.5,0.0,0.0,0.0,2026-01-15,1,0.0,0.0,0.0,0,2026-01-16
U000270,PLN_STD,499.0,mid,108,1,regular,high,28,516.43,31,39,-0.16666666666666696,5.5,1.0,0.0,0.0,2026-01-15,1,1.0,0.0,0.0,1,2026-01-16
U000271,PLN_BASIC,299.0,low,183,2,value,high,28,283.81,25,35,-0.16666666666666696,5.5,0.0,0.0,0.0,2026-01-15,1,1.0,0.0,0.0,0,2026-01-16
U000272,PLN_BASIC,299.0,low,251,2,value,high,28,0.0,0,0,-0.16666666666666696,5.5,0.0,0.0,0.0,2026-01-15,1,1.0,0.0,0.0,1,2026-01-16
U000273,PLN_BASIC,299.0,low,218,3,value,high,28,183.24,15,26,-0.16666666666666696,5.5,0.0,0.0,0.0,2026-01-15,1,1.0,0.0,0.0,0,2026-01-16
U000274,PLN_STD,499.0,mid,16,3,premium,high,16,368.47,21,39,0.5,5.5,1.0,0.0,0.0,2026-01-15,1,0.0,0.0,0.0,0,2026-01-16
U000275,PLN_BASIC,299.0,low,152,2,regular,high,28,616.25,36,42,-0.16666666666666696,5.5,0.0,0.0,0.0,2026-01-15,1,1.0,0.0,0.0,0,2026-01-16
U000276,PLN_STD,499.0,mid,135,1,premium,high,27,857.63,46,89,-0.666666666666667,5.0,0.0,0.0,0.0,2026-01-15,1,1.0,0.0,0.0,0,2026-01-16
U000277,PLN_STD,499.0,mid,139,2,regular,high,28,0.0,0,0,-0.16666666666666696,5.5,0.0,0.0,0.0,2026-01-15,1,1.0,1.0,0.0,1,2026-01-16
U000278,PLN_PREM,799.0,high,60,2,regular,high,27,614.3199999999999,40,67,0.16666666666666696,5.5,1.0,0.0,0.0,2026-01-15,1,1.0,0.0,0.0,0,2026-01-16
U000279,PLN_STD,499.0,mid,240,1,regular,high,28,0.0,0,0,-0.16666666666666696,5.5,0.0,0.0,0.0,2026-01-15,1,0.0,0.0,0.0,1,2026-01-16
U000280,PLN_STD,499.0,mid,236,2,premium,high,28,715.83,49,72,-0.16666666666666696,5.5,1.0,1.0,1.0,2026-01-15,1,1.0,0.0,0.0,0,2026-01-16
U000281,PLN_PREM,799.0,high,187,2,regular,high,28,388.36,25,51,-0.16666666666666696,5.5,0.0,0.0,0.0,2026-01-15,1,0.0,0.0,0.0,0,2026-01-16
U000282,PLN_BASIC,299.0,low,134,1,value,high,28,351.42,23,39,-0.16666666666666696,5.5,0.0,0.0,0.0,2026-01-15,1,1.0,0.0,0.0,0,2026-01-16
U000283,PLN_STD,499.0,mid,88,2,regular,high,28,537.83,40,60,-0.16666666666666696,5.5,1.0,0.0,0.0,2026-01-15,1,1.0,0.0,0.0,0,2026-01-16
U000284,PLN_STD,499.0,mid,133,2,regular,high,27,312.57,20,27,0.16666666666666696,5.5,0.0,0.0,0.0,2026-01-15,1,0.0,0.0,0.0,1,2026-01-16
U000285,PLN_BASIC,299.0,low,146,1,value,high,27,221.29999999999998,14,18,-0.666666666666667,5.0,1.0,0.0,0.0,2026-01-15,1,0.0,0.0,0.0,0,2026-01-16
U000286,PLN_BASIC,299.0,low,21,2,regular,high,21,331.06,22,33,0.5,5.5,1.0,1.0,1.0,2026-01-15,1,0.0,0.0,0.0,1,2026-01-16
U000287,PLN_STD,499.0,mid,216,3,value,high,25,350.2840555898864,23,33,0.833333333333333,5.5,0.0,0.0,0.0,2026-01-15,1,1.0,1.0,0.0,0,2026-01-16
U000288,PLN_STD,499.0,mid,113,2,regular,high,28,443.28,22,46,-0.16666666666666696,5.5,1.0,0.0,0.0,2026-01-15,1,0.0,0.0,0.0,0,2026-01-16
U000289,PLN_BASIC,299.0,low,120,3,value,high,28,0.0,0,0,-0.16666666666666696,5.5,0.0,0.0,0.0,2026-01-15,1,0.0,0.0,0.0,1,2026-01-16
U000290,PLN_STD,499.0,mid,138,2,regular,high,28,619.9648561963969,27,39,-0.16666666666666696,5.5,0.0,0.0,0.0,2026-01-15,1,1.0,0.0,0.0,0,2026-01-16
U000291,PLN_BASIC,299.0,low,54,3,regular,high,28,32.25,1,2,-0.16666666666666696,5.5,0.0,0.0,0.0,2026-01-15,1,0.0,0.0,0.0,1,2026-01-16
U000292,PLN_BASIC,299.0,low,189,1,regular,high,27,466.8,38,46,0.16666666666666696,5.5,0.0,0.0,0.0,2026-01-15,1,0.0,0.0,0.0,0,2026-01-16
U000293,PLN_BASIC,299.0,low,17,2,value,high,17,167.84,12,20,-0.5,5.5,1.0,0.0,0.0,2026-01-15,1,0.0,0.0,0.0,1,2026-01-16
U000294,PLN_PREM,799.0,high,173,1,premium,high,28,1158.53,71,113,-0.16666666666666696,5.5,1.0,0.0,0.0,2026-01-15,1,0.0,0.0,0.0,0,2026-01-16
U000295,PLN_PREM,799.0,high,120,2,regular,high,28,525.12,41,62,-0.16666666666666696,5.5,2.0,1.0,0.5,2026-01-15,1,0.0,0.0,0.0,0,2026-01-16
U000296,PLN_BASIC,299.0,low,126,2,value,high,28,171.11,10,19,-0.16666666666666696,5.5,0.0,0.0,0.0,2026-01-15,1,1.0,0.0,0.0,0,2026-01-16
U000297,PLN_STD,499.0,mid,43,1,value,high,28,180.04,15,24,-0.16666666666666696,5.5,0.0,0.0,0.0,2026-01-15,1,0.0,0.0,0.0,0,2026-01-16
U000298,PLN_BASIC,299.0,low,146,3,value,high,28,0.0,0,0,-0.16666666666666696,5.5,0.0,0.0,0.0,2026-01-15,1,0.0,0.0,0.0,1,2026-01-16
U000299,PLN_BASIC,299.0,low,185,2,value,high,28,227.01,16,26,-0.16666666666666696,5.5,0.0,0.0,0.0,2026-01-15,1,1.0,0.0,0.0,0,2026-01-16
U000300,PLN_BASIC,299.0,low,251,2,regular,high,28,561.5799999999999,38,71,-0.16666666666666696,5.5,0.0,0.0,0.0,2026-01-15,1,0.0,0.0,0.0,0,2026-01-16
U000301,PLN_STD,499.0,mid,165,1,premium,high,28,548.39,39,47,-0.16666666666666696,5.5,0.0,0.0,0.0,2026-01-15,1,1.0,0.0,0.0,0,2026-01-16
U000302,PLN_BASIC,299.0,low,49,2,regular,high,27,410.980465347146,24,30,0.16666666666666696,5.5,0.0,0.0,0.0,2026-01-15,1,0.0,0.0,0.0,0,2026-01-16
U000303,PLN_STD,499.0,mid,254,2,regular,high,28,658.36,56,83,-0.16666666666666696,5.5,0.0,0.0,0.0,2026-01-15,1,0.0,0.0,0.0,0,2026-01-16
U000304,PLN_STD,499.0,mid,32,2,regular,high,28,497.85,35,47,-0.16666666666666696,5.5,0.0,0.0,0.0,2026-01-15,1,2.0,1.0,0.0,0,2026-01-16
U000305,PLN_STD,499.0,mid,120,1,regular,high,28,521.48,32,70,-0.16666666666666696,5.5,2.0,1.0,0.5,2026-01-15,1,0.0,0.0,0.0,0,2026-01-16
U000306,PLN_STD,499.0,mid,221,3,regular,high,28,509.09999999999997,33,60,-0.16666666666666696,5.5,0.0,0.0,0.0,2026-01-15,1,0.0,0.0,0.0,0,2026-01-16
U000307,PLN_BASIC,299.0,low,181,3,value,high,28,193.39,15,21,-0.16666666666666696,5.5,0.0,0.0,0.0,2026-01-15,1,0.0,0.0,0.0,0,2026-01-16
U000308,PLN_STD,499.0,mid,117,2,premium,high,28,702.18,41,63,-0.16666666666666696,5.5,1.0,0.0,0.0,2026-01-15,1,1.0,0.0,0.0,0,2026-01-16
U000309,PLN_STD,499.0,mid,177,2,regular,high,28,36.870000000000005,2,6,-0.16666666666666696,5.5,0.0,0.0,0.0,2026-01-15,1,0.0,0.0,0.0,1,2026-01-16
U000310,PLN_PREM,799.0,high,229,3,regular,high,27,490.56,29,49,0.16666666666666696,5.5,0.0,0.0,0.0,2026-01-15,1,0.0,0.0,0.0,0,2026-01-16
U000311,PLN_PREM,799.0,high,89,3,premium,high,28,700.6800000000001,34,67,-0.16666666666666696,5.5,1.0,0.0,0.0,2026-01-15,1,3.0,1.0,0.0,0,2026-01-16
U000312,PLN_STD,499.0,mid,88,2,regular,high,28,0.0,0,0,-0.16666666666666696,5.5,0.0,0.0,0.0,2026-01-15,1,1.0,0.0,0.0,1,2026-01-16
U000313,PLN_STD,499.0,mid,227,3,value,high,27,227.67000000000002,17,23,0.16666666666666696,5.5,0.0,0.0,0.0,2026-01-15,1,0.0,0.0,0.0,0,2026-01-16
U000314,PLN_STD,499.0,mid,186,3,regular,high,28,158.03,11,21,-0.16666666666666696,5.5,0.0,0.0,0.0,2026-01-15,1,0.0,0.0,0.0,1,2026-01-16
U000315,PLN_STD,499.0,mid,195,3,value,high,28,233.97,19,24,-0.16666666666666696,5.5,0.0,0.0,0.0,2026-01-15,1,0.0,0.0,0.0,0,2026-01-16
U000316,PLN_BASIC,299.0,low,91,2,regular,high,27,276.28,14,27,0.16666666666666696,5.5,1.0,0.0,0.0,2026-01-15,1,0.0,0.0,0.0,0,2026-01-16
U000317,PLN_BASIC,299.0,low,73,1,value,high,27,0.0,0,0,0.16666666666666696,5.5,0.0,0.0,0.0,2026-01-15,1,1.0,0.0,0.0,1,2026-01-16
U000318,PLN_PREM,799.0,high,74,1,regular,high,28,778.2,50,97,-0.16666666666666696,5.5,0.0,0.0,0.0,2026-01-15,1,1.0,0.0,0.0,0,2026-01-16
U000319,PLN_PREM,799.0,high,21,2,premium,high,21,451.68,24,39,0.5,5.5,1.0,0.0,0.0,2026-01-15,1,0.0,0.0,0.0,0,2026-01-16
U000320,PLN_BASIC,299.0,low,64,2,value,high,28,159.39999999999998,12,16,-0.16666666666666696,5.5,1.0,1.0,1.0,2026-01-15,1,0.0,0.0,0.0,1,2026-01-16
U000321,PLN_BASIC,299.0,low,176,2,regular,high,27,0.0,0,0,0.16666666666666696,5.5,0.0,0.0,0.0,2026-01-15,1,0.0,0.0,0.0,1,2026-01-16
U000322,PLN_BASIC,299.0,low,229,2,regular,high,28,709.64,43,77,-0.16666666666666696,5.5,0.0,0.0,0.0,2026-01-15,1,0.0,0.0,0.0,0,2026-01-16
U000323,PLN_STD,499.0,mid,102,2,regular,high,27,554.5699999999999,39,66,0.16666666666666696,5.5,0.0,0.0,0.0,2026-01-15,1,1.0,0.0,0.0,0,2026-01-16
U000324,PLN_BASIC,299.0,low,27,3,value,high,26,290.86,15,30,0.5,5.5,1.0,1.0,1.0,2026-01-15,1,1.0,0.0,0.0,1,2026-01-16
U000325,PLN_BASIC,299.0,low,12,1,value,high,12,99.77000000000001,8,9,4.5,5.5,1.0,0.0,0.0,2026-01-15,1,0.0,0.0,0.0,1,2026-01-16
U000326,PLN_BASIC,299.0,low,199,1,regular,high,28,142.75,14,8,-0.16666666666666696,5.5,0.0,0.0,0.0,2026-01-15,1,1.0,1.0,0.0,1,2026-01-16
U000327,PLN_STD,499.0,mid,197,3,regular,high,27,590.8,40,76,0.16666666666666696,5.5,1.0,0.0,0.0,2026-01-15,1,0.0,0.0,0.0,0,2026-01-16
U000328,PLN_PREM,799.0,high,247,3,regular,high,28,494.96000000000004,25,43,-0.16666666666666696,5.5,0.0,0.0,0.0,2026-01-15,1,1.0,0.0,0.0,0,2026-01-16
U000329,PLN_BASIC,299.0,low,221,3,value,high,27,101.22,7,13,-0.666666666666667,5.0,0.0,0.0,0.0,2026-01-15,1,0.0,0.0,0.0,1,2026-01-16
U000330,PLN_BASIC,299.0,low,117,3,regular,high,27,499.3,32,47,0.16666666666666696,5.5,1.0,0.0,0.0,2026-01-15,1,0.0,0.0,0.0,0,2026-01-16
U000331,PLN_BASIC,299.0,low,119,3,value,high,28,213.24,12,18,-0.16666666666666696,5.5,1.0,0.0,0.0,2026-01-15,1,0.0,0.0,0.0,0,2026-01-16
U000332,PLN_STD,499.0,mid,163,2,value,high,27,0.0,0,0,-0.666666666666667,5.0,0.0,0.0,0.0,2026-01-15,1,0.0,0.0,0.0,1,2026-01-16
U000333,PLN_BASIC,299.0,low,179,2,regular,high,27,321.88,17,24,0.16666666666666696,5.5,1.0,0.0,0.0,2026-01-15,1,0.0,0.0,0.0,0,2026-01-16
U000334,PLN_BASIC,299.0,low,48,2,value,high,28,363.53,24,40,-0.16666666666666696,5.5,0.0,0.0,0.0,2026-01-15,1,1.0,0.0,0.0,0,2026-01-16
U000335,PLN_BASIC,299.0,low,141,2,regular,high,28,0.0,0,0,-0.16666666666666696,5.5,0.0,0.0,0.0,2026-01-15,1,0.0,0.0,0.0,1,2026-01-16
U000336,PLN_PREM,799.0,high,54,3,premium,high,28,729.22,43,70,-0.16666666666666696,5.5,1.0,0.0,0.0,2026-01-15,1,0.0,0.0,0.0,0,2026-01-16
U000337,PLN_STD,499.0,mid,15,2,regular,high,15,375.21000000000004,21,31,1.5,5.5,1.0,0.0,0.0,2026-01-15,1,0.0,0.0,0.0,0,2026-01-16
U000338,PLN_BASIC,299.0,low,177,2,regular,high,27,649.09,36,62,0.16666666666666696,5.5,1.0,0.0,0.0,2026-01-15,1,0.0,0.0,0.0,0,2026-01-16
U000339,PLN_BASIC,299.0,low,206,2,value,high,27,209.85999999999999,19,23,-0.666666666666667,5.0,1.0,0.0,0.0,2026-01-15,1,1.0,0.0,0.0,0,2026-01-16
U000340,PLN_BASIC,299.0,low,17,1,value,high,17,132.81,10,15,-0.5,5.5,1.0,0.0,0.0,2026-01-15,1,0.0,0.0,0.0,0,2026-01-16
U000341,PLN_BASIC,299.0,low,97,1,value,high,27,220.3,18,30,-0.666666666666667,5.0,0.0,0.0,0.0,2026-01-15,1,1.0,0.0,0.0,0,2026-01-16
U000342,PLN_STD,499.0,mid,183,1,regular,high,27,314.75,21,38,0.16666666666666696,5.5,1.0,0.0,0.0,2026-01-15,1,1.0,0.0,0.0,0,2026-01-16
U000343,PLN_PREM,799.0,high,100,3,regular,high,28,623.51,36,73,-0.16666666666666696,5.5,0.0,0.0,0.0,2026-01-15,1,0.0,0.0,0.0,0,2026-01-16
U000344,PLN_BASIC,299.0,low,127,2,value,high,28,331.34,24,46,-0.16666666666666696,5.5,0.0,0.0,0.0,2026-01-15,1,0.0,0.0,0.0,0,2026-01-16
U000345,PLN_BASIC,299.0,low,29,3,value,high,28,154.18,14,17,-0.16666666666666696,5.5,1.0,0.0,0.0,2026-01-15,1,1.0,0.0,0.0,1,2026-01-16
U000346,PLN_BASIC,299.0,low,192,2,value,high,28,212.66,17,26,-0.16666666666666696,5.5,0.0,0.0,0.0,2026-01-15,1,0.0,0.0,0.0,0,2026-01-16
U000347,PLN_BASIC,299.0,low,8,1,regular,high,8,166.1,13,19,4.0,4.0,2.0,1.0,0.5,2026-01-15,1,0.0,0.0,0.0,0,2026-01-16
U000348,PLN_BASIC,299.0,low,22,1,regular,high,22,368.07000000000005,23,40,0.0,5.5,1.0,0.0,0.0,2026-01-15,1,0.0,0.0,0.0,1,2026-01-16
U000349,PLN_STD,499.0,mid,211,3,regular,high,28,470.89,25,53,-0.16666666666666696,5.5,0.0,0.0,0.0,2026-01-15,1,1.0,0.0,0.0,0,2026-01-16
U000350,PLN_PREM,799.0,high,215,2,premium,high,28,750.61,36,85,-0.16666666666666696,5.5,0.0,0.0,0.0,2026-01-15,1,1.0,0.0,0.0,0,2026-01-16
U000351,PLN_BASIC,299.0,low,123,3,value,high,28,245.47,18,20,-0.16666666666666696,5.5,0.0,0.0,0.0,2026-01-15,1,1.0,0.0,0.0,0,2026-01-16
U000352,PLN_STD,499.0,mid,245,1,regular,high,28,0.0,0,0,-0.16666666666666696,5.5,0.0,0.0,0.0,2026-01-15,1,0.0,0.0,0.0,1,2026-01-16
U000353,PLN_BASIC,299.0,low,182,2,regular,high,28,492.78,26,47,-0.16666666666666696,5.5,1.0,0.0,0.0,2026-01-15,1,0.0,0.0,0.0,0,2026-01-16
U000354,PLN_BASIC,299.0,low,147,3,value,high,28,200.68,12,12,-0.16666666666666696,5.5,1.0,0.0,0.0,2026-01-15,1,0.0,0.0,0.0,0,2026-01-16
U000355,PLN_STD,499.0,mid,13,1,premium,high,13,489.25,21,42,3.5,5.5,1.0,0.0,0.0,2026-01-15,1,0.0,0.0,0.0,0,2026-01-16
U000356,PLN_STD,499.0,mid,7,2,value,high,7,40.28,5,5,3.5,3.5,1.0,0.0,0.0,2026-01-15,1,0.0,0.0,0.0,0,2026-01-16
U000357,PLN_PREM,799.0,high,218,3,regular,high,28,0.0,0,0,-0.16666666666666696,5.5,0.0,0.0,0.0,2026-01-15,1,0.0,0.0,0.0,1,2026-01-16
U000358,PLN_STD,499.0,mid,33,2,regular,high,28,520.56,19,60,-0.16666666666666696,5.5,0.0,0.0,0.0,2026-01-15,1,1.0,0.0,0.0,0,2026-01-16
U000359,PLN_PREM,799.0,high,234,2,premium,high,27,838.9200000000001,44,75,0.16666666666666696,5.5,1.0,0.0,0.0,2026-01-15,1,0.0,0.0,0.0,0,2026-01-16
U000360,PLN_STD,499.0,mid,69,2,regular,high,27,705.56,39,88,0.16666666666666696,5.5,0.0,0.0,0.0,2026-01-15,1,0.0,0.0,0.0,0,2026-01-16
U000361,PLN_BASIC,299.0,low,44,2,value,high,28,88.63,3,14,-0.16666666666666696,5.5,0.0,0.0,0.0,2026-01-15,1,1.0,0.0,0.0,1,2026-01-16
U000362,PLN_BASIC,299.0,low,33,3,regular,high,28,356.31,17,40,-0.16666666666666696,5.5,0.0,0.0,0.0,2026-01-15,1,0.0,0.0,0.0,1,2026-01-16
U000363,PLN_STD,499.0,mid,200,3,regular,high,28,540.23,32,44,-0.16666666666666696,5.5,1.0,0.0,0.0,2026-01-15,1,0.0,0.0,0.0,0,2026-01-16
U000364,PLN_STD,499.0,mid,32,2,regular,high,27,493.8,35,39,-0.666666666666667,5.0,0.0,0.0,0.0,2026-01-15,1,1.0,1.0,0.0,0,2026-01-16
U000365,PLN_BASIC,299.0,low,227,3,regular,high,28,370.99,23,42,-0.16666666666666696,5.5,0.0,0.0,0.0,2026-01-15,1,1.0,0.0,0.0,0,2026-01-16
U000366,PLN_BASIC,299.0,low,126,1,value,high,27,231.93,20,24,0.16666666666666696,5.5,0.0,0.0,0.0,2026-01-15,1,1.0,0.0,0.0,0,2026-01-16
U000367,PLN_STD,499.0,mid,139,1,regular,high,28,515.67,41,57,-0.16666666666666696,5.5,0.0,0.0,0.0,2026-01-15,1,1.0,0.0,0.0,0,2026-01-16
U000368,PLN_PREM,799.0,high,177,2,premium,high,27,1043.3,63,108,-0.666666666666667,5.0,1.0,0.0,0.0,2026-01-14,2,1.0,0.0,0.0,0,2026-01-16
U000369,PLN_BASIC,299.0,low,251,3,value,high,28,154.0,15,20,-0.16666666666666696,5.5,0.0,0.0,0.0,2026-01-15,1,1.0,0.0,0.0,0,2026-01-16
U000370,PLN_BASIC,299.0,low,63,1,regular,high,27,465.19,34,48,0.16666666666666696,5.5,0.0,0.0,0.0,2026-01-15,1,0.0,0.0,0.0,0,2026-01-16
U000371,PLN_STD,499.0,mid,172,1,premium,high,28,987.0,63,101,-0.16666666666666696,5.5,1.0,0.0,0.0,2026-01-15,1,0.0,0.0,0.0,0,2026-01-16
U000372,PLN_STD,499.0,mid,90,2,regular,high,27,340.5,20,32,-0.666666666666667,5.0,1.0,0.0,0.0,2026-01-15,1,1.0,0.0,0.0,0,2026-01-16
U000373,PLN_PREM,799.0,high,154,3,premium,high,28,1034.8899999999999,54,99,-0.16666666666666696,5.5,2.0,1.0,0.5,2026-01-15,1,0.0,0.0,0.0,0,2026-01-16
U000374,PLN_STD,499.0,mid,163,1,regular,high,28,312.79,20,42,-0.16666666666666696,5.5,0.0,0.0,0.0,2026-01-15,1,1.0,0.0,0.0,1,2026-01-16
U000375,PLN_PREM,799.0,high,34,2,premium,high,28,807.87,45,78,-0.16666666666666696,5.5,0.0,0.0,0.0,2026-01-15,1,1.0,0.0,0.0,0,2026-01-16
U000376,PLN_STD,499.0,mid,233,2,value,high,28,240.68,22,24,-0.16666666666666696,5.5,1.0,0.0,0.0,2026-01-15,1,0.0,0.0,0.0,0,2026-01-16
U000377,PLN_PREM,799.0,high,72,2,regular,high,28,360.8,24,32,-0.16666666666666696,5.5,0.0,0.0,0.0,2026-01-15,1,0.0,0.0,0.0,1,2026-01-16
U000378,PLN_BASIC,299.0,low,69,1,regular,high,27,786.01,43,78,0.16666666666666696,5.5,0.0,0.0,0.0,2026-01-15,1,1.0,0.0,0.0,0,2026-01-16
U000379,PLN_STD,499.0,mid,161,1,regular,high,28,560.63,35,57,-0.16666666666666696,5.5,0.0,0.0,0.0,2026-01-15,1,1.0,0.0,0.0,0,2026-01-16
U000380,PLN_STD,499.0,mid,191,2,premium,high,28,675.8199999999999,50,61,-0.16666666666666696,5.5,0.0,0.0,0.0,2026-01-15,1,0.0,0.0,0.0,0,2026-01-16
U000381,PLN_PREM,799.0,high,255,2,regular,high,28,533.86,29,62,-0.16666666666666696,5.5,0.0,0.0,0.0,2026-01-15,1,0.0,0.0,0.0,0,2026-01-16
U000382,PLN_BASIC,299.0,low,21,3,regular,high,19,196.07999999999998,10,21,0.5,5.0,1.0,0.0,0.0,2026-01-15,1,0.0,0.0,0.0,0,2026-01-16
U000383,PLN_BASIC,299.0,low,19,2,regular,high,19,165.8,17,12,1.5,5.5,1.0,0.0,0.0,2026-01-15,1,1.0,0.0,0.0,0,2026-01-16
U000384,PLN_STD,499.0,mid,196,2,regular,high,28,0.0,0,0,-0.16666666666666696,5.5,0.0,0.0,0.0,2026-01-15,1,0.0,0.0,0.0,1,2026-01-16
U000385,PLN_STD,499.0,mid,248,3,regular,high,28,504.56,22,61,-0.16666666666666696,5.5,0.0,0.0,0.0,2026-01-15,1,2.0,0.0,0.0,0,2026-01-16
U000386,PLN_BASIC,299.0,low,226,2,value,high,27,0.0,0,0,0.16666666666666696,5.5,0.0,0.0,0.0,2026-01-15,1,0.0,0.0,0.0,1,2026-01-16
U000387,PLN_STD,499.0,mid,240,2,regular,high,27,901.62,51,81,-0.666666666666667,5.0,1.0,0.0,0.0,2026-01-15,1,0.0,0.0,0.0,0,2026-01-16
U000388,PLN_PREM,799.0,high,48,3,premium,high,28,1236.34,90,109,-0.16666666666666696,5.5,0.0,0.0,0.0,2026-01-15,1,0.0,0.0,0.0,0,2026-01-16
U000389,PLN_STD,499.0,mid,33,1,regular,high,28,391.76,30,42,-0.16666666666666696,5.5,1.0,0.0,0.0,2026-01-15,1,0.0,0.0,0.0,0,2026-01-16
U000390,PLN_STD,499.0,mid,218,2,regular,high,28,447.1,31,37,-0.16666666666666696,5.5,0.0,0.0,0.0,2026-01-15,1,0.0,0.0,0.0,0,2026-01-16
U000391,PLN_BASIC,299.0,low,69,3,regular,high,25,344.27000000000004,21,38,-1.666666666666667,4.0,0.0,0.0,0.0,2026-01-15,1,1.0,0.0,0.0,0,2026-01-16
U000392,PLN_BASIC,299.0,low,212,1,regular,high,28,457.26,33,50,-0.16666666666666696,5.5,1.0,0.0,0.0,2026-01-15,1,0.0,0.0,0.0,0,2026-01-16
U000393,PLN_BASIC,299.0,low,164,2,value,high,28,0.0,0,0,-0.16666666666666696,5.5,0.0,0.0,0.0,2026-01-15,1,0.0,0.0,0.0,1,2026-01-16
U000394,PLN_STD,499.0,mid,106,1,regular,high,28,0.0,0,0,-0.16666666666666696,5.5,0.0,0.0,0.0,2026-01-15,1,0.0,0.0,0.0,1,2026-01-16
U000395,PLN_STD,499.0,mid,76,1,regular,high,27,107.57,6,9,0.16666666666666696,5.5,0.0,0.0,0.0,2026-01-15,1,1.0,0.0,0.0,1,2026-01-16
U000396,PLN_BASIC,299.0,low,37,2,value,high,28,244.26,18,25,-0.16666666666666696,5.5,0.0,0.0,0.0,2026-01-15,1,1.0,1.0,0.0,0,2026-01-16
U000397,PLN_BASIC,299.0,low,245,2,value,high,28,271.22,14,23,-0.16666666666666696,5.5,0.0,0.0,0.0,2026-01-15,1,0.0,0.0,0.0,0,2026-01-16
U000398,PLN_STD,499.0,mid,207,3,regular,high,27,378.27,27,38,0.16666666666666696,5.5,1.0,0.0,0.0,2026-01-15,1,0.0,0.0,0.0,0,2026-01-16
U000399,PLN_BASIC,299.0,low,186,3,regular,high,28,477.81,28,50,-0.16666666666666696,5.5,0.0,0.0,0.0,2026-01-15,1,0.0,0.0,0.0,0,2026-01-16
U000400,PLN_STD,499.0,mid,179,3,regular,high,27,0.0,0,0,0.16666666666666696,5.5,0.0,0.0,0.0,2026-01-15,1,1.0,0.0,0.0,1,2026-01-16
U000401,PLN_BASIC,299.0,low,6,2,value,high,6,62.89,5,4,3.0,3.0,0.0,0.0,0.0,2026-01-15,1,0.0,0.0,0.0,1,2026-01-16
U000402,PLN_STD,499.0,mid,61,2,regular,high,28,605.82,45,58,-0.16666666666666696,5.5,1.0,0.0,0.0,2026-01-15,1,1.0,0.0,0.0,0,2026-01-16
U000403,PLN_PREM,799.0,high,176,2,regular,high,28,375.43,19,40,-0.16666666666666696,5.5,1.0,0.0,0.0,2026-01-15,1,0.0,0.0,0.0,0,2026-01-16
U000404,PLN_BASIC,299.0,low,13,1,regular,high,12,219.51999999999998,11,23,3.0,5.0,1.0,1.0,1.0,2026-01-15,1,0.0,0.0,0.0,1,2026-01-16
U000405,PLN_BASIC,299.0,low,131,3,regular,high,28,408.6,26,33,-0.16666666666666696,5.5,0.0,0.0,0.0,2026-01-15,1,1.0,0.0,0.0,0,2026-01-16
U000406,PLN_BASIC,299.0,low,131,2,value,high,28,0.0,0,0,-0.16666666666666696,5.5,0.0,0.0,0.0,2026-01-15,1,0.0,0.0,0.0,1,2026-01-16
U000407,PLN_PREM,799.0,high,148,1,premium,high,28,0.0,0,0,-0.16666666666666696,5.5,0.0,0.0,0.0,2026-01-15,1,1.0,0.0,0.0,1,2026-01-16
U000408,PLN_BASIC,299.0,low,220,3,value,high,27,136.91,12,18,-0.666666666666667,5.0,0.0,0.0,0.0,2026-01-15,1,1.0,0.0,0.0,0,2026-01-16
U000409,PLN_STD,499.0,mid,22,2,regular,high,21,395.31,26,38,-0.5,5.0,1.0,0.0,0.0,2026-01-15,1,0.0,0.0,0.0,0,2026-01-16
U000410,PLN_BASIC,299.0,low,253,1,value,high,28,91.83,6,7,-0.16666666666666696,5.5,0.0,0.0,0.0,2026-01-15,1,0.0,0.0,0.0,1,2026-01-16
U000411,PLN_PREM,799.0,high,213,1,regular,high,28,535.96,34,48,-0.16666666666666696,5.5,1.0,0.0,0.0,2026-01-15,1,0.0,0.0,0.0,0,2026-01-16
U000412,PLN_BASIC,299.0,low,199,2,value,high,28,118.13,8,12,-0.16666666666666696,5.5,1.0,0.0,0.0,2026-01-15,1,1.0,1.0,0.0,0,2026-01-16
U000413,PLN_STD,499.0,mid,186,3,premium,high,28,0.0,0,0,-0.16666666666666696,5.5,0.0,0.0,0.0,2026-01-15,1,0.0,0.0,0.0,1,2026-01-16
U000414,PLN_STD,499.0,mid,223,1,regular,high,28,887.2095524546327,33,55,-0.16666666666666696,5.5,0.0,0.0,0.0,2026-01-15,1,0.0,0.0,0.0,0,2026-01-16
U000415,PLN_BASIC,299.0,low,252,3,regular,high,28,338.59,24,34,-0.16666666666666696,5.5,0.0,0.0,0.0,2026-01-15,1,0.0,0.0,0.0,0,2026-01-16
U000416,PLN_BASIC,299.0,low,86,3,value,high,28,211.42000000000002,15,23,-0.16666666666666696,5.5,1.0,0.0,0.0,2026-01-15,1,0.0,0.0,0.0,0,2026-01-16
U000417,PLN_BASIC,299.0,low,13,3,value,high,13,104.62,8,9,3.5,5.5,1.0,0.0,0.0,2026-01-15,1,0.0,0.0,0.0,0,2026-01-16
U000418,PLN_BASIC,299.0,low,226,1,regular,high,28,572.97,31,64,-0.16666666666666696,5.5,0.0,0.0,0.0,2026-01-15,1,1.0,0.0,0.0,0,2026-01-16
U000419,PLN_STD,499.0,mid,182,1,regular,high,28,743.58,41,72,-0.16666666666666696,5.5,1.0,0.0,0.0,2026-01-15,1,1.0,0.0,0.0,0,2026-01-16
U000420,PLN_BASIC,299.0,low,129,3,regular,high,27,0.0,0,0,0.16666666666666696,5.5,0.0,0.0,0.0,2026-01-15,1,1.0,0.0,0.0,1,2026-01-16
U000421,PLN_PREM,799.0,high,24,2,premium,high,24,792.0,32,70,-1.0,5.5,1.0,0.0,0.0,2026-01-15,1,0.0,0.0,0.0,0,2026-01-16
U000422,PLN_PREM,799.0,high,82,2,regular,high,28,546.5,37,49,-0.16666666666666696,5.5,1.0,0.0,0.0,2026-01-15,1,0.0,0.0,0.0,0,2026-01-16
U000423,PLN_STD,499.0,mid,64,3,premium,high,28,1105.08,79,123,-0.16666666666666696,5.5,0.0,0.0,0.0,2026-01-15,1,0.0,0.0,0.0,0,2026-01-16
U000424,PLN_BASIC,299.0,low,111,1,value,high,28,0.0,0,0,-0.16666666666666696,5.5,0.0,0.0,0.0,2026-01-15,1,0.0,0.0,0.0,1,2026-01-16
U000425,PLN_PREM,799.0,high,152,3,regular,high,28,572.63,39,56,-0.16666666666666696,5.5,0.0,0.0,0.0,2026-01-15,1,1.0,0.0,0.0,0,2026-01-16
U000426,PLN_BASIC,299.0,low,206,3,regular,high,28,332.12,31,24,-0.16666666666666696,5.5,1.0,0.0,0.0,2026-01-15,1,0.0,0.0,0.0,0,2026-01-16
U000427,PLN_PREM,799.0,high,40,2,regular,high,28,506.69,32,55,-0.16666666666666696,5.5,0.0,0.0,0.0,2026-01-15,1,1.0,0.0,0.0,0,2026-01-16
U000428,PLN_PREM,799.0,high,55,2,premium,high,28,665.21,37,73,-0.16666666666666696,5.5,1.0,0.0,0.0,2026-01-15,1,0.0,0.0,0.0,0,2026-01-16
U000429,PLN_BASIC,299.0,low,250,3,regular,high,28,344.44,27,29,-0.16666666666666696,5.5,0.0,0.0,0.0,2026-01-15,1,1.0,0.0,0.0,0,2026-01-16
U000430,PLN_PREM,799.0,high,77,2,premium,high,28,1113.25,59,116,-0.16666666666666696,5.5,0.0,0.0,0.0,2026-01-15,1,0.0,0.0,0.0,0,2026-01-16
U000431,PLN_BASIC,299.0,low,235,2,regular,high,28,425.7,29,48,-0.16666666666666696,5.5,1.0,0.0,0.0,2026-01-15,1,0.0,0.0,0.0,0,2026-01-16
U000432,PLN_BASIC,299.0,low,71,3,value,high,28,271.98,18,33,-0.16666666666666696,5.5,0.0,0.0,0.0,2026-01-15,1,1.0,0.0,0.0,0,2026-01-16
U000433,PLN_STD,499.0,mid,49,2,regular,high,28,351.32,19,34,-0.16666666666666696,5.5,1.0,0.0,0.0,2026-01-15,1,2.0,1.0,0.0,0,2026-01-16
U000434,PLN_BASIC,299.0,low,224,2,regular,high,28,410.0,30,47,-0.16666666666666696,5.5,0.0,0.0,0.0,2026-01-15,1,0.0,0.0,0.0,0,2026-01-16
U000435,PLN_PREM,799.0,high,148,1,premium,high,27,1246.69,61,134,0.16666666666666696,5.5,1.0,0.0,0.0,2026-01-15,1,1.0,1.0,0.0,0,2026-01-16
U000436,PLN_STD,499.0,mid,225,1,regular,high,28,575.02,30,70,-0.16666666666666696,5.5,0.0,0.0,0.0,2026-01-15,1,2.0,0.0,0.0,0,2026-01-16
U000437,PLN_BASIC,299.0,low,114,2,value,high,28,122.9,8,12,-0.16666666666666696,5.5,1.0,1.0,1.0,2026-01-15,1,0.0,0.0,0.0,0,2026-01-16
U000438,PLN_BASIC,299.0,low,24,2,value,high,24,332.48,16,28,-1.0,5.5,1.0,1.0,1.0,2026-01-15,1,0.0,0.0,0.0,0,2026-01-16
U000439,PLN_BASIC,299.0,low,236,2,value,high,28,266.71,23,32,-0.16666666666666696,5.5,1.0,0.0,0.0,2026-01-15,1,3.0,1.0,0.0,0,2026-01-16
U000440,PLN_STD,499.0,mid,157,2,regular,high,28,638.11,36,74,-0.16666666666666696,5.5,1.0,0.0,0.0,2026-01-15,1,0.0,0.0,0.0,0,2026-01-16
U000441,PLN_BASIC,299.0,low,12,3,value,high,12,42.199999999999996,5,3,4.5,5.5,1.0,1.0,1.0,2026-01-15,1,0.0,0.0,0.0,1,2026-01-16
U000442,PLN_STD,499.0,mid,181,3,regular,high,28,421.37,23,44,-0.16666666666666696,5.5,1.0,0.0,0.0,2026-01-15,1,0.0,0.0,0.0,0,2026-01-16
U000443,PLN_STD,499.0,mid,223,1,regular,high,28,477.57,30,45,-0.16666666666666696,5.5,0.0,0.0,0.0,2026-01-15,1,1.0,0.0,0.0,0,2026-01-16
U000444,PLN_BASIC,299.0,low,134,2,regular,high,28,311.6,26,26,-0.16666666666666696,5.5,0.0,0.0,0.0,2026-01-15,1,1.0,0.0,0.0,0,2026-01-16
U000445,PLN_BASIC,299.0,low,129,2,value,high,28,182.59,11,19,-0.16666666666666696,5.5,0.0,0.0,0.0,2026-01-15,1,1.0,0.0,0.0,0,2026-01-16
U000446,PLN_STD,499.0,mid,90,2,regular,high,27,529.64,32,61,0.16666666666666696,5.5,1.0,0.0,0.0,2026-01-15,1,1.0,1.0,0.0,0,2026-01-16
U000447,PLN_STD,499.0,mid,178,1,value,high,28,190.02,13,25,-0.16666666666666696,5.5,1.0,0.0,0.0,2026-01-15,1,0.0,0.0,0.0,0,2026-01-16
U000448,PLN_PREM,799.0,high,17,3,premium,high,17,674.73,47,69,-0.5,5.5,1.0,0.0,0.0,2026-01-15,1,0.0,0.0,0.0,0,2026-01-16
U000449,PLN_STD,499.0,mid,126,3,value,high,27,237.62,21,26,-0.666666666666667,5.0,0.0,0.0,0.0,2026-01-15,1,1.0,0.0,0.0,0,2026-01-16
U000450,PLN_BASIC,299.0,low,185,2,value,high,28,0.0,0,0,-0.16666666666666696,5.5,0.0,0.0,0.0,2026-01-15,1,0.0,0.0,0.0,1,2026-01-16
U000451,PLN_BASIC,299.0,low,15,3,value,high,15,99.79,5,15,1.5,5.5,1.0,0.0,0.0,2026-01-15,1,0.0,0.0,0.0,0,2026-01-16
U000452,PLN_STD,499.0,mid,24,3,regular,high,23,421.07,22,49,-0.5,5.5,1.0,0.0,0.0,2026-01-15,1,0.0,0.0,0.0,1,2026-01-16
U000453,PLN_STD,499.0,mid,131,2,value,high,28,305.4,32,31,-0.16666666666666696,5.5,0.0,0.0,0.0,2026-01-15,1,1.0,0.0,0.0,0,2026-01-16
U000454,PLN_STD,499.0,mid,250,2,regular,high,28,545.6700000000001,33,50,-0.16666666666666696,5.5,0.0,0.0,0.0,2026-01-15,1,1.0,0.0,0.0,0,2026-01-16
U000455,PLN_BASIC,299.0,low,107,2,regular,high,27,200.38,14,20,0.16666666666666696,5.5,0.0,0.0,0.0,2026-01-15,1,1.0,0.0,0.0,0,2026-01-16
U000456,PLN_STD,499.0,mid,117,3,regular,high,28,487.55,30,47,-0.16666666666666696,5.5,1.0,0.0,0.0,2026-01-15,1,1.0,0.0,0.0,1,2026-01-16
U000457,PLN_BASIC,299.0,low,219,1,value,high,27,0.0,0,0,0.16666666666666696,5.5,0.0,0.0,0.0,2026-01-15,1,0.0,0.0,0.0,1,2026-01-16
U000458,PLN_BASIC,299.0,low,97,2,value,high,28,357.69,30,36,-0.16666666666666696,5.5,0.0,0.0,0.0,2026-01-15,1,2.0,1.0,0.0,0,2026-01-16
U000459,PLN_BASIC,299.0,low,45,3,regular,high,27,445.93,25,47,-0.666666666666667,5.0,0.0,0.0,0.0,2026-01-15,1,2.0,0.0,0.0,0,2026-01-16
U000460,PLN_STD,499.0,mid,230,2,value,high,28,132.26,6,13,-0.16666666666666696,5.5,1.0,0.0,0.0,2026-01-15,1,1.0,0.0,0.0,0,2026-01-16
U000461,PLN_BASIC,299.0,low,75,3,regular,high,26,430.34,28,37,-0.33333333333333304,5.0,0.0,0.0,0.0,2026-01-15,1,0.0,0.0,0.0,0,2026-01-16
U000462,PLN_BASIC,299.0,low,221,2,value,high,27,158.32,13,22,0.16666666666666696,5.5,0.0,0.0,0.0,2026-01-15,1,1.0,0.0,0.0,0,2026-01-16
U000463,PLN_BASIC,299.0,low,69,3,regular,high,27,523.17,29,54,-0.666666666666667,5.0,0.0,0.0,0.0,2026-01-15,1,1.0,0.0,0.0,0,2026-01-16
U000464,PLN_BASIC,299.0,low,151,3,value,high,28,181.03,12,22,-0.16666666666666696,5.5,1.0,1.0,1.0,2026-01-15,1,2.0,0.0,0.0,1,2026-01-16
U000465,PLN_BASIC,299.0,low,255,2,regular,high,28,516.12,23,62,-0.16666666666666696,5.5,0.0,0.0,0.0,2026-01-15,1,0.0,0.0,0.0,0,2026-01-16
U000466,PLN_BASIC,299.0,low,14,3,value,high,14,90.83,8,8,2.5,5.5,1.0,0.0,0.0,2026-01-15,1,0.0,0.0,0.0,1,2026-01-16
U000467,PLN_STD,499.0,mid,215,2,regular,high,28,559.57,31,53,-0.16666666666666696,5.5,0.0,0.0,0.0,2026-01-15,1,0.0,0.0,0.0,0,2026-01-16
U000468,PLN_BASIC,299.0,low,107,2,value,high,28,0.0,0,0,-0.16666666666666696,5.5,0.0,0.0,0.0,2026-01-15,1,0.0,0.0,0.0,1,2026-01-16
U000469,PLN_PREM,799.0,high,211,2,premium,high,28,723.59,52,75,-0.16666666666666696,5.5,1.0,0.0,0.0,2026-01-15,1,0.0,0.0,0.0,0,2026-01-16
U000470,PLN_BASIC,299.0,low,22,3,regular,high,22,546.27,39,45,0.0,5.5,1.0,0.0,0.0,2026-01-15,1,0.0,0.0,0.0,0,2026-01-16
U000471,PLN_BASIC,299.0,low,71,1,value,high,28,221.68,15,25,-0.16666666666666696,5.5,0.0,0.0,0.0,2026-01-15,1,1.0,0.0,0.0,0,2026-01-16
U000472,PLN_BASIC,299.0,low,55,1,value,high,27,407.63,22,41,0.16666666666666696,5.5,1.0,0.0,0.0,2026-01-15,1,0.0,0.0,0.0,0,2026-01-16
U000473,PLN_BASIC,299.0,low,148,2,value,high,28,99.14,7,10,-0.16666666666666696,5.5,1.0,0.0,0.0,2026-01-15,1,1.0,0.0,0.0,0,2026-01-16
U000474,PLN_STD,499.0,mid,139,2,value,high,28,166.56,8,17,-0.16666666666666696,5.5,0.0,0.0,0.0,2026-01-15,1,1.0,0.0,0.0,0,2026-01-16
U000475,PLN_BASIC,299.0,low,97,2,value,high,28,233.60999999999999,21,26,-0.16666666666666696,5.5,0.0,0.0,0.0,2026-01-15,1,0.0,0.0,0.0,0,2026-01-16
U000476,PLN_PREM,799.0,high,60,1,premium,high,28,1214.55,76,141,-0.16666666666666696,5.5,1.0,0.0,0.0,2026-01-15,1,0.0,0.0,0.0,0,2026-01-16
U000477,PLN_BASIC,299.0,low,44,2,regular,high,28,104.33,7,10,-0.16666666666666696,5.5,0.0,0.0,0.0,2026-01-15,1,0.0,0.0,0.0,1,2026-01-16
U000478,PLN_BASIC,299.0,low,252,3,value,high,27,0.0,0,0,0.16666666666666696,5.5,0.0,0.0,0.0,2026-01-15,1,1.0,0.0,0.0,1,2026-01-16
U000479,PLN_BASIC,299.0,low,90,1,regular,high,28,303.31,18,32,-0.16666666666666696,5.5,1.0,0.0,0.0,2026-01-15,1,0.0,0.0,0.0,0,2026-01-16
U000480,PLN_BASIC,299.0,low,229,2,value,high,28,335.42,25,38,-0.16666666666666696,5.5,2.0,1.0,0.5,2026-01-15,1,0.0,0.0,0.0,0,2026-01-16
U000481,PLN_STD,499.0,mid,184,3,premium,high,28,0.0,0,0,-0.16666666666666696,5.5,0.0,0.0,0.0,2026-01-15,1,1.0,0.0,0.0,1,2026-01-16
U000482,PLN_BASIC,299.0,low,48,1,value,high,28,145.75,10,16,-0.16666666666666696,5.5,0.0,0.0,0.0,2026-01-15,1,1.0,0.0,0.0,1,2026-01-16
U000483,PLN_STD,499.0,mid,194,2,regular,high,28,546.95,32,60,-0.16666666666666696,5.5,0.0,0.0,0.0,2026-01-15,1,0.0,0.0,0.0,0,2026-01-16
U000484,PLN_PREM,799.0,high,56,2,regular,high,28,0.0,0,0,-0.16666666666666696,5.5,0.0,0.0,0.0,2026-01-15,1,0.0,0.0,0.0,1,2026-01-16
U000485,PLN_STD,499.0,mid,140,3,value,high,28,189.01999999999998,11,19,-0.16666666666666696,5.5,1.0,0.0,0.0,2026-01-15,1,0.0,0.0,0.0,0,2026-01-16
U000486,PLN_BASIC,299.0,low,198,2,value,high,28,150.04,12,20,-0.16666666666666696,5.5,1.0,0.0,0.0,2026-01-15,1,1.0,0.0,0.0,0,2026-01-16
U000487,PLN_STD,499.0,mid,173,3,regular,high,28,630.59,43,69,-0.16666666666666696,5.5,1.0,0.0,0.0,2026-01-15,1,0.0,0.0,0.0,0,2026-01-16
U000488,PLN_STD,499.0,mid,123,1,premium,high,28,662.19,43,66,-0.16666666666666696,5.5,0.0,0.0,0.0,2026-01-15,1,1.0,1.0,0.0,0,2026-01-16
U000489,PLN_STD,499.0,mid,64,2,regular,high,28,239.54,18,24,-0.16666666666666696,5.5,0.0,0.0,0.0,2026-01-15,1,0.0,0.0,0.0,1,2026-01-16
U000490,PLN_STD,499.0,mid,104,3,regular,high,27,467.61,28,56,-0.666666666666667,5.0,0.0,0.0,0.0,2026-01-15,1,1.0,1.0,0.0,0,2026-01-16
U000491,PLN_BASIC,299.0,low,22,1,regular,high,21,338.69,20,32,0.5,5.5,1.0,0.0,0.0,2026-01-15,1,0.0,0.0,0.0,0,2026-01-16
U000492,PLN_BASIC,299.0,low,39,1,regular,high,28,443.34999999999997,31,36,-0.16666666666666696,5.5,0.0,0.0,0.0,2026-01-15,1,1.0,0.0,0.0,0,2026-01-16
U000493,PLN_BASIC,299.0,low,67,1,regular,high,26,516.57,31,57,0.5,5.5,1.0,0.0,0.0,2026-01-15,1,0.0,0.0,0.0,0,2026-01-16
U000494,PLN_STD,499.0,mid,105,3,regular,high,27,645.19,38,55,0.16666666666666696,5.5,0.0,0.0,0.0,2026-01-15,1,2.0,1.0,0.0,0,2026-01-16
U000495,PLN_STD,499.0,mid,184,2,regular,high,28,474.39,30,38,-0.16666666666666696,5.5,0.0,0.0,0.0,2026-01-15,1,1.0,0.0,0.0,0,2026-01-16
U000496,PLN_BASIC,299.0,low,153,2,value,high,27,0.0,0,0,0.16666666666666696,5.5,0.0,0.0,0.0,2026-01-15,1,0.0,0.0,0.0,1,2026-01-16
U000497,PLN_PREM,799.0,high,227,2,premium,high,28,0.0,0,0,-0.16666666666666696,5.5,0.0,0.0,0.0,2026-01-15,1,0.0,0.0,0.0,1,2026-01-16
U000498,PLN_BASIC,299.0,low,163,2,value,high,27,143.71,11,11,0.16666666666666696,5.5,0.0,0.0,0.0,2026-01-15,1,1.0,0.0,0.0,0,2026-01-16
U000499,PLN_BASIC,299.0,low,24,2,value,high,24,187.71,16,21,-1.0,5.5,1.0,0.0,0.0,2026-01-15,1,1.0,0.0,0.0,1,2026-01-16
U000500,PLN_STD,499.0,mid,150,2,regular,high,28,0.0,0,0,-0.16666666666666696,5.5,0.0,0.0,0.0,2026-01-15,1,0.0,0.0,0.0,1,2026-01-16
U000501,PLN_BASIC,299.0,low,228,2,value,high,28,0.0,0,0,-0.16666666666666696,5.5,0.0,0.0,0.0,2026-01-15,1,0.0,0.0,0.0,1,2026-01-16
U000502,PLN_STD,499.0,mid,93,1,value,high,28,220.62,16,29,-0.16666666666666696,5.5,1.0,0.0,0.0,2026-01-15,1,0.0,0.0,0.0,1,2026-01-16
U000503,PLN_BASIC,299.0,low,15,3,value,high,15,467.44239541586006,12,21,1.5,5.5,1.0,0.0,0.0,2026-01-15,1,0.0,0.0,0.0,1,2026-01-16
U000504,PLN_PREM,799.0,high,39,3,regular,high,28,184.01,19,18,-0.16666666666666696,5.5,0.0,0.0,0.0,2026-01-15,1,2.0,0.0,0.0,1,2026-01-16
U000505,PLN_PREM,799.0,high,188,2,regular,high,28,483.54,34,41,-0.16666666666666696,5.5,0.0,0.0,0.0,2026-01-15,1,0.0,0.0,0.0,0,2026-01-16
U000506,PLN_BASIC,299.0,low,143,2,value,high,28,185.32,15,24,-0.16666666666666696,5.5,1.0,0.0,0.0,2026-01-15,1,1.0,0.0,0.0,0,2026-01-16
U000507,PLN_BASIC,299.0,low,123,1,value,high,28,229.39000000000001,16,33,-0.16666666666666696,5.5,0.0,0.0,0.0,2026-01-15,1,0.0,0.0,0.0,0,2026-01-16
U000508,PLN_PREM,799.0,high,194,3,regular,high,28,493.8,30,44,-0.16666666666666696,5.5,0.0,0.0,0.0,2026-01-15,1,0.0,0.0,0.0,0,2026-01-16
U000509,PLN_PREM,799.0,high,189,3,premium,high,28,1135.28,73,110,-0.16666666666666696,5.5,0.0,0.0,0.0,2026-01-15,1,0.0,0.0,0.0,0,2026-01-16
U000510,PLN_BASIC,299.0,low,197,3,value,high,28,0.0,0,0,-0.16666666666666696,5.5,0.0,0.0,0.0,2026-01-15,1,0.0,0.0,0.0,1,2026-01-16
U000511,PLN_PREM,799.0,high,7,2,premium,high,7,236.26,10,24,3.5,3.5,0.0,0.0,0.0,2026-01-15,1,1.0,0.0,0.0,0,2026-01-16
U000512,PLN_PREM,799.0,high,69,1,premium,high,27,541.73,34,58,-0.666666666666667,5.0,0.0,0.0,0.0,2026-01-15,1,1.0,0.0,0.0,0,2026-01-16
U000513,PLN_BASIC,299.0,low,45,1,value,high,28,263.57,20,40,-0.16666666666666696,5.5,0.0,0.0,0.0,2026-01-15,1,0.0,0.0,0.0,0,2026-01-16
U000514,PLN_STD,499.0,mid,52,1,regular,high,28,473.19,24,60,-0.16666666666666696,5.5,0.0,0.0,0.0,2026-01-15,1,1.0,0.0,0.0,0,2026-01-16
U000515,PLN_BASIC,299.0,low,16,1,regular,high,16,283.02,20,35,0.5,5.5,1.0,0.0,0.0,2026-01-15,1,0.0,0.0,0.0,0,2026-01-16
U000516,PLN_BASIC,299.0,low,230,1,regular,high,27,316.31,24,31,-0.666666666666667,5.0,1.0,0.0,0.0,2026-01-14,2,0.0,0.0,0.0,0,2026-01-16
U000517,PLN_BASIC,299.0,low,35,3,regular,high,27,40.849999999999994,5,4,0.16666666666666696,5.5,0.0,0.0,0.0,2026-01-15,1,0.0,0.0,0.0,1,2026-01-16
U000518,PLN_PREM,799.0,high,240,1,regular,high,27,309.16,26,36,-0.666666666666667,5.0,1.0,0.0,0.0,2026-01-15,1,0.0,0.0,0.0,0,2026-01-16
U000519,PLN_STD,499.0,mid,137,1,regular,high,28,572.39,40,60,-0.16666666666666696,5.5,1.0,1.0,1.0,2026-01-15,1,1.0,0.0,0.0,0,2026-01-16
U000520,PLN_STD,499.0,mid,107,3,regular,high,28,605.74,46,64,-0.16666666666666696,5.5,0.0,0.0,0.0,2026-01-15,1,1.0,0.0,0.0,0,2026-01-16
U000521,PLN_STD,499.0,mid,167,2,premium,high,28,727.07,42,75,-0.16666666666666696,5.5,0.0,0.0,0.0,2026-01-15,1,1.0,0.0,0.0,0,2026-01-16
U000522,PLN_STD,499.0,mid,220,3,regular,high,27,473.40999999999997,31,52,0.16666666666666696,5.5,0.0,0.0,0.0,2026-01-15,1,1.0,0.0,0.0,0,2026-01-16
U000523,PLN_BASIC,299.0,low,208,2,regular,high,28,462.89,30,49,-0.16666666666666696,5.5,1.0,0.0,0.0,2026-01-15,1,0.0,0.0,0.0,0,2026-01-16
U000524,PLN_PREM,799.0,high,50,3,premium,high,27,65.60000000000001,3,9,0.16666666666666696,5.5,0.0,0.0,0.0,2026-01-15,1,0.0,0.0,0.0,1,2026-01-16
U000525,PLN_BASIC,299.0,low,177,2,value,high,28,0.0,0,0,-0.16666666666666696,5.5,0.0,0.0,0.0,2026-01-15,1,0.0,0.0,0.0,1,2026-01-16
U000526,PLN_BASIC,299.0,low,179,2,value,high,28,250.85,20,30,-0.16666666666666696,5.5,1.0,0.0,0.0,2026-01-15,1,1.0,0.0,0.0,0,2026-01-16
U000527,PLN_PREM,799.0,high,25,2,regular,high,25,518.75,35,45,-1.5,5.5,1.0,0.0,0.0,2026-01-15,1,0.0,0.0,0.0,1,2026-01-16
U000528,PLN_PREM,799.0,high,220,2,premium,high,28,514.67,23,66,-0.16666666666666696,5.5,0.0,0.0,0.0,2026-01-15,1,1.0,0.0,0.0,0,2026-01-16
U000529,PLN_BASIC,299.0,low,27,2,value,high,27,137.63,13,17,0.16666666666666696,5.5,1.0,1.0,1.0,2026-01-15,1,1.0,0.0,0.0,1,2026-01-16
U000530,PLN_BASIC,299.0,low,25,2,regular,high,25,395.51,26,49,-1.5,5.5,1.0,0.0,0.0,2026-01-15,1,1.0,0.0,0.0,0,2026-01-16
U000531,PLN_BASIC,299.0,low,106,1,value,high,28,158.46,13,20,-0.16666666666666696,5.5,1.0,0.0,0.0,2026-01-15,1,0.0,0.0,0.0,0,2026-01-16
U000532,PLN_STD,499.0,mid,215,3,value,high,28,242.12,18,29,-0.16666666666666696,5.5,0.0,0.0,0.0,2026-01-15,1,1.0,0.0,0.0,0,2026-01-16
U000533,PLN_BASIC,299.0,low,217,2,regular,high,27,0.0,0,0,-0.666666666666667,5.0,0.0,0.0,0.0,2026-01-15,1,0.0,0.0,0.0,1,2026-01-16
U000534,PLN_STD,499.0,mid,185,1,value,high,28,305.54,23,42,-0.16666666666666696,5.5,0.0,0.0,0.0,2026-01-15,1,1.0,0.0,0.0,0,2026-01-16
U000535,PLN_STD,499.0,mid,112,1,premium,high,28,999.07,60,109,-0.16666666666666696,5.5,0.0,0.0,0.0,2026-01-15,1,1.0,0.0,0.0,0,2026-01-16
U000536,PLN_STD,499.0,mid,218,3,value,high,27,274.7,20,38,0.16666666666666696,5.5,0.0,0.0,0.0,2026-01-15,1,0.0,0.0,0.0,0,2026-01-16
U000537,PLN_PREM,799.0,high,142,2,premium,high,27,1022.35,60,109,-0.666666666666667,5.0,1.0,0.0,0.0,2026-01-15,1,0.0,0.0,0.0,0,2026-01-16
U000538,PLN_BASIC,299.0,low,228,2,value,high,28,235.67000000000002,19,23,-0.16666666666666696,5.5,1.0,0.0,0.0,2026-01-15,1,1.0,0.0,0.0,0,2026-01-16
U000539,PLN_STD,499.0,mid,121,3,premium,high,28,772.97,39,84,-0.16666666666666696,5.5,2.0,1.0,0.5,2026-01-15,1,0.0,0.0,0.0,0,2026-01-16
U000540,PLN_STD,499.0,mid,251,1,regular,high,28,377.51,24,40,-0.16666666666666696,5.5,0.0,0.0,0.0,2026-01-15,1,1.0,0.0,0.0,0,2026-01-16
U000541,PLN_BASIC,299.0,low,79,3,value,high,27,264.22,15,37,-0.666666666666667,5.0,1.0,0.0,0.0,2026-01-15,1,0.0,0.0,0.0,0,2026-01-16
U000542,PLN_STD,499.0,mid,243,2,value,high,28,128.24,14,12,-0.16666666666666696,5.5,1.0,0.0,0.0,2026-01-15,1,0.0,0.0,0.0,0,2026-01-16
U000543,PLN_STD,499.0,mid,208,1,value,high,28,174.31,20,26,-0.16666666666666696,5.5,1.0,0.0,0.0,2026-01-15,1,2.0,0.0,0.0,0,2026-01-16
U000544,PLN_BASIC,299.0,low,213,2,regular,high,28,381.76,25,34,-0.16666666666666696,5.5,1.0,0.0,0.0,2026-01-15,1,1.0,0.0,0.0,0,2026-01-16
U000545,PLN_BASIC,299.0,low,48,3,regular,high,28,649.22,39,78,-0.16666666666666696,5.5,1.0,0.0,0.0,2026-01-15,1,2.0,1.0,0.0,0,2026-01-16
U000546,PLN_PREM,799.0,high,243,2,regular,high,28,612.49,45,63,-0.16666666666666696,5.5,1.0,0.0,0.0,2026-01-15,1,1.0,0.0,0.0,0,2026-01-16
U000547,PLN_STD,499.0,mid,149,2,regular,high,28,543.52,40,50,-0.16666666666666696,5.5,1.0,0.0,0.0,2026-01-15,1,2.0,1.0,0.0,0,2026-01-16
U000548,PLN_BASIC,299.0,low,108,2,regular,high,28,587.62,27,60,-0.16666666666666696,5.5,0.0,0.0,0.0,2026-01-15,1,0.0,0.0,0.0,0,2026-01-16
U000549,PLN_PREM,799.0,high,127,2,regular,high,27,0.0,0,0,-0.666666666666667,5.0,0.0,0.0,0.0,2026-01-15,1,0.0,0.0,0.0,1,2026-01-16
U000550,PLN_BASIC,299.0,low,86,2,regular,high,28,815.02,58,90,-0.16666666666666696,5.5,1.0,0.0,0.0,2026-01-15,1,0.0,0.0,0.0,0,2026-01-16
U000551,PLN_BASIC,299.0,low,55,2,regular,high,27,452.81,27,46,-0.666666666666667,5.0,1.0,0.0,0.0,2026-01-15,1,0.0,0.0,0.0,0,2026-01-16
U000552,PLN_STD,499.0,mid,158,2,regular,high,28,404.31,24,34,-0.16666666666666696,5.5,0.0,0.0,0.0,2026-01-15,1,1.0,1.0,0.0,0,2026-01-16
U000553,PLN_PREM,799.0,high,49,1,premium,high,28,601.9499999999999,26,54,-0.16666666666666696,5.5,0.0,0.0,0.0,2026-01-15,1,1.0,0.0,0.0,0,2026-01-16
U000554,PLN_BASIC,299.0,low,177,2,value,high,28,0.0,0,0,-0.16666666666666696,5.5,0.0,0.0,0.0,2026-01-15,1,0.0,0.0,0.0,1,2026-01-16
U000555,PLN_BASIC,299.0,low,9,2,value,high,9,69.05,5,7,4.5,4.5,1.0,0.0,0.0,2026-01-15,1,0.0,0.0,0.0,0,2026-01-16
U000556,PLN_BASIC,299.0,low,130,2,value,high,28,166.73,12,21,-0.16666666666666696,5.5,0.0,0.0,0.0,2026-01-15,1,2.0,0.0,0.0,0,2026-01-16
U000557,PLN_STD,499.0,mid,72,1,regular,high,28,431.70000000000005,33,41,-0.16666666666666696,5.5,0.0,0.0,0.0,2026-01-15,1,1.0,1.0,0.0,0,2026-01-16
U000558,PLN_BASIC,299.0,low,37,2,value,high,28,190.05,14,22,-0.16666666666666696,5.5,0.0,0.0,0.0,2026-01-15,1,1.0,0.0,0.0,1,2026-01-16
U000559,PLN_PREM,799.0,high,58,2,premium,high,28,395.11,25,34,-0.16666666666666696,5.5,1.0,0.0,0.0,2026-01-15,1,1.0,0.0,0.0,1,2026-01-16
U000560,PLN_PREM,799.0,high,43,1,regular,high,27,640.99,35,83,-0.666666666666667,5.0,0.0,0.0,0.0,2026-01-15,1,0.0,0.0,0.0,0,2026-01-16
U000561,PLN_STD,499.0,mid,122,1,regular,high,28,562.7,37,67,-0.16666666666666696,5.5,0.0,0.0,0.0,2026-01-15,1,1.0,0.0,0.0,0,2026-01-16
U000562,PLN_STD,499.0,mid,246,2,regular,high,28,392.58,40,42,-0.16666666666666696,5.5,0.0,0.0,0.0,2026-01-15,1,0.0,0.0,0.0,0,2026-01-16
U000563,PLN_STD,499.0,mid,133,2,value,high,28,220.11,17,28,-0.16666666666666696,5.5,0.0,0.0,0.0,2026-01-15,1,0.0,0.0,0.0,0,2026-01-16
U000564,PLN_STD,499.0,mid,211,1,regular,high,28,468.03999999999996,28,41,-0.16666666666666696,5.5,1.0,0.0,0.0,2026-01-15,1,0.0,0.0,0.0,0,2026-01-16
U000565,PLN_BASIC,299.0,low,33,3,value,high,28,162.61,11,19,-0.16666666666666696,5.5,1.0,0.0,0.0,2026-01-15,1,2.0,1.0,0.0,1,2026-01-16
U000566,PLN_STD,499.0,mid,197,2,regular,high,28,368.15,24,34,-0.16666666666666696,5.5,1.0,0.0,0.0,2026-01-15,1,0.0,0.0,0.0,0,2026-01-16
U000567,PLN_PREM,799.0,high,199,3,premium,high,27,0.0,0,0,0.16666666666666696,5.5,0.0,0.0,0.0,2026-01-15,1,0.0,0.0,0.0,1,2026-01-16
U000568,PLN_BASIC,299.0,low,194,2,regular,high,28,784.0409310756173,21,43,-0.16666666666666696,5.5,0.0,0.0,0.0,2026-01-15,1,0.0,0.0,0.0,0,2026-01-16
U000569,PLN_STD,499.0,mid,95,2,premium,high,28,881.87,50,95,-0.16666666666666696,5.5,0.0,0.0,0.0,2026-01-15,1,0.0,0.0,0.0,0,2026-01-16
U000570,PLN_STD,499.0,mid,113,2,regular,high,27,691.75,33,64,0.16666666666666696,5.5,1.0,0.0,0.0,2026-01-15,1,2.0,0.0,0.0,0,2026-01-16
U000571,PLN_STD,499.0,mid,18,3,regular,high,17,377.4,22,40,-0.5,5.5,1.0,0.0,0.0,2026-01-15,1,0.0,0.0,0.0,1,2026-01-16
U000572,PLN_BASIC,299.0,low,152,2,regular,high,28,450.32,28,37,-0.16666666666666696,5.5,1.0,0.0,0.0,2026-01-15,1,1.0,0.0,0.0,0,2026-01-16
U000573,PLN_STD,499.0,mid,186,2,regular,high,28,0.0,0,0,-0.16666666666666696,5.5,0.0,0.0,0.0,2026-01-15,1,0.0,0.0,0.0,1,2026-01-16
U000574,PLN_STD,499.0,mid,244,2,value,high,28,109.00999999999999,13,12,-0.16666666666666696,5.5,0.0,0.0,0.0,2026-01-15,1,0.0,0.0,0.0,0,2026-01-16
U000575,PLN_BASIC,299.0,low,255,2,value,high,28,174.75,19,24,-0.16666666666666696,5.5,0.0,0.0,0.0,2026-01-15,1,0.0,0.0,0.0,0,2026-01-16
U000576,PLN_STD,499.0,mid,163,1,regular,high,28,830.72,44,75,-0.16666666666666696,5.5,0.0,0.0,0.0,2026-01-15,1,2.0,0.0,0.0,0,2026-01-16
U000577,PLN_BASIC,299.0,low,24,2,value,high,24,144.82999999999998,10,13,-1.0,5.5,1.0,0.0,0.0,2026-01-15,1,0.0,0.0,0.0,0,2026-01-16
U000578,PLN_STD,499.0,mid,125,2,regular,high,28,549.07,37,63,-0.16666666666666696,5.5,0.0,0.0,0.0,2026-01-15,1,1.0,0.0,0.0,0,2026-01-16
U000579,PLN_STD,499.0,mid,32,3,regular,high,28,618.46,41,52,-0.16666666666666696,5.5,0.0,0.0,0.0,2026-01-15,1,1.0,0.0,0.0,0,2026-01-16
U000580,PLN_PREM,799.0,high,231,2,premium,high,28,454.77,26,36,-0.16666666666666696,5.5,0.0,0.0,0.0,2026-01-15,1,0.0,0.0,0.0,0,2026-01-16
U000581,PLN_BASIC,299.0,low,233,2,value,high,28,0.0,0,0,-0.16666666666666696,5.5,0.0,0.0,0.0,2026-01-15,1,1.0,0.0,0.0,1,2026-01-16
U000582,PLN_PREM,799.0,high,47,3,premium,high,28,803.75,42,66,-0.16666666666666696,5.5,0.0,0.0,0.0,2026-01-15,1,1.0,0.0,0.0,0,2026-01-16
U000583,PLN_BASIC,299.0,low,230,2,value,high,28,268.72,19,26,-0.16666666666666696,5.5,1.0,0.0,0.0,2026-01-15,1,2.0,1.0,0.0,0,2026-01-16
U000584,PLN_BASIC,299.0,low,243,1,regular,high,28,0.0,0,0,-0.16666666666666696,5.5,0.0,0.0,0.0,2026-01-15,1,0.0,0.0,0.0,1,2026-01-16
U000585,PLN_BASIC,299.0,low,155,1,regular,high,28,508.93,35,55,-0.16666666666666696,5.5,0.0,0.0,0.0,2026-01-15,1,0.0,0.0,0.0,0,2026-01-16
U000586,PLN_BASIC,299.0,low,24,1,value,high,24,204.7,20,24,-1.0,5.5,1.0,0.0,0.0,2026-01-15,1,0.0,0.0,0.0,1,2026-01-16
U000587,PLN_BASIC,299.0,low,83,1,value,high,28,208.87,13,17,-0.16666666666666696,5.5,1.0,0.0,0.0,2026-01-15,1,0.0,0.0,0.0,0,2026-01-16
U000588,PLN_BASIC,299.0,low,232,2,value,high,28,0.0,0,0,-0.16666666666666696,5.5,0.0,0.0,0.0,2026-01-15,1,0.0,0.0,0.0,1,2026-01-16
U000589,PLN_STD,499.0,mid,46,3,regular,high,28,133.75,8,15,-0.16666666666666696,5.5,0.0,0.0,0.0,2026-01-15,1,1.0,1.0,0.0,1,2026-01-16
U000590,PLN_PREM,799.0,high,45,2,regular,high,28,333.96000000000004,23,36,-0.16666666666666696,5.5,0.0,0.0,0.0,2026-01-15,1,2.0,0.0,0.0,0,2026-01-16
U000591,PLN_BASIC,299.0,low,56,1,value,high,28,232.93,14,20,-0.16666666666666696,5.5,1.0,0.0,0.0,2026-01-15,1,1.0,0.0,0.0,0,2026-01-16
U000592,PLN_BASIC,299.0,low,30,2,value,high,28,96.55,7,10,-0.16666666666666696,5.5,0.0,0.0,0.0,2026-01-15,1,0.0,0.0,0.0,0,2026-01-16
U000593,PLN_BASIC,299.0,low,196,1,regular,high,27,582.46,49,58,0.16666666666666696,5.5,0.0,0.0,0.0,2026-01-15,1,1.0,0.0,0.0,0,2026-01-16
U000594,PLN_BASIC,299.0,low,11,3,value,high,11,63.05,6,12,5.5,5.5,1.0,0.0,0.0,2026-01-15,1,0.0,0.0,0.0,1,2026-01-16
U000595,PLN_STD,499.0,mid,176,1,regular,high,28,517.59,32,49,-0.16666666666666696,5.5,1.0,0.0,0.0,2026-01-15,1,0.0,0.0,0.0,0,2026-01-16
U000596,PLN_PREM,799.0,high,55,2,premium,high,28,881.64,45,88,-0.16666666666666696,5.5,1.0,0.0,0.0,2026-01-15,1,1.0,0.0,0.0,0,2026-01-16
U000597,PLN_PREM,799.0,high,111,2,regular,high,28,0.0,0,0,-0.16666666666666696,5.5,0.0,0.0,0.0,2026-01-15,1,0.0,0.0,0.0,1,2026-01-16
U000598,PLN_PREM,799.0,high,61,2,premium,high,28,1055.21,67,106,-0.16666666666666696,5.5,0.0,0.0,0.0,2026-01-15,1,1.0,0.0,0.0,0,2026-01-16
U000599,PLN_STD,499.0,mid,99,2,regular,high,28,248.0,15,31,-0.16666666666666696,5.5,0.0,0.0,0.0,2026-01-15,1,0.0,0.0,0.0,1,2026-01-16
U000600,PLN_BASIC,299.0,low,95,3,regular,high,28,506.22,28,49,-0.16666666666666696,5.5,1.0,0.0,0.0,2026-01-15,1,0.0,0.0,0.0,0,2026-01-16
U000601,PLN_STD,499.0,mid,102,1,value,high,28,327.81,23,36,-0.16666666666666696,5.5,0.0,0.0,0.0,2026-01-15,1,0.0,0.0,0.0,0,2026-01-16
U000602,PLN_STD,499.0,mid,61,3,value,high,28,196.04,14,19,-0.16666666666666696,5.5,1.0,0.0,0.0,2026-01-15,1,0.0,0.0,0.0,0,2026-01-16
U000603,PLN_BASIC,299.0,low,71,2,regular,high,28,484.85,20,46,-0.16666666666666696,5.5,0.0,0.0,0.0,2026-01-15,1,1.0,0.0,0.0,0,2026-01-16
U000604,PLN_BASIC,299.0,low,223,3,value,high,28,0.0,0,0,-0.16666666666666696,5.5,0.0,0.0,0.0,2026-01-15,1,1.0,0.0,0.0,1,2026-01-16
U000605,PLN_PREM,799.0,high,49,3,premium,high,27,869.8,43,85,0.16666666666666696,5.5,0.0,0.0,0.0,2026-01-15,1,0.0,0.0,0.0,0,2026-01-16
U000606,PLN_STD,499.0,mid,122,3,regular,high,26,447.02,32,46,0.5,5.5,1.0,0.0,0.0,2026-01-15,1,1.0,0.0,0.0,0,2026-01-16
U000607,PLN_PREM,799.0,high,175,1,premium,high,28,637.32,36,59,-0.16666666666666696,5.5,1.0,0.0,0.0,2026-01-15,1,1.0,1.0,0.0,0,2026-01-16
U000608,PLN_BASIC,299.0,low,127,2,value,high,28,291.51,23,35,-0.16666666666666696,5.5,0.0,0.0,0.0,2026-01-15,1,1.0,0.0,0.0,0,2026-01-16
U000609,PLN_STD,499.0,mid,14,2,regular,high,13,198.9,17,18,2.0,5.0,1.0,0.0,0.0,2026-01-15,1,0.0,0.0,0.0,1,2026-01-16
U000610,PLN_STD,499.0,mid,41,2,regular,high,28,596.38,26,59,-0.16666666666666696,5.5,0.0,0.0,0.0,2026-01-15,1,1.0,1.0,0.0,0,2026-01-16
U000611,PLN_BASIC,299.0,low,47,2,value,high,28,170.14,16,16,-0.16666666666666696,5.5,0.0,0.0,0.0,2026-01-15,1,0.0,0.0,0.0,0,2026-01-16
U000612,PLN_STD,499.0,mid,140,3,regular,high,28,84.53,7,11,-0.16666666666666696,5.5,0.0,0.0,0.0,2026-01-15,1,1.0,0.0,0.0,1,2026-01-16
U000613,PLN_BASIC,299.0,low,60,3,regular,high,28,16.08,1,1,-0.16666666666666696,5.5,0.0,0.0,0.0,2026-01-15,1,1.0,1.0,0.0,1,2026-01-16
U000614,PLN_PREM,799.0,high,160,2,premium,high,26,688.72,39,81,-1.166666666666667,4.5,0.0,0.0,0.0,2026-01-15,1,1.0,0.0,0.0,0,2026-01-16
U000615,PLN_STD,499.0,mid,84,2,regular,high,28,118.18,8,13,-0.16666666666666696,5.5,0.0,0.0,0.0,2026-01-15,1,0.0,0.0,0.0,1,2026-01-16
U000616,PLN_STD,499.0,mid,96,3,value,high,27,234.91,19,29,0.16666666666666696,5.5,0.0,0.0,0.0,2026-01-15,1,1.0,0.0,0.0,1,2026-01-16
U000617,PLN_STD,499.0,mid,194,3,regular,high,28,0.0,0,0,-0.16666666666666696,5.5,0.0,0.0,0.0,2026-01-15,1,0.0,0.0,0.0,1,2026-01-16
U000618,PLN_BASIC,299.0,low,190,1,regular,high,27,556.64,38,63,0.16666666666666696,5.5,0.0,0.0,0.0,2026-01-15,1,0.0,0.0,0.0,0,2026-01-16
U000619,PLN_BASIC,299.0,low,241,2,value,high,28,181.17,20,18,-0.16666666666666696,5.5,1.0,0.0,0.0,2026-01-15,1,1.0,0.0,0.0,1,2026-01-16
U000620,PLN_STD,499.0,mid,221,3,regular,high,27,364.62,28,32,0.16666666666666696,5.5,0.0,0.0,0.0,2026-01-15,1,1.0,0.0,0.0,0,2026-01-16
U000621,PLN_BASIC,299.0,low,148,2,value,high,27,263.62,20,30,-0.666666666666667,5.0,1.0,0.0,0.0,2026-01-15,1,1.0,0.0,0.0,0,2026-01-16
U000622,PLN_BASIC,299.0,low,137,2,value,high,28,0.0,0,0,-0.16666666666666696,5.5,0.0,0.0,0.0,2026-01-15,1,1.0,0.0,0.0,1,2026-01-16
U000623,PLN_STD,499.0,mid,215,3,regular,high,28,661.66,38,67,-0.16666666666666696,5.5,0.0,0.0,0.0,2026-01-15,1,1.0,0.0,0.0,0,2026-01-16
U000624,PLN_STD,499.0,mid,152,3,value,high,27,221.43,15,25,-0.666666666666667,5.0,0.0,0.0,0.0,2026-01-15,1,1.0,0.0,0.0,0,2026-01-16
U000625,PLN_STD,499.0,mid,105,3,regular,high,28,297.82,10,35,-0.16666666666666696,5.5,0.0,0.0,0.0,2026-01-15,1,1.0,0.0,0.0,0,2026-01-16
U000626,PLN_BASIC,299.0,low,198,3,value,high,27,340.56,20,30,0.16666666666666696,5.5,0.0,0.0,0.0,2026-01-15,1,0.0,0.0,0.0,0,2026-01-16
U000627,PLN_PREM,799.0,high,172,2,regular,high,28,0.0,0,0,-0.16666666666666696,5.5,0.0,0.0,0.0,2026-01-15,1,0.0,0.0,0.0,1,2026-01-16
U000628,PLN_BASIC,299.0,low,164,2,value,high,28,0.0,0,0,-0.16666666666666696,5.5,0.0,0.0,0.0,2026-01-15,1,0.0,0.0,0.0,1,2026-01-16
U000629,PLN_STD,499.0,mid,130,2,premium,high,28,902.68,69,93,-0.16666666666666696,5.5,0.0,0.0,0.0,2026-01-15,1,0.0,0.0,0.0,0,2026-01-16
U000630,PLN_STD,499.0,mid,165,2,value,high,28,0.0,0,0,-0.16666666666666696,5.5,0.0,0.0,0.0,2026-01-15,1,0.0,0.0,0.0,1,2026-01-16
U000631,PLN_BASIC,299.0,low,72,2,regular,high,28,470.01,31,42,-0.16666666666666696,5.5,0.0,0.0,0.0,2026-01-15,1,0.0,0.0,0.0,0,2026-01-16
U000632,PLN_BASIC,299.0,low,174,2,value,high,28,256.86,16,31,-0.16666666666666696,5.5,1.0,0.0,0.0,2026-01-15,1,2.0,0.0,0.0,1,2026-01-16
U000633,PLN_STD,499.0,mid,148,2,value,high,27,0.0,0,0,0.16666666666666696,5.5,0.0,0.0,0.0,2026-01-15,1,0.0,0.0,0.0,1,2026-01-16
U000634,PLN_BASIC,299.0,low,161,2,regular,high,27,0.0,0,0,0.16666666666666696,5.5,0.0,0.0,0.0,2026-01-15,1,0.0,0.0,0.0,1,2026-01-16
U000635,PLN_BASIC,299.0,low,211,2,regular,high,28,517.68,36,54,-0.16666666666666696,5.5,0.0,0.0,0.0,2026-01-15,1,0.0,0.0,0.0,0,2026-01-16
U000636,PLN_STD,499.0,mid,84,2,premium,high,27,636.22,34,64,0.16666666666666696,5.5,1.0,0.0,0.0,2026-01-15,1,2.0,0.0,0.0,0,2026-01-16
U000637,PLN_BASIC,299.0,low,197,1,value,high,27,178.72,17,17,-0.666666666666667,5.0,0.0,0.0,0.0,2026-01-15,1,1.0,0.0,0.0,0,2026-01-16
U000638,PLN_STD,499.0,mid,182,1,value,high,28,345.41,31,38,-0.16666666666666696,5.5,1.0,0.0,0.0,2026-01-15,1,0.0,0.0,0.0,0,2026-01-16
U000639,PLN_STD,499.0,mid,58,3,regular,high,28,958.7285438080444,33,41,-0.16666666666666696,5.5,1.0,0.0,0.0,2026-01-15,1,0.0,0.0,0.0,1,2026-01-16
U000640,PLN_STD,499.0,mid,18,2,regular,high,18,370.7,27,44,-1.5,5.5,1.0,0.0,0.0,2026-01-15,1,0.0,0.0,0.0,0,2026-01-16
U000641,PLN_STD,499.0,mid,88,1,value,high,27,171.57,14,22,-0.666666666666667,5.0,1.0,0.0,0.0,2026-01-15,1,0.0,0.0,0.0,0,2026-01-16
U000642,PLN_PREM,799.0,high,26,3,regular,high,26,377.37,25,48,0.5,5.5,1.0,0.0,0.0,2026-01-15,1,0.0,0.0,0.0,0,2026-01-16
U000643,PLN_STD,499.0,mid,42,2,regular,high,26,302.01,30,25,-0.33333333333333304,5.0,0.0,0.0,0.0,2026-01-15,1,0.0,0.0,0.0,0,2026-01-16
U000644,PLN_STD,499.0,mid,136,1,regular,high,26,560.24,42,59,-1.166666666666667,4.5,0.0,0.0,0.0,2026-01-14,2,0.0,0.0,0.0,0,2026-01-16
U000645,PLN_BASIC,299.0,low,63,2,value,high,28,165.77,20,20,-0.16666666666666696,5.5,0.0,0.0,0.0,2026-01-15,1,0.0,0.0,0.0,0,2026-01-16
U000646,PLN_STD,499.0,mid,174,1,regular,high,28,419.71000000000004,23,40,-0.16666666666666696,5.5,1.0,0.0,0.0,2026-01-15,1,2.0,0.0,0.0,0,2026-01-16
U000647,PLN_BASIC,299.0,low,141,2,value,high,27,227.68,14,28,0.16666666666666696,5.5,1.0,0.0,0.0,2026-01-15,1,0.0,0.0,0.0,1,2026-01-16
U000648,PLN_STD,499.0,mid,122,2,regular,high,28,0.0,0,0,-0.16666666666666696,5.5,0.0,0.0,0.0,2026-01-15,1,0.0,0.0,0.0,1,2026-01-16
U000649,PLN_BASIC,299.0,low,15,1,value,high,15,161.74,16,26,1.5,5.5,1.0,0.0,0.0,2026-01-15,1,0.0,0.0,0.0,0,2026-01-16
U000650,PLN_STD,499.0,mid,44,1,regular,high,27,445.3,29,49,0.16666666666666696,5.5,0.0,0.0,0.0,2026-01-15,1,0.0,0.0,0.0,0,2026-01-16
U000651,PLN_BASIC,299.0,low,134,2,regular,high,27,481.85,22,52,0.16666666666666696,5.5,0.0,0.0,0.0,2026-01-15,1,0.0,0.0,0.0,0,2026-01-16
U000652,PLN_BASIC,299.0,low,93,1,regular,high,28,0.0,0,0,-0.16666666666666696,5.5,0.0,0.0,0.0,2026-01-15,1,2.0,0.0,0.0,1,2026-01-16
U000653,PLN_STD,499.0,mid,206,3,value,high,28,0.0,0,0,-0.16666666666666696,5.5,0.0,0.0,0.0,2026-01-15,1,0.0,0.0,0.0,1,2026-01-16
U000654,PLN_STD,499.0,mid,55,1,value,high,28,354.59000000000003,19,30,-0.16666666666666696,5.5,1.0,0.0,0.0,2026-01-15,1,0.0,0.0,0.0,0,2026-01-16
U000655,PLN_BASIC,299.0,low,118,2,regular,high,27,472.11,33,42,0.16666666666666696,5.5,1.0,0.0,0.0,2026-01-15,1,1.0,0.0,0.0,0,2026-01-16
U000656,PLN_BASIC,299.0,low,123,2,regular,high,28,641.6,34,49,-0.16666666666666696,5.5,1.0,0.0,0.0,2026-01-15,1,1.0,0.0,0.0,0,2026-01-16
U000657,PLN_PREM,799.0,high,64,2,premium,high,28,0.0,0,0,-0.16666666666666696,5.5,0.0,0.0,0.0,2026-01-15,1,0.0,0.0,0.0,1,2026-01-16
U000658,PLN_BASIC,299.0,low,98,1,value,high,28,212.64000000000001,20,23,-0.16666666666666696,5.5,0.0,0.0,0.0,2026-01-15,1,2.0,0.0,0.0,0,2026-01-16
U000659,PLN_STD,499.0,mid,238,3,premium,high,28,592.03,34,57,-0.16666666666666696,5.5,1.0,0.0,0.0,2026-01-15,1,0.0,0.0,0.0,0,2026-01-16
U000660,PLN_BASIC,299.0,low,184,3,value,high,27,155.54,11,17,0.16666666666666696,5.5,1.0,0.0,0.0,2026-01-15,1,1.0,0.0,0.0,0,2026-01-16
U000661,PLN_BASIC,299.0,low,212,1,value,high,28,240.43,28,26,-0.16666666666666696,5.5,0.0,0.0,0.0,2026-01-15,1,2.0,0.0,0.0,0,2026-01-16
U000662,PLN_BASIC,299.0,low,72,1,value,high,27,126.62,10,11,0.16666666666666696,5.5,0.0,0.0,0.0,2026-01-15,1,0.0,0.0,0.0,1,2026-01-16
U000663,PLN_BASIC,299.0,low,248,3,regular,high,28,615.8100000000001,42,59,-0.16666666666666696,5.5,0.0,0.0,0.0,2026-01-15,1,0.0,0.0,0.0,0,2026-01-16
U000664,PLN_STD,499.0,mid,206,2,value,high,28,179.57,14,15,-0.16666666666666696,5.5,1.0,0.0,0.0,2026-01-15,1,2.0,0.0,0.0,0,2026-01-16
U000665,PLN_BASIC,299.0,low,107,1,value,high,28,267.73,27,30,-0.16666666666666696,5.5,0.0,0.0,0.0,2026-01-15,1,1.0,0.0,0.0,0,2026-01-16
U000666,PLN_BASIC,299.0,low,82,1,regular,high,27,542.13,39,63,-0.666666666666667,5.0,1.0,0.0,0.0,2026-01-15,1,0.0,0.0,0.0,0,2026-01-16
U000667,PLN_BASIC,299.0,low,130,2,regular,high,27,361.25,27,43,-0.666666666666667,5.0,0.0,0.0,0.0,2026-01-15,1,1.0,0.0,0.0,0,2026-01-16
U000668,PLN_BASIC,299.0,low,40,2,value,high,27,401.87,23,36,-0.666666666666667,5.0,0.0,0.0,0.0,2026-01-15,1,0.0,0.0,0.0,0,2026-01-16
U000669,PLN_BASIC,299.0,low,26,2,value,high,26,133.22,12,15,0.5,5.5,1.0,0.0,0.0,2026-01-15,1,0.0,0.0,0.0,0,2026-01-16
U000670,PLN_STD,499.0,mid,223,3,regular,high,28,542.92,37,47,-0.16666666666666696,5.5,0.0,0.0,0.0,2026-01-15,1,0.0,0.0,0.0,0,2026-01-16
U000671,PLN_BASIC,299.0,low,17,2,value,high,17,69.61,5,6,-0.5,5.5,1.0,1.0,1.0,2026-01-15,1,0.0,0.0,0.0,1,2026-01-16
U000672,PLN_BASIC,299.0,low,102,2,value,high,28,97.8,7,7,-0.16666666666666696,5.5,0.0,0.0,0.0,2026-01-15,1,1.0,0.0,0.0,0,2026-01-16
U000673,PLN_STD,499.0,mid,97,2,regular,high,27,733.64,48,82,0.16666666666666696,5.5,0.0,0.0,0.0,2026-01-15,1,0.0,0.0,0.0,0,2026-01-16
U000674,PLN_STD,499.0,mid,233,2,value,high,28,207.36,12,23,-0.16666666666666696,5.5,2.0,1.0,0.5,2026-01-15,1,0.0,0.0,0.0,0,2026-01-16
U000675,PLN_STD,499.0,mid,100,1,regular,high,28,383.39,23,34,-0.16666666666666696,5.5,0.0,0.0,0.0,2026-01-15,1,0.0,0.0,0.0,0,2026-01-16
U000676,PLN_BASIC,299.0,low,74,1,value,high,28,31.15,3,4,-0.16666666666666696,5.5,0.0,0.0,0.0,2026-01-15,1,0.0,0.0,0.0,1,2026-01-16
U000677,PLN_BASIC,299.0,low,111,2,value,high,27,278.0,19,21,0.16666666666666696,5.5,1.0,0.0,0.0,2026-01-15,1,0.0,0.0,0.0,0,2026-01-16
U000678,PLN_BASIC,299.0,low,235,2,value,high,28,41.82,2,1,-0.16666666666666696,5.5,0.0,0.0,0.0,2026-01-15,1,2.0,0.0,0.0,1,2026-01-16
U000679,PLN_STD,499.0,mid,125,1,value,high,28,0.0,0,0,-0.16666666666666696,5.5,0.0,0.0,0.0,2026-01-15,1,1.0,0.0,0.0,1,2026-01-16
U000680,PLN_STD,499.0,mid,22,2,value,high,22,257.79,18,26,0.0,5.5,1.0,0.0,0.0,2026-01-15,1,0.0,0.0,0.0,0,2026-01-16
U000681,PLN_BASIC,299.0,low,75,2,value,high,28,12.01,2,2,-0.16666666666666696,5.5,0.0,0.0,0.0,2026-01-15,1,0.0,0.0,0.0,1,2026-01-16
U000682,PLN_STD,499.0,mid,222,2,premium,high,27,548.98,37,68,0.16666666666666696,5.5,0.0,0.0,0.0,2026-01-15,1,0.0,0.0,0.0,0,2026-01-16
U000683,PLN_STD,499.0,mid,16,3,regular,high,15,245.5,15,25,1.5,5.5,1.0,0.0,0.0,2026-01-15,1,0.0,0.0,0.0,0,2026-01-16
U000684,PLN_BASIC,299.0,low,16,3,value,high,16,149.23000000000002,13,10,0.5,5.5,1.0,1.0,1.0,2026-01-15,1,0.0,0.0,0.0,1,2026-01-16
U000685,PLN_STD,499.0,mid,214,2,regular,high,28,0.0,0,0,-0.16666666666666696,5.5,0.0,0.0,0.0,2026-01-15,1,0.0,0.0,0.0,1,2026-01-16
U000686,PLN_BASIC,299.0,low,55,1,regular,high,27,370.36,20,39,-0.666666666666667,5.0,1.0,1.0,1.0,2026-01-15,1,0.0,0.0,0.0,1,2026-01-16
U000687,PLN_STD,499.0,mid,154,2,regular,high,28,428.17,26,43,-0.16666666666666696,5.5,1.0,1.0,1.0,2026-01-15,1,1.0,0.0,0.0,0,2026-01-16
U000688,PLN_BASIC,299.0,low,107,2,value,high,28,276.03,21,35,-0.16666666666666696,5.5,0.0,0.0,0.0,2026-01-15,1,1.0,0.0,0.0,0,2026-01-16
U000689,PLN_BASIC,299.0,low,145,1,value,high,27,97.21,8,11,0.16666666666666696,5.5,2.0,1.0,0.5,2026-01-15,1,1.0,0.0,0.0,0,2026-01-16
U000690,PLN_STD,499.0,mid,60,1,value,high,28,161.60999999999999,10,20,-0.16666666666666696,5.5,1.0,0.0,0.0,2026-01-15,1,1.0,0.0,0.0,1,2026-01-16
U000691,PLN_BASIC,299.0,low,6,1,value,high,6,78.37,6,12,3.0,3.0,1.0,0.0,0.0,2026-01-15,1,0.0,0.0,0.0,1,2026-01-16
U000692,PLN_STD,499.0,mid,57,2,value,high,28,197.57,16,23,-0.16666666666666696,5.5,1.0,0.0,0.0,2026-01-15,1,0.0,0.0,0.0,0,2026-01-16
U000693,PLN_STD,499.0,mid,23,2,premium,high,23,539.65,31,47,-0.5,5.5,1.0,0.0,0.0,2026-01-15,1,0.0,0.0,0.0,0,2026-01-16
U000694,PLN_PREM,799.0,high,19,1,premium,high,19,523.7,26,40,1.5,5.5,1.0,0.0,0.0,2026-01-15,1,0.0,0.0,0.0,0,2026-01-16
U000695,PLN_BASIC,299.0,low,234,3,value,high,28,0.0,0,0,-0.16666666666666696,5.5,0.0,0.0,0.0,2026-01-15,1,0.0,0.0,0.0,1,2026-01-16
U000696,PLN_PREM,799.0,high,193,3,regular,high,27,328.40999999999997,20,34,-0.666666666666667,5.0,0.0,0.0,0.0,2026-01-14,2,0.0,0.0,0.0,1,2026-01-16
U000697,PLN_PREM,799.0,high,75,1,regular,high,28,502.22,45,51,-0.16666666666666696,5.5,0.0,0.0,0.0,2026-01-15,1,1.0,0.0,0.0,0,2026-01-16
U000698,PLN_STD,499.0,mid,108,3,regular,high,28,0.0,0,0,-0.16666666666666696,5.5,0.0,0.0,0.0,2026-01-15,1,0.0,0.0,0.0,1,2026-01-16
U000699,PLN_BASIC,299.0,low,244,1,regular,high,27,510.73,26,49,0.16666666666666696,5.5,0.0,0.0,0.0,2026-01-15,1,0.0,0.0,0.0,0,2026-01-16
U000700,PLN_BASIC,299.0,low,233,3,value,high,28,217.85,15,21,-0.16666666666666696,5.5,1.0,0.0,0.0,2026-01-15,1,0.0,0.0,0.0,0,2026-01-16
U000701,PLN_PREM,799.0,high,126,3,regular,high,28,512.58,24,55,-0.16666666666666696,5.5,1.0,0.0,0.0,2026-01-15,1,0.0,0.0,0.0,0,2026-01-16
U000702,PLN_STD,499.0,mid,102,1,premium,high,27,1303.9108804039029,45,69,0.16666666666666696,5.5,0.0,0.0,0.0,2026-01-15,1,0.0,0.0,0.0,0,2026-01-16
U000703,PLN_BASIC,299.0,low,214,3,regular,high,27,464.19,35,40,-0.666666666666667,5.0,0.0,0.0,0.0,2026-01-15,1,1.0,1.0,0.0,0,2026-01-16
U000704,PLN_STD,499.0,mid,214,3,regular,high,28,0.0,0,0,-0.16666666666666696,5.5,0.0,0.0,0.0,2026-01-15,1,0.0,0.0,0.0,1,2026-01-16
U000705,PLN_STD,499.0,mid,224,3,regular,high,28,0.0,0,0,-0.16666666666666696,5.5,0.0,0.0,0.0,2026-01-15,1,0.0,0.0,0.0,1,2026-01-16
U000706,PLN_BASIC,299.0,low,115,3,value,high,28,0.0,0,0,-0.16666666666666696,5.5,0.0,0.0,0.0,2026-01-15,1,0.0,0.0,0.0,1,2026-01-16
U000707,PLN_BASIC,299.0,low,255,2,value,high,28,0.0,0,0,-0.16666666666666696,5.5,0.0,0.0,0.0,2026-01-15,1,1.0,0.0,0.0,1,2026-01-16
U000708,PLN_PREM,799.0,high,113,1,regular,high,28,434.46,22,36,-0.16666666666666696,5.5,1.0,0.0,0.0,2026-01-15,1,1.0,0.0,0.0,0,2026-01-16
U000709,PLN_BASIC,299.0,low,137,3,value,high,28,137.51,12,13,-0.16666666666666696,5.5,0.0,0.0,0.0,2026-01-15,1,1.0,0.0,0.0,0,2026-01-16
U000710,PLN_STD,499.0,mid,140,2,regular,high,28,424.3,22,37,-0.16666666666666696,5.5,1.0,0.0,0.0,2026-01-15,1,0.0,0.0,0.0,0,2026-01-16
U000711,PLN_STD,499.0,mid,86,2,regular,high,28,459.58,20,49,-0.16666666666666696,5.5,1.0,0.0,0.0,2026-01-15,1,0.0,0.0,0.0,0,2026-01-16
U000712,PLN_PREM,799.0,high,125,2,regular,high,28,541.21,32,54,-0.16666666666666696,5.5,0.0,0.0,0.0,2026-01-15,1,1.0,0.0,0.0,0,2026-01-16
U000713,PLN_BASIC,299.0,low,74,2,value,high,28,322.89,27,40,-0.16666666666666696,5.5,0.0,0.0,0.0,2026-01-15,1,0.0,0.0,0.0,0,2026-01-16
U000714,PLN_PREM,799.0,high,65,1,premium,high,28,855.5,43,72,-0.16666666666666696,5.5,1.0,0.0,0.0,2026-01-15,1,1.0,0.0,0.0,0,2026-01-16
U000715,PLN_BASIC,299.0,low,26,2,value,high,26,197.83,8,24,0.5,5.5,1.0,0.0,0.0,2026-01-15,1,0.0,0.0,0.0,0,2026-01-16
U000716,PLN_BASIC,299.0,low,56,1,value,high,28,113.36000000000001,12,13,-0.16666666666666696,5.5,0.0,0.0,0.0,2026-01-15,1,0.0,0.0,0.0,1,2026-01-16
U000717,PLN_STD,499.0,mid,127,2,value,high,27,329.85,20,37,0.16666666666666696,5.5,0.0,0.0,0.0,2026-01-15,1,0.0,0.0,0.0,0,2026-01-16
U000718,PLN_STD,499.0,mid,133,3,regular,high,27,293.56,20,34,0.16666666666666696,5.5,0.0,0.0,0.0,2026-01-15,1,1.0,0.0,0.0,0,2026-01-16
U000719,PLN_STD,499.0,mid,197,2,premium,high,27,939.24,49,104,0.16666666666666696,5.5,1.0,1.0,1.0,2026-01-15,1,1.0,0.0,0.0,1,2026-01-16
U000720,PLN_BASIC,299.0,low,106,2,value,high,27,258.96,22,24,0.16666666666666696,5.5,0.0,0.0,0.0,2026-01-15,1,3.0,0.0,0.0,0,2026-01-16
U000721,PLN_PREM,799.0,high,222,2,premium,high,28,872.82,49,73,-0.16666666666666696,5.5,0.0,0.0,0.0,2026-01-15,1,1.0,0.0,0.0,0,2026-01-16
U000722,PLN_BASIC,299.0,low,23,3,value,high,23,216.42,16,21,-0.5,5.5,1.0,1.0,1.0,2026-01-15,1,0.0,0.0,0.0,1,2026-01-16
U000723,PLN_STD,499.0,mid,44,2,regular,high,28,476.82,41,44,-0.16666666666666696,5.5,0.0,0.0,0.0,2026-01-15,1,1.0,0.0,0.0,0,2026-01-16
U000724,PLN_BASIC,299.0,low,226,2,value,high,27,221.77,23,41,0.16666666666666696,5.5,0.0,0.0,0.0,2026-01-15,1,1.0,0.0,0.0,0,2026-01-16
U000725,PLN_BASIC,299.0,low,59,1,regular,high,27,606.36,32,55,-0.666666666666667,5.0,2.0,1.0,0.5,2026-01-15,1,0.0,0.0,0.0,0,2026-01-16
U000726,PLN_BASIC,299.0,low,227,1,regular,high,28,428.17,26,41,-0.16666666666666696,5.5,0.0,0.0,0.0,2026-01-15,1,1.0,0.0,0.0,0,2026-01-16
U000727,PLN_BASIC,299.0,low,75,2,regular,high,26,459.92,30,52,-0.33333333333333304,5.0,0.0,0.0,0.0,2026-01-15,1,1.0,0.0,0.0,0,2026-01-16
U000728,PLN_BASIC,299.0,low,234,3,value,high,28,0.0,0,0,-0.16666666666666696,5.5,0.0,0.0,0.0,2026-01-15,1,1.0,0.0,0.0,1,2026-01-16
U000729,PLN_STD,499.0,mid,134,2,regular,high,28,618.444262170887,26,37,-0.16666666666666696,5.5,0.0,0.0,0.0,2026-01-15,1,0.0,0.0,0.0,0,2026-01-16
U000730,PLN_PREM,799.0,high,91,1,premium,high,27,771.91,47,72,-0.666666666666667,5.0,1.0,0.0,0.0,2026-01-15,1,1.0,0.0,0.0,0,2026-01-16
U000731,PLN_BASIC,299.0,low,74,3,regular,high,28,223.53,16,20,-0.16666666666666696,5.5,0.0,0.0,0.0,2026-01-15,1,0.0,0.0,0.0,1,2026-01-16
U000732,PLN_STD,499.0,mid,151,2,regular,high,28,449.85,35,49,-0.16666666666666696,5.5,1.0,0.0,0.0,2026-01-15,1,1.0,0.0,0.0,0,2026-01-16
U000733,PLN_BASIC,299.0,low,25,3,regular,high,25,527.76,32,51,-1.5,5.5,1.0,0.0,0.0,2026-01-15,1,0.0,0.0,0.0,0,2026-01-16
U000734,PLN_STD,499.0,mid,62,1,value,high,27,241.75,17,25,-0.666666666666667,5.0,1.0,0.0,0.0,2026-01-15,1,0.0,0.0,0.0,0,2026-01-16
U000735,PLN_PREM,799.0,high,204,2,premium,high,28,922.3,46,82,-0.16666666666666696,5.5,1.0,0.0,0.0,2026-01-15,1,1.0,0.0,0.0,0,2026-01-16
U000736,PLN_BASIC,299.0,low,88,3,value,high,28,53.94,3,4,-0.16666666666666696,5.5,0.0,0.0,0.0,2026-01-15,1,0.0,0.0,0.0,1,2026-01-16
U000737,PLN_STD,499.0,mid,73,2,regular,high,28,581.09,41,52,-0.16666666666666696,5.5,0.0,0.0,0.0,2026-01-15,1,1.0,1.0,0.0,0,2026-01-16
U000738,PLN_BASIC,299.0,low,173,2,value,high,27,0.0,0,0,-0.666666666666667,5.0,0.0,0.0,0.0,2026-01-15,1,0.0,0.0,0.0,1,2026-01-16
U000739,PLN_BASIC,299.0,low,71,3,value,high,27,179.19,14,17,0.16666666666666696,5.5,0.0,0.0,0.0,2026-01-15,1,1.0,0.0,0.0,0,2026-01-16
U000740,PLN_BASIC,299.0,low,31,1,regular,high,28,574.64,29,61,-0.16666666666666696,5.5,0.0,0.0,0.0,2026-01-15,1,1.0,0.0,0.0,0,2026-01-16
U000741,PLN_STD,499.0,mid,51,1,regular,high,28,319.69,19,28,-0.16666666666666696,5.5,0.0,0.0,0.0,2026-01-15,1,1.0,0.0,0.0,0,2026-01-16
U000742,PLN_PREM,799.0,high,65,2,premium,high,28,837.62,39,80,-0.16666666666666696,5.5,0.0,0.0,0.0,2026-01-15,1,0.0,0.0,0.0,0,2026-01-16
U000743,PLN_STD,499.0,mid,97,2,premium,high,28,0.0,0,0,-0.16666666666666696,5.5,0.0,0.0,0.0,2026-01-15,1,0.0,0.0,0.0,1,2026-01-16
U000744,PLN_BASIC,299.0,low,189,1,value,high,28,200.3,12,22,-0.16666666666666696,5.5,0.0,0.0,0.0,2026-01-15,1,1.0,0.0,0.0,0,2026-01-16
U000745,PLN_BASIC,299.0,low,57,2,value,high,28,158.82,17,15,-0.16666666666666696,5.5,1.0,1.0,1.0,2026-01-15,1,0.0,0.0,0.0,1,2026-01-16
U000746,PLN_BASIC,299.0,low,165,3,value,high,28,360.65,29,38,-0.16666666666666696,5.5,0.0,0.0,0.0,2026-01-15,1,1.0,1.0,0.0,0,2026-01-16
U000747,PLN_STD,499.0,mid,123,2,regular,high,28,395.09,29,39,-0.16666666666666696,5.5,0.0,0.0,0.0,2026-01-15,1,1.0,0.0,0.0,1,2026-01-16
U000748,PLN_STD,499.0,mid,178,2,regular,high,28,535.68,39,56,-0.16666666666666696,5.5,1.0,0.0,0.0,2026-01-15,1,1.0,0.0,0.0,0,2026-01-16
U000749,PLN_PREM,799.0,high,178,3,premium,high,28,710.08,32,61,-0.16666666666666696,5.5,1.0,0.0,0.0,2026-01-15,1,1.0,0.0,0.0,0,2026-01-16
U000750,PLN_PREM,799.0,high,217,2,regular,high,27,0.0,0,0,-0.666666666666667,5.0,0.0,0.0,0.0,2026-01-15,1,1.0,0.0,0.0,1,2026-01-16
U000751,PLN_BASIC,299.0,low,15,3,value,high,15,121.07000000000001,7,11,1.5,5.5,1.0,0.0,0.0,2026-01-15,1,0.0,0.0,0.0,0,2026-01-16
U000752,PLN_PREM,799.0,high,219,2,regular,high,27,527.23,33,41,0.16666666666666696,5.5,0.0,0.0,0.0,2026-01-15,1,1.0,0.0,0.0,0,2026-01-16
U000753,PLN_BASIC,299.0,low,235,3,regular,high,27,0.0,0,0,0.16666666666666696,5.5,0.0,0.0,0.0,2026-01-15,1,0.0,0.0,0.0,1,2026-01-16
U000754,PLN_BASIC,299.0,low,22,2,regular,high,22,372.68,30,32,0.0,5.5,1.0,0.0,0.0,2026-01-15,1,1.0,0.0,0.0,0,2026-01-16
U000755,PLN_BASIC,299.0,low,117,1,value,high,28,311.57,21,37,-0.16666666666666696,5.5,1.0,1.0,1.0,2026-01-15,1,0.0,0.0,0.0,0,2026-01-16
U000756,PLN_PREM,799.0,high,147,3,regular,high,28,471.47,31,48,-0.16666666666666696,5.5,1.0,0.0,0.0,2026-01-15,1,0.0,0.0,0.0,0,2026-01-16
U000757,PLN_BASIC,299.0,low,71,2,regular,high,27,0.0,0,0,0.16666666666666696,5.5,0.0,0.0,0.0,2026-01-15,1,2.0,0.0,0.0,1,2026-01-16
U000758,PLN_BASIC,299.0,low,160,1,value,high,26,199.07,16,25,0.5,5.5,0.0,0.0,0.0,2026-01-15,1,0.0,0.0,0.0,0,2026-01-16
U000759,PLN_BASIC,299.0,low,224,1,regular,high,28,544.3,27,63,-0.16666666666666696,5.5,0.0,0.0,0.0,2026-01-15,1,0.0,0.0,0.0,0,2026-01-16
U000760,PLN_STD,499.0,mid,73,2,value,high,27,0.0,0,0,0.16666666666666696,5.5,0.0,0.0,0.0,2026-01-15,1,1.0,1.0,0.0,1,2026-01-16
U000761,PLN_STD,499.0,mid,212,1,regular,high,28,556.2,35,60,-0.16666666666666696,5.5,1.0,0.0,0.0,2026-01-15,1,1.0,0.0,0.0,0,2026-01-16
U000762,PLN_STD,499.0,mid,118,2,regular,high,28,660.78,41,62,-0.16666666666666696,5.5,1.0,0.0,0.0,2026-01-15,1,0.0,0.0,0.0,0,2026-01-16
U000763,PLN_PREM,799.0,high,18,1,premium,high,17,401.44,28,44,-2.0,5.0,1.0,0.0,0.0,2026-01-15,1,0.0,0.0,0.0,0,2026-01-16
U000764,PLN_BASIC,299.0,low,22,2,value,high,21,147.8,14,27,-0.5,5.0,1.0,0.0,0.0,2026-01-15,1,0.0,0.0,0.0,0,2026-01-16
U000765,PLN_BASIC,299.0,low,166,2,value,high,28,108.94,9,15,-0.16666666666666696,5.5,0.0,0.0,0.0,2026-01-15,1,0.0,0.0,0.0,0,2026-01-16
U000766,PLN_BASIC,299.0,low,61,2,value,high,28,363.54,31,37,-0.16666666666666696,5.5,1.0,0.0,0.0,2026-01-15,1,1.0,0.0,0.0,0,2026-01-16
U000767,PLN_STD,499.0,mid,103,2,regular,high,27,0.0,0,0,0.16666666666666696,5.5,0.0,0.0,0.0,2026-01-15,1,1.0,0.0,0.0,1,2026-01-16
U000768,PLN_BASIC,299.0,low,136,1,value,high,28,286.48,20,32,-0.16666666666666696,5.5,0.0,0.0,0.0,2026-01-15,1,1.0,0.0,0.0,0,2026-01-16
U000769,PLN_STD,499.0,mid,221,2,regular,high,28,480.28,32,43,-0.16666666666666696,5.5,0.0,0.0,0.0,2026-01-15,1,0.0,0.0,0.0,0,2026-01-16
U000770,PLN_BASIC,299.0,low,162,2,value,high,28,179.47,14,23,-0.16666666666666696,5.5,0.0,0.0,0.0,2026-01-15,1,1.0,0.0,0.0,0,2026-01-16
U000771,PLN_BASIC,299.0,low,93,2,value,high,28,277.42,21,33,-0.16666666666666696,5.5,0.0,0.0,0.0,2026-01-15,1,1.0,0.0,0.0,0,2026-01-16
U000772,PLN_BASIC,299.0,low,9,1,regular,high,9,211.3,10,17,4.5,4.5,1.0,1.0,1.0,2026-01-15,1,0.0,0.0,0.0,1,2026-01-16
U000773,PLN_PREM,799.0,high,255,1,regular,high,28,371.09000000000003,27,40,-0.16666666666666696,5.5,0.0,0.0,0.0,2026-01-15,1,0.0,0.0,0.0,0,2026-01-16
U000774,PLN_STD,499.0,mid,76,1,premium,high,28,1087.44,59,114,-0.16666666666666696,5.5,0.0,0.0,0.0,2026-01-15,1,0.0,0.0,0.0,0,2026-01-16
U000775,PLN_STD,499.0,mid,44,2,regular,high,28,435.41,23,41,-0.16666666666666696,5.5,0.0,0.0,0.0,2026-01-15,1,0.0,0.0,0.0,0,2026-01-16
U000776,PLN_PREM,799.0,high,18,2,regular,high,18,337.13,20,43,-1.5,5.5,1.0,1.0,1.0,2026-01-15,1,0.0,0.0,0.0,1,2026-01-16
U000777,PLN_BASIC,299.0,low,150,3,regular,high,28,294.94,25,36,-0.16666666666666696,5.5,0.0,0.0,0.0,2026-01-15,1,1.0,0.0,0.0,0,2026-01-16
U000778,PLN_STD,499.0,mid,227,2,regular,high,28,475.69,35,46,-0.16666666666666696,5.5,0.0,0.0,0.0,2026-01-15,1,0.0,0.0,0.0,0,2026-01-16
U000779,PLN_STD,499.0,mid,188,2,value,high,28,0.0,0,0,-0.16666666666666696,5.5,0.0,0.0,0.0,2026-01-15,1,0.0,0.0,0.0,1,2026-01-16
U000780,PLN_BASIC,299.0,low,43,2,regular,high,27,544.82,36,43,0.16666666666666696,5.5,0.0,0.0,0.0,2026-01-15,1,0.0,0.0,0.0,0,2026-01-16
U000781,PLN_STD,499.0,mid,36,1,regular,high,28,449.73,30,50,-0.16666666666666696,5.5,0.0,0.0,0.0,2026-01-15,1,1.0,0.0,0.0,0,2026-01-16
U000782,PLN_STD,499.0,mid,97,2,value,high,27,0.0,0,0,0.16666666666666696,5.5,0.0,0.0,0.0,2026-01-15,1,2.0,0.0,0.0,1,2026-01-16
U000783,PLN_BASIC,299.0,low,226,2,regular,high,28,607.18,31,58,-0.16666666666666696,5.5,0.0,0.0,0.0,2026-01-15,1,0.0,0.0,0.0,0,2026-01-16
U000784,PLN_BASIC,299.0,low,226,2,regular,high,28,0.0,0,0,-0.16666666666666696,5.5,0.0,0.0,0.0,2026-01-15,1,0.0,0.0,0.0,1,2026-01-16
U000785,PLN_BASIC,299.0,low,136,1,regular,high,27,442.06,25,42,-0.666666666666667,5.0,1.0,0.0,0.0,2026-01-15,1,0.0,0.0,0.0,0,2026-01-16
U000786,PLN_BASIC,299.0,low,109,3,value,high,28,144.94,9,18,-0.16666666666666696,5.5,1.0,0.0,0.0,2026-01-15,1,1.0,0.0,0.0,0,2026-01-16
U000787,PLN_BASIC,299.0,low,248,3,regular,high,28,429.4,32,57,-0.16666666666666696,5.5,0.0,0.0,0.0,2026-01-15,1,1.0,1.0,0.0,0,2026-01-16
U000788,PLN_STD,499.0,mid,84,1,premium,high,28,762.22,46,90,-0.16666666666666696,5.5,1.0,0.0,0.0,2026-01-15,1,1.0,1.0,0.0,0,2026-01-16
U000789,PLN_BASIC,299.0,low,120,2,value,high,27,0.0,0,0,-0.666666666666667,5.0,0.0,0.0,0.0,2026-01-15,1,1.0,0.0,0.0,1,2026-01-16
U000790,PLN_BASIC,299.0,low,253,3,value,high,28,0.0,0,0,-0.16666666666666696,5.5,0.0,0.0,0.0,2026-01-15,1,0.0,0.0,0.0,1,2026-01-16
U000791,PLN_STD,499.0,mid,232,2,value,high,28,203.21,19,26,-0.16666666666666696,5.5,1.0,0.0,0.0,2026-01-15,1,0.0,0.0,0.0,0,2026-01-16
U000792,PLN_STD,499.0,mid,142,3,value,high,28,260.82,29,29,-0.16666666666666696,5.5,1.0,0.0,0.0,2026-01-15,1,0.0,0.0,0.0,0,2026-01-16
U000793,PLN_PREM,799.0,high,75,2,premium,high,28,856.52,42,89,-0.16666666666666696,5.5,0.0,0.0,0.0,2026-01-15,1,1.0,0.0,0.0,0,2026-01-16
U000794,PLN_STD,499.0,mid,49,3,regular,high,28,477.60999999999996,27,48,-0.16666666666666696,5.5,0.0,0.0,0.0,2026-01-15,1,1.0,0.0,0.0,0,2026-01-16
U000795,PLN_BASIC,299.0,low,148,3,value,high,28,0.0,0,0,-0.16666666666666696,5.5,0.0,0.0,0.0,2026-01-15,1,0.0,0.0,0.0,1,2026-01-16
U000796,PLN_BASIC,299.0,low,182,1,value,high,28,231.98000000000002,20,26,-0.16666666666666696,5.5,1.0,0.0,0.0,2026-01-15,1,0.0,0.0,0.0,0,2026-01-16
U000797,PLN_PREM,799.0,high,13,2,premium,high,13,491.57,29,55,3.5,5.5,1.0,0.0,0.0,2026-01-15,1,0.0,0.0,0.0,0,2026-01-16
U000798,PLN_BASIC,299.0,low,141,2,value,high,28,0.0,0,0,-0.16666666666666696,5.5,0.0,0.0,0.0,2026-01-15,1,0.0,0.0,0.0,1,2026-01-16
U000799,PLN_BASIC,299.0,low,177,1,regular,high,27,518.8,29,55,0.16666666666666696,5.5,1.0,0.0,0.0,2026-01-15,1,0.0,0.0,0.0,0,2026-01-16
U000800,PLN_BASIC,299.0,low,145,2,value,high,28,254.41,16,24,-0.16666666666666696,5.5,1.0,0.0,0.0,2026-01-15,1,0.0,0.0,0.0,1,2026-01-16
U000801,PLN_BASIC,299.0,low,253,3,value,high,28,0.0,0,0,-0.16666666666666696,5.5,0.0,0.0,0.0,2026-01-15,1,0.0,0.0,0.0,1,2026-01-16
U000802,PLN_BASIC,299.0,low,181,1,regular,high,28,330.40999999999997,20,34,-0.16666666666666696,5.5,1.0,0.0,0.0,2026-01-15,1,0.0,0.0,0.0,0,2026-01-16
U000803,PLN_BASIC,299.0,low,127,2,value,high,27,87.03999999999999,14,11,0.16666666666666696,5.5,0.0,0.0,0.0,2026-01-15,1,0.0,0.0,0.0,1,2026-01-16
U000804,PLN_BASIC,299.0,low,26,3,regular,high,24,641.74,37,51,0.33333333333333304,5.0,1.0,0.0,0.0,2026-01-15,1,0.0,0.0,0.0,0,2026-01-16
U000805,PLN_BASIC,299.0,low,71,2,value,high,27,46.099999999999994,3,6,-0.666666666666667,5.0,0.0,0.0,0.0,2026-01-15,1,0.0,0.0,0.0,0,2026-01-16
U000806,PLN_BASIC,299.0,low,60,2,regular,high,28,593.63,29,61,-0.16666666666666696,5.5,1.0,1.0,1.0,2026-01-15,1,0.0,0.0,0.0,1,2026-01-16
U000807,PLN_STD,499.0,mid,120,3,regular,high,26,697.95,36,70,-0.33333333333333304,5.0,1.0,0.0,0.0,2026-01-15,1,0.0,0.0,0.0,0,2026-01-16
U000808,PLN_BASIC,299.0,low,229,2,regular,high,28,548.0600000000001,37,48,-0.16666666666666696,5.5,1.0,0.0,0.0,2026-01-15,1,1.0,0.0,0.0,0,2026-01-16
U000809,PLN_BASIC,299.0,low,158,1,value,high,28,0.0,0,0,-0.16666666666666696,5.5,0.0,0.0,0.0,2026-01-15,1,1.0,0.0,0.0,1,2026-01-16
U000810,PLN_STD,499.0,mid,6,1,regular,high,6,87.5,4,12,3.0,3.0,0.0,0.0,0.0,2026-01-15,1,0.0,0.0,0.0,0,2026-01-16
U000811,PLN_PREM,799.0,high,245,3,premium,high,27,669.78,41,79,-0.666666666666667,5.0,0.0,0.0,0.0,2026-01-15,1,0.0,0.0,0.0,0,2026-01-16
U000812,PLN_BASIC,299.0,low,36,2,value,high,27,86.52000000000001,9,9,0.16666666666666696,5.5,1.0,0.0,0.0,2026-01-15,1,0.0,0.0,0.0,0,2026-01-16
U000813,PLN_BASIC,299.0,low,85,2,value,high,27,220.9,15,26,0.16666666666666696,5.5,1.0,0.0,0.0,2026-01-15,1,1.0,1.0,0.0,0,2026-01-16
U000814,PLN_STD,499.0,mid,185,1,regular,high,28,359.01,20,38,-0.16666666666666696,5.5,0.0,0.0,0.0,2026-01-15,1,1.0,0.0,0.0,0,2026-01-16
U000815,PLN_STD,499.0,mid,61,2,value,high,27,94.06,9,13,0.16666666666666696,5.5,1.0,0.0,0.0,2026-01-15,1,0.0,0.0,0.0,0,2026-01-16
U000816,PLN_STD,499.0,mid,46,3,regular,high,28,548.73,38,60,-0.16666666666666696,5.5,0.0,0.0,0.0,2026-01-15,1,0.0,0.0,0.0,0,2026-01-16
U000817,PLN_STD,499.0,mid,246,2,regular,high,28,385.06,26,44,-0.16666666666666696,5.5,0.0,0.0,0.0,2026-01-15,1,1.0,0.0,0.0,0,2026-01-16
U000818,PLN_BASIC,299.0,low,230,3,value,high,28,298.96999999999997,26,30,-0.16666666666666696,5.5,0.0,0.0,0.0,2026-01-15,1,0.0,0.0,0.0,0,2026-01-16
U000819,PLN_PREM,799.0,high,89,2,regular,high,28,347.23,17,44,-0.16666666666666696,5.5,1.0,0.0,0.0,2026-01-15,1,1.0,0.0,0.0,0,2026-01-16
U000820,PLN_STD,499.0,mid,6,2,regular,mid,6,82.53,5,6,3.0,3.0,0.0,0.0,0.0,2026-01-15,1,0.0,0.0,0.0,0,2026-01-16
U000821,PLN_BASIC,299.0,low,250,3,value,high,28,179.14999999999998,17,21,-0.16666666666666696,5.5,0.0,0.0,0.0,2026-01-15,1,0.0,0.0,0.0,0,2026-01-16
U000822,PLN_PREM,799.0,high,89,2,premium,high,28,488.4,32,47,-0.16666666666666696,5.5,1.0,0.0,0.0,2026-01-15,1,0.0,0.0,0.0,0,2026-01-16
U000823,PLN_STD,499.0,mid,222,2,value,high,28,346.56,27,33,-0.16666666666666696,5.5,0.0,0.0,0.0,2026-01-15,1,1.0,0.0,0.0,0,2026-01-16
U000824,PLN_BASIC,299.0,low,93,3,value,high,28,227.93,16,23,-0.16666666666666696,5.5,1.0,0.0,0.0,2026-01-15,1,0.0,0.0,0.0,0,2026-01-16
U000825,PLN_STD,499.0,mid,100,2,regular,high,28,479.91,37,46,-0.16666666666666696,5.5,0.0,0.0,0.0,2026-01-15,1,0.0,0.0,0.0,0,2026-01-16
U000826,PLN_BASIC,299.0,low,234,2,value,high,28,418.69,29,48,-0.16666666666666696,5.5,1.0,0.0,0.0,2026-01-15,1,0.0,0.0,0.0,0,2026-01-16
U000827,PLN_STD,499.0,mid,86,3,regular,high,28,456.47,32,62,-0.16666666666666696,5.5,1.0,0.0,0.0,2026-01-15,1,0.0,0.0,0.0,0,2026-01-16
U000828,PLN_BASIC,299.0,low,31,1,value,high,26,153.37,10,17,-0.33333333333333304,5.0,1.0,0.0,0.0,2026-01-15,1,0.0,0.0,0.0,0,2026-01-16
U000829,PLN_PREM,799.0,high,40,2,regular,high,27,457.87,25,58,-0.666666666666667,5.0,0.0,0.0,0.0,2026-01-15,1,0.0,0.0,0.0,0,2026-01-16
U000830,PLN_BASIC,299.0,low,249,1,value,high,28,250.92,15,26,-0.16666666666666696,5.5,0.0,0.0,0.0,2026-01-15,1,0.0,0.0,0.0,0,2026-01-16
U000831,PLN_STD,499.0,mid,195,2,regular,high,28,550.71,46,56,-0.16666666666666696,5.5,0.0,0.0,0.0,2026-01-15,1,0.0,0.0,0.0,0,2026-01-16
U000832,PLN_STD,499.0,mid,196,1,regular,high,28,422.4,23,41,-0.16666666666666696,5.5,0.0,0.0,0.0,2026-01-15,1,0.0,0.0,0.0,0,2026-01-16
U000833,PLN_STD,499.0,mid,143,2,regular,high,28,495.14,31,55,-0.16666666666666696,5.5,1.0,0.0,0.0,2026-01-15,1,1.0,0.0,0.0,0,2026-01-16
U000834,PLN_PREM,799.0,high,221,1,premium,high,28,1064.09,59,93,-0.16666666666666696,5.5,0.0,0.0,0.0,2026-01-15,1,1.0,0.0,0.0,0,2026-01-16
U000835,PLN_STD,499.0,mid,42,2,regular,high,28,435.87,33,35,-0.16666666666666696,5.5,0.0,0.0,0.0,2026-01-15,1,0.0,0.0,0.0,0,2026-01-16
U000836,PLN_BASIC,299.0,low,62,2,regular,high,28,561.5699999999999,42,56,-0.16666666666666696,5.5,0.0,0.0,0.0,2026-01-15,1,0.0,0.0,0.0,0,2026-01-16
U000837,PLN_STD,499.0,mid,54,2,regular,high,27,410.39,29,60,0.16666666666666696,5.5,1.0,0.0,0.0,2026-01-15,1,1.0,0.0,0.0,0,2026-01-16
U000838,PLN_STD,499.0,mid,207,2,premium,high,28,843.3100000000001,56,114,-0.16666666666666696,5.5,1.0,0.0,0.0,2026-01-15,1,0.0,0.0,0.0,0,2026-01-16
U000839,PLN_STD,499.0,mid,253,2,regular,high,28,0.0,0,0,-0.16666666666666696,5.5,0.0,0.0,0.0,2026-01-15,1,0.0,0.0,0.0,1,2026-01-16
U000840,PLN_PREM,799.0,high,28,2,premium,high,27,964.85,60,82,0.16666666666666696,5.5,1.0,0.0,0.0,2026-01-15,1,0.0,0.0,0.0,0,2026-01-16
U000841,PLN_BASIC,299.0,low,184,2,value,high,28,163.85,11,23,-0.16666666666666696,5.5,0.0,0.0,0.0,2026-01-15,1,0.0,0.0,0.0,0,2026-01-16
U000842,PLN_STD,499.0,mid,92,3,regular,high,26,0.0,0,0,-0.33333333333333304,5.0,0.0,0.0,0.0,2026-01-15,1,1.0,1.0,0.0,1,2026-01-16
U000843,PLN_PREM,799.0,high,28,2,regular,high,28,468.91999999999996,25,54,-0.16666666666666696,5.5,1.0,1.0,1.0,2026-01-15,1,0.0,0.0,0.0,1,2026-01-16
U000844,PLN_BASIC,299.0,low,247,1,value,high,28,290.93,18,24,-0.16666666666666696,5.5,0.0,0.0,0.0,2026-01-15,1,1.0,0.0,0.0,0,2026-01-16
U000845,PLN_STD,499.0,mid,255,3,value,high,28,162.04,10,15,-0.16666666666666696,5.5,0.0,0.0,0.0,2026-01-15,1,0.0,0.0,0.0,0,2026-01-16
U000846,PLN_PREM,799.0,high,255,2,premium,high,28,644.63,39,69,-0.16666666666666696,5.5,0.0,0.0,0.0,2026-01-15,1,1.0,0.0,0.0,0,2026-01-16
U000847,PLN_PREM,799.0,high,217,1,regular,high,27,700.5699999999999,42,68,-0.666666666666667,5.0,0.0,0.0,0.0,2026-01-15,1,0.0,0.0,0.0,0,2026-01-16
U000848,PLN_BASIC,299.0,low,244,2,value,high,28,0.0,0,0,-0.16666666666666696,5.5,0.0,0.0,0.0,2026-01-15,1,1.0,0.0,0.0,1,2026-01-16
U000849,PLN_BASIC,299.0,low,51,1,value,high,25,217.99,12,24,-0.833333333333333,4.5,1.0,0.0,0.0,2026-01-15,1,0.0,0.0,0.0,0,2026-01-16
U000850,PLN_BASIC,299.0,low,104,1,regular,high,28,0.0,0,0,-0.16666666666666696,5.5,0.0,0.0,0.0,2026-01-15,1,0.0,0.0,0.0,1,2026-01-16
U000851,PLN_STD,499.0,mid,11,2,regular,high,11,90.17,5,11,5.5,5.5,1.0,0.0,0.0,2026-01-15,1,0.0,0.0,0.0,0,2026-01-16
U000852,PLN_PREM,799.0,high,55,1,premium,high,28,772.02,41,94,-0.16666666666666696,5.5,1.0,0.0,0.0,2026-01-15,1,1.0,0.0,0.0,0,2026-01-16
U000853,PLN_PREM,799.0,high,15,3,premium,high,15,521.61,29,51,1.5,5.5,1.0,0.0,0.0,2026-01-15,1,0.0,0.0,0.0,1,2026-01-16
U000854,PLN_STD,499.0,mid,197,3,regular,high,28,341.29,15,30,-0.16666666666666696,5.5,0.0,0.0,0.0,2026-01-15,1,1.0,0.0,0.0,0,2026-01-16
U000855,PLN_BASIC,299.0,low,184,2,regular,high,28,0.0,0,0,-0.16666666666666696,5.5,0.0,0.0,0.0,2026-01-15,1,0.0,0.0,0.0,1,2026-01-16
U000856,PLN_BASIC,299.0,low,43,2,value,high,28,231.79,16,33,-0.16666666666666696,5.5,0.0,0.0,0.0,2026-01-15,1,0.0,0.0,0.0,0,2026-01-16
U000857,PLN_STD,499.0,mid,195,2,premium,high,28,772.29,43,62,-0.16666666666666696,5.5,0.0,0.0,0.0,2026-01-15,1,0.0,0.0,0.0,0,2026-01-16
U000858,PLN_BASIC,299.0,low,242,3,value,high,28,217.15,14,27,-0.16666666666666696,5.5,0.0,0.0,0.0,2026-01-15,1,1.0,1.0,0.0,0,2026-01-16
U000859,PLN_BASIC,299.0,low,89,2,value,high,28,140.95,13,13,-0.16666666666666696,5.5,1.0,0.0,0.0,2026-01-15,1,1.0,0.0,0.0,0,2026-01-16
U000860,PLN_PREM,799.0,high,55,1,premium,high,27,766.88,42,68,0.16666666666666696,5.5,1.0,0.0,0.0,2026-01-15,1,1.0,0.0,0.0,0,2026-01-16
U000861,PLN_PREM,799.0,high,13,2,premium,high,13,321.45,26,31,3.5,5.5,2.0,1.0,0.5,2026-01-15,1,0.0,0.0,0.0,0,2026-01-16
U000862,PLN_BASIC,299.0,low,24,2,value,high,24,152.18,13,18,-1.0,5.5,1.0,0.0,0.0,2026-01-15,1,0.0,0.0,0.0,0,2026-01-16
U000863,PLN_STD,499.0,mid,226,1,regular,high,28,128.38,10,11,-0.16666666666666696,5.5,0.0,0.0,0.0,2026-01-15,1,2.0,0.0,0.0,1,2026-01-16
U000864,PLN_STD,499.0,mid,63,2,regular,high,28,719.33,46,91,-0.16666666666666696,5.5,0.0,0.0,0.0,2026-01-15,1,0.0,0.0,0.0,0,2026-01-16
U000865,PLN_BASIC,299.0,low,44,1,value,high,28,112.31,8,13,-0.16666666666666696,5.5,0.0,0.0,0.0,2026-01-15,1,0.0,0.0,0.0,1,2026-01-16
U000866,PLN_STD,499.0,mid,81,3,value,high,28,0.0,0,0,-0.16666666666666696,5.5,0.0,0.0,0.0,2026-01-15,1,1.0,0.0,0.0,1,2026-01-16
U000867,PLN_BASIC,299.0,low,51,2,value,high,28,189.62,15,23,-0.16666666666666696,5.5,1.0,0.0,0.0,2026-01-15,1,0.0,0.0,0.0,0,2026-01-16
U000868,PLN_STD,499.0,mid,46,1,regular,high,28,352.15,24,43,-0.16666666666666696,5.5,0.0,0.0,0.0,2026-01-15,1,1.0,0.0,0.0,0,2026-01-16
U000869,PLN_PREM,799.0,high,144,1,regular,high,28,0.0,0,0,-0.16666666666666696,5.5,0.0,0.0,0.0,2026-01-15,1,2.0,0.0,0.0,1,2026-01-16
U000870,PLN_PREM,799.0,high,246,1,regular,high,28,468.61,27,57,-0.16666666666666696,5.5,0.0,0.0,0.0,2026-01-15,1,1.0,0.0,0.0,0,2026-01-16
U000871,PLN_BASIC,299.0,low,142,2,value,high,27,311.23,13,36,0.16666666666666696,5.5,0.0,0.0,0.0,2026-01-15,1,0.0,0.0,0.0,0,2026-01-16
U000872,PLN_PREM,799.0,high,206,1,premium,high,28,1346.1041835198996,62,118,-0.16666666666666696,5.5,1.0,0.0,0.0,2026-01-15,1,0.0,0.0,0.0,0,2026-01-16
U000873,PLN_STD,499.0,mid,228,2,regular,high,28,456.32,26,41,-0.16666666666666696,5.5,1.0,0.0,0.0,2026-01-15,1,0.0,0.0,0.0,0,2026-01-16
U000874,PLN_PREM,799.0,high,225,1,premium,high,28,576.53,33,60,-0.16666666666666696,5.5,0.0,0.0,0.0,2026-01-15,1,1.0,0.0,0.0,0,2026-01-16
U000875,PLN_BASIC,299.0,low,81,2,value,high,26,310.87,27,28,0.5,5.5,1.0,0.0,0.0,2026-01-15,1,1.0,0.0,0.0,0,2026-01-16
U000876,PLN_STD,499.0,mid,130,2,regular,high,28,442.63,29,38,-0.16666666666666696,5.5,0.0,0.0,0.0,2026-01-15,1,0.0,0.0,0.0,0,2026-01-16
U000877,PLN_STD,499.0,mid,121,2,regular,high,28,539.57,34,53,-0.16666666666666696,5.5,1.0,0.0,0.0,2026-01-15,1,0.0,0.0,0.0,0,2026-01-16
U000878,PLN_BASIC,299.0,low,69,2,value,high,28,10.48,1,1,-0.16666666666666696,5.5,0.0,0.0,0.0,2026-01-15,1,1.0,1.0,0.0,1,2026-01-16
U000879,PLN_BASIC,299.0,low,119,1,value,high,28,342.34,23,39,-0.16666666666666696,5.5,1.0,0.0,0.0,2026-01-15,1,0.0,0.0,0.0,0,2026-01-16
U000880,PLN_BASIC,299.0,low,98,1,value,high,28,104.66,12,7,-0.16666666666666696,5.5,0.0,0.0,0.0,2026-01-15,1,0.0,0.0,0.0,0,2026-01-16
U000881,PLN_STD,499.0,mid,235,1,value,high,27,194.28,15,20,0.16666666666666696,5.5,1.0,0.0,0.0,2026-01-15,1,1.0,0.0,0.0,0,2026-01-16
U000882,PLN_PREM,799.0,high,43,3,regular,high,28,366.22,18,31,-0.16666666666666696,5.5,0.0,0.0,0.0,2026-01-15,1,1.0,0.0,0.0,0,2026-01-16
U000883,PLN_BASIC,299.0,low,144,3,value,high,28,0.0,0,0,-0.16666666666666696,5.5,0.0,0.0,0.0,2026-01-15,1,1.0,0.0,0.0,1,2026-01-16
U000884,PLN_BASIC,299.0,low,218,3,value,high,28,146.22,15,15,-0.16666666666666696,5.5,0.0,0.0,0.0,2026-01-15,1,0.0,0.0,0.0,0,2026-01-16
U000885,PLN_STD,499.0,mid,52,2,regular,high,28,553.57,32,60,-0.16666666666666696,5.5,1.0,0.0,0.0,2026-01-15,1,0.0,0.0,0.0,0,2026-01-16
U000886,PLN_STD,499.0,mid,72,2,value,high,28,162.48,14,18,-0.16666666666666696,5.5,0.0,0.0,0.0,2026-01-15,1,1.0,0.0,0.0,0,2026-01-16
U000887,PLN_BASIC,299.0,low,243,2,value,high,28,83.21000000000001,8,7,-0.16666666666666696,5.5,1.0,0.0,0.0,2026-01-15,1,2.0,1.0,0.0,0,2026-01-16
U000888,PLN_PREM,799.0,high,208,3,regular,high,27,509.96999999999997,25,59,-0.666666666666667,5.0,2.0,1.0,0.5,2026-01-15,1,0.0,0.0,0.0,0,2026-01-16
U000889,PLN_BASIC,299.0,low,253,3,value,high,27,0.0,0,0,-0.666666666666667,5.0,0.0,0.0,0.0,2026-01-15,1,0.0,0.0,0.0,1,2026-01-16
U000890,PLN_STD,499.0,mid,189,3,value,high,27,132.76,12,10,-0.666666666666667,5.0,0.0,0.0,0.0,2026-01-15,1,0.0,0.0,0.0,1,2026-01-16
U000891,PLN_STD,499.0,mid,231,3,value,high,28,226.73,21,20,-0.16666666666666696,5.5,2.0,1.0,0.5,2026-01-15,1,1.0,0.0,0.0,0,2026-01-16
U000892,PLN_STD,499.0,mid,78,2,value,high,28,190.47,10,33,-0.16666666666666696,5.5,0.0,0.0,0.0,2026-01-15,1,1.0,0.0,0.0,0,2026-01-16
U000893,PLN_STD,499.0,mid,125,3,regular,high,27,444.09999999999997,24,37,0.16666666666666696,5.5,0.0,0.0,0.0,2026-01-15,1,0.0,0.0,0.0,0,2026-01-16
U000894,PLN_STD,499.0,mid,10,3,value,high,10,156.89999999999998,13,22,5.0,5.0,1.0,1.0,1.0,2026-01-15,1,0.0,0.0,0.0,1,2026-01-16
U000895,PLN_BASIC,299.0,low,68,2,value,high,28,135.6,10,21,-0.16666666666666696,5.5,0.0,0.0,0.0,2026-01-15,1,1.0,0.0,0.0,0,2026-01-16
U000896,PLN_PREM,799.0,high,103,3,premium,high,28,1014.6800000000001,50,106,-0.16666666666666696,5.5,0.0,0.0,0.0,2026-01-15,1,1.0,0.0,0.0,0,2026-01-16
U000897,PLN_PREM,799.0,high,129,1,premium,high,27,695.15,40,82,-0.666666666666667,5.0,0.0,0.0,0.0,2026-01-15,1,0.0,0.0,0.0,0,2026-01-16
U000898,PLN_STD,499.0,mid,243,3,value,high,28,358.55,25,36,-0.16666666666666696,5.5,1.0,0.0,0.0,2026-01-15,1,0.0,0.0,0.0,0,2026-01-16
U000899,PLN_BASIC,299.0,low,239,3,value,high,28,293.07,20,32,-0.16666666666666696,5.5,1.0,0.0,0.0,2026-01-15,1,1.0,0.0,0.0,0,2026-01-16
U000900,PLN_BASIC,299.0,low,102,1,regular,high,28,460.73,33,44,-0.16666666666666696,5.5,0.0,0.0,0.0,2026-01-15,1,0.0,0.0,0.0,0,2026-01-16
U000901,PLN_BASIC,299.0,low,255,2,regular,high,28,264.71999999999997,13,26,-0.16666666666666696,5.5,0.0,0.0,0.0,2026-01-15,1,1.0,0.0,0.0,0,2026-01-16
U000902,PLN_PREM,799.0,high,246,1,regular,high,28,439.25,35,57,-0.16666666666666696,5.5,0.0,0.0,0.0,2026-01-15,1,1.0,0.0,0.0,0,2026-01-16
U000903,PLN_BASIC,299.0,low,201,3,value,high,28,219.29,14,18,-0.16666666666666696,5.5,1.0,0.0,0.0,2026-01-15,1,1.0,0.0,0.0,0,2026-01-16
U000904,PLN_STD,499.0,mid,35,3,value,high,28,176.02,17,17,-0.16666666666666696,5.5,0.0,0.0,0.0,2026-01-15,1,1.0,0.0,0.0,0,2026-01-16
U000905,PLN_BASIC,299.0,low,141,2,regular,high,27,451.89,30,44,-0.666666666666667,5.0,1.0,0.0,0.0,2026-01-15,1,1.0,0.0,0.0,0,2026-01-16
U000906,PLN_STD,499.0,mid,78,3,premium,high,28,795.58,35,88,-0.16666666666666696,5.5,0.0,0.0,0.0,2026-01-15,1,1.0,0.0,0.0,0,2026-01-16
U000907,PLN_STD,499.0,mid,153,1,premium,high,28,1129.23,58,112,-0.16666666666666696,5.5,0.0,0.0,0.0,2026-01-15,1,1.0,0.0,0.0,0,2026-01-16
U000908,PLN_BASIC,299.0,low,213,2,value,high,28,0.0,0,0,-0.16666666666666696,5.5,0.0,0.0,0.0,2026-01-15,1,0.0,0.0,0.0,1,2026-01-16
U000909,PLN_BASIC,299.0,low,163,2,regular,high,28,234.02,15,26,-0.16666666666666696,5.5,0.0,0.0,0.0,2026-01-15,1,1.0,0.0,0.0,0,2026-01-16
U000910,PLN_BASIC,299.0,low,233,1,value,high,27,199.1,16,17,0.16666666666666696,5.5,1.0,0.0,0.0,2026-01-15,1,1.0,0.0,0.0,0,2026-01-16
U000911,PLN_BASIC,299.0,low,63,2,regular,high,27,433.23,20,41,-0.666666666666667,5.0,0.0,0.0,0.0,2026-01-15,1,1.0,0.0,0.0,0,2026-01-16
U000912,PLN_PREM,799.0,high,210,2,premium,high,28,766.15,34,74,-0.16666666666666696,5.5,0.0,0.0,0.0,2026-01-15,1,0.0,0.0,0.0,0,2026-01-16
U000913,PLN_PREM,799.0,high,162,2,regular,high,27,367.29,20,44,0.16666666666666696,5.5,0.0,0.0,0.0,2026-01-15,1,2.0,0.0,0.0,0,2026-01-16
U000914,PLN_BASIC,299.0,low,11,2,value,high,11,138.84,10,12,5.5,5.5,1.0,0.0,0.0,2026-01-15,1,0.0,0.0,0.0,0,2026-01-16
U000915,PLN_PREM,799.0,high,108,3,regular,high,28,385.45,29,40,-0.16666666666666696,5.5,0.0,0.0,0.0,2026-01-15,1,1.0,0.0,0.0,0,2026-01-16
U000916,PLN_STD,499.0,mid,141,2,regular,high,28,584.63,30,68,-0.16666666666666696,5.5,0.0,0.0,0.0,2026-01-15,1,2.0,0.0,0.0,0,2026-01-16
U000917,PLN_STD,499.0,mid,120,3,regular,high,26,416.8,28,43,-0.33333333333333304,5.0,1.0,0.0,0.0,2026-01-15,1,1.0,0.0,0.0,0,2026-01-16
U000918,PLN_BASIC,299.0,low,60,2,value,high,27,207.73,8,19,0.16666666666666696,5.5,1.0,0.0,0.0,2026-01-15,1,0.0,0.0,0.0,0,2026-01-16
U000919,PLN_PREM,799.0,high,193,2,premium,high,28,1068.35,58,114,-0.16666666666666696,5.5,0.0,0.0,0.0,2026-01-15,1,0.0,0.0,0.0,0,2026-01-16
U000920,PLN_BASIC,299.0,low,97,2,value,high,28,164.37,12,16,-0.16666666666666696,5.5,0.0,0.0,0.0,2026-01-15,1,0.0,0.0,0.0,0,2026-01-16
U000921,PLN_BASIC,299.0,low,37,2,value,high,28,247.88,17,22,-0.16666666666666696,5.5,0.0,0.0,0.0,2026-01-15,1,0.0,0.0,0.0,0,2026-01-16
U000922,PLN_BASIC,299.0,low,113,2,value,high,28,202.78,16,21,-0.16666666666666696,5.5,1.0,0.0,0.0,2026-01-15,1,1.0,0.0,0.0,1,2026-01-16
U000923,PLN_BASIC,299.0,low,144,2,value,high,28,300.2,23,40,-0.16666666666666696,5.5,1.0,1.0,1.0,2026-01-15,1,1.0,0.0,0.0,1,2026-01-16
U000924,PLN_BASIC,299.0,low,220,1,value,high,28,240.94,17,24,-0.16666666666666696,5.5,0.0,0.0,0.0,2026-01-15,1,1.0,1.0,0.0,0,2026-01-16
U000925,PLN_STD,499.0,mid,194,2,regular,high,28,332.65999999999997,25,33,-0.16666666666666696,5.5,0.0,0.0,0.0,2026-01-15,1,0.0,0.0,0.0,0,2026-01-16
U000926,PLN_STD,499.0,mid,19,2,value,high,19,114.39999999999999,5,20,1.5,5.5,1.0,0.0,0.0,2026-01-15,1,0.0,0.0,0.0,0,2026-01-16
U000927,PLN_STD,499.0,mid,121,2,value,high,28,325.71,29,28,-0.16666666666666696,5.5,1.0,0.0,0.0,2026-01-15,1,1.0,0.0,0.0,0,2026-01-16
U000928,PLN_BASIC,299.0,low,181,3,value,high,27,103.8,7,10,-0.666666666666667,5.0,1.0,0.0,0.0,2026-01-14,2,2.0,1.0,0.0,0,2026-01-16
U000929,PLN_STD,499.0,mid,151,2,value,high,28,184.15,13,21,-0.16666666666666696,5.5,1.0,0.0,0.0,2026-01-15,1,1.0,0.0,0.0,0,2026-01-16
U000930,PLN_PREM,799.0,high,111,3,premium,high,27,1081.96,72,112,0.16666666666666696,5.5,2.0,1.0,0.5,2026-01-15,1,0.0,0.0,0.0,0,2026-01-16
U000931,PLN_PREM,799.0,high,122,3,premium,high,28,815.69,57,76,-0.16666666666666696,5.5,0.0,0.0,0.0,2026-01-15,1,2.0,0.0,0.0,1,2026-01-16
U000932,PLN_BASIC,299.0,low,81,3,value,high,28,160.22,13,24,-0.16666666666666696,5.5,1.0,0.0,0.0,2026-01-15,1,1.0,1.0,0.0,0,2026-01-16
U000933,PLN_STD,499.0,mid,192,3,regular,high,27,535.23,34,48,-0.666666666666667,5.0,0.0,0.0,0.0,2026-01-15,1,1.0,0.0,0.0,0,2026-01-16
U000934,PLN_PREM,799.0,high,94,1,regular,high,28,466.82,27,41,-0.16666666666666696,5.5,0.0,0.0,0.0,2026-01-15,1,0.0,0.0,0.0,0,2026-01-16
U000935,PLN_PREM,799.0,high,145,2,premium,high,28,1006.45,57,108,-0.16666666666666696,5.5,2.0,1.0,0.5,2026-01-15,1,0.0,0.0,0.0,0,2026-01-16
U000936,PLN_BASIC,299.0,low,20,1,value,high,20,63.18,7,8,1.0,5.5,1.0,0.0,0.0,2026-01-15,1,0.0,0.0,0.0,0,2026-01-16
U000937,PLN_BASIC,299.0,low,217,3,value,high,26,244.88,19,20,-0.33333333333333304,5.0,0.0,0.0,0.0,2026-01-15,1,1.0,0.0,0.0,0,2026-01-16
U000938,PLN_BASIC,299.0,low,219,2,regular,high,26,515.26,31,52,0.5,5.5,0.0,0.0,0.0,2026-01-15,1,1.0,1.0,0.0,0,2026-01-16
U000939,PLN_PREM,799.0,high,141,2,premium,high,28,759.68,44,82,-0.16666666666666696,5.5,1.0,0.0,0.0,2026-01-15,1,1.0,0.0,0.0,0,2026-01-16
U000940,PLN_BASIC,299.0,low,129,3,regular,high,27,446.04,29,34,0.16666666666666696,5.5,0.0,0.0,0.0,2026-01-15,1,1.0,0.0,0.0,0,2026-01-16
U000941,PLN_STD,499.0,mid,83,1,regular,high,27,387.83,25,35,0.16666666666666696,5.5,1.0,0.0,0.0,2026-01-15,1,1.0,0.0,0.0,0,2026-01-16
U000942,PLN_BASIC,299.0,low,155,2,value,high,28,329.0,25,34,-0.16666666666666696,5.5,0.0,0.0,0.0,2026-01-15,1,0.0,0.0,0.0,0,2026-01-16
U000943,PLN_BASIC,299.0,low,27,2,regular,high,27,349.6,17,32,0.16666666666666696,5.5,1.0,0.0,0.0,2026-01-15,1,0.0,0.0,0.0,0,2026-01-16
U000944,PLN_PREM,799.0,high,137,1,premium,high,28,840.53,58,70,-0.16666666666666696,5.5,0.0,0.0,0.0,2026-01-15,1,0.0,0.0,0.0,0,2026-01-16
U000945,PLN_BASIC,299.0,low,224,2,regular,high,28,564.86,35,56,-0.16666666666666696,5.5,0.0,0.0,0.0,2026-01-15,1,0.0,0.0,0.0,0,2026-01-16
U000946,PLN_STD,499.0,mid,227,3,regular,high,28,491.15999999999997,35,56,-0.16666666666666696,5.5,1.0,1.0,1.0,2026-01-15,1,1.0,0.0,0.0,0,2026-01-16
U000947,PLN_STD,499.0,mid,12,1,regular,high,11,214.32999999999998,11,26,4.0,5.0,1.0,0.0,0.0,2026-01-15,1,0.0,0.0,0.0,1,2026-01-16
U000948,PLN_PREM,799.0,high,223,2,regular,high,28,696.58,41,71,-0.16666666666666696,5.5,0.0,0.0,0.0,2026-01-15,1,0.0,0.0,0.0,0,2026-01-16
U000949,PLN_BASIC,299.0,low,19,2,regular,high,19,502.73,27,49,1.5,5.5,1.0,0.0,0.0,2026-01-15,1,0.0,0.0,0.0,1,2026-01-16
U000950,PLN_STD,499.0,mid,187,2,regular,high,28,392.23,25,41,-0.16666666666666696,5.5,0.0,0.0,0.0,2026-01-15,1,1.0,0.0,0.0,0,2026-01-16
U000951,PLN_PREM,799.0,high,233,1,premium,high,28,859.24,61,71,-0.16666666666666696,5.5,1.0,0.0,0.0,2026-01-15,1,0.0,0.0,0.0,0,2026-01-16
U000952,PLN_STD,499.0,mid,180,3,regular,high,27,428.68,26,48,-0.666666666666667,5.0,0.0,0.0,0.0,2026-01-15,1,0.0,0.0,0.0,0,2026-01-16
U000953,PLN_BASIC,299.0,low,102,3,value,high,27,149.59,12,14,0.16666666666666696,5.5,0.0,0.0,0.0,2026-01-15,1,1.0,0.0,0.0,0,2026-01-16
U000954,PLN_BASIC,299.0,low,149,1,value,high,28,0.0,0,0,-0.16666666666666696,5.5,0.0,0.0,0.0,2026-01-15,1,1.0,0.0,0.0,1,2026-01-16
U000955,PLN_BASIC,299.0,low,59,2,value,high,28,292.2,19,28,-0.16666666666666696,5.5,1.0,0.0,0.0,2026-01-15,1,1.0,1.0,0.0,0,2026-01-16
U000956,PLN_BASIC,299.0,low,103,2,value,high,27,232.81,16,32,0.16666666666666696,5.5,0.0,0.0,0.0,2026-01-15,1,1.0,0.0,0.0,0,2026-01-16
U000957,PLN_BASIC,299.0,low,156,2,value,high,28,339.55,24,39,-0.16666666666666696,5.5,0.0,0.0,0.0,2026-01-15,1,2.0,0.0,0.0,0,2026-01-16
U000958,PLN_PREM,799.0,high,97,2,regular,high,27,670.59,35,76,-0.666666666666667,5.0,0.0,0.0,0.0,2026-01-15,1,1.0,0.0,0.0,0,2026-01-16
U000959,PLN_BASIC,299.0,low,13,1,value,high,13,57.339999999999996,4,8,3.5,5.5,1.0,0.0,0.0,2026-01-15,1,0.0,0.0,0.0,0,2026-01-16
U000960,PLN_BASIC,299.0,low,153,1,value,high,27,186.81,15,19,0.16666666666666696,5.5,1.0,1.0,1.0,2026-01-15,1,1.0,1.0,0.0,1,2026-01-16
U000961,PLN_STD,499.0,mid,218,3,regular,high,28,499.69,43,61,-0.16666666666666696,5.5,0.0,0.0,0.0,2026-01-15,1,1.0,0.0,0.0,0,2026-01-16
U000962,PLN_STD,499.0,mid,154,2,value,high,28,286.84,24,41,-0.16666666666666696,5.5,0.0,0.0,0.0,2026-01-15,1,0.0,0.0,0.0,0,2026-01-16
U000963,PLN_STD,499.0,mid,46,3,regular,high,27,619.65,32,64,-0.666666666666667,5.0,0.0,0.0,0.0,2026-01-15,1,0.0,0.0,0.0,0,2026-01-16
U000964,PLN_PREM,799.0,high,202,2,premium,high,26,616.1,38,69,0.5,5.5,1.0,0.0,0.0,2026-01-15,1,1.0,0.0,0.0,0,2026-01-16
U000965,PLN_BASIC,299.0,low,18,3,regular,high,17,246.2,22,25,-0.5,5.5,1.0,0.0,0.0,2026-01-15,1,0.0,0.0,0.0,0,2026-01-16
U000966,PLN_BASIC,299.0,low,109,1,value,high,28,136.73,21,18,-0.16666666666666696,5.5,1.0,0.0,0.0,2026-01-15,1,1.0,0.0,0.0,0,2026-01-16
U000967,PLN_STD,499.0,mid,106,1,value,high,28,209.99,12,21,-0.16666666666666696,5.5,0.0,0.0,0.0,2026-01-15,1,0.0,0.0,0.0,0,2026-01-16
U000968,PLN_STD,499.0,mid,177,3,regular,high,27,627.0799999999999,36,88,0.16666666666666696,5.5,1.0,0.0,0.0,2026-01-15,1,0.0,0.0,0.0,0,2026-01-16
U000969,PLN_STD,499.0,mid,25,3,regular,high,25,278.02,17,39,-1.5,5.5,1.0,0.0,0.0,2026-01-15,1,0.0,0.0,0.0,0,2026-01-16
U000970,PLN_BASIC,299.0,low,247,2,value,high,28,0.0,0,0,-0.16666666666666696,5.5,0.0,0.0,0.0,2026-01-15,1,0.0,0.0,0.0,1,2026-01-16
U000971,PLN_STD,499.0,mid,182,2,regular,high,27,495.01,34,59,0.16666666666666696,5.5,0.0,0.0,0.0,2026-01-15,1,1.0,0.0,0.0,0,2026-01-16
U000972,PLN_STD,499.0,mid,151,2,regular,high,27,706.67,40,68,0.16666666666666696,5.5,1.0,0.0,0.0,2026-01-15,1,0.0,0.0,0.0,0,2026-01-16
U000973,PLN_BASIC,299.0,low,137,2,value,high,28,0.0,0,0,-0.16666666666666696,5.5,0.0,0.0,0.0,2026-01-15,1,0.0,0.0,0.0,1,2026-01-16
U000974,PLN_STD,499.0,mid,137,1,regular,high,28,500.46999999999997,30,45,-0.16666666666666696,5.5,0.0,0.0,0.0,2026-01-15,1,2.0,0.0,0.0,0,2026-01-16
U000975,PLN_BASIC,299.0,low,219,3,value,high,27,421.3693490285966,20,42,0.16666666666666696,5.5,0.0,0.0,0.0,2026-01-15,1,0.0,0.0,0.0,0,2026-01-16
U000976,PLN_BASIC,299.0,low,200,2,value,high,28,0.0,0,0,-0.16666666666666696,5.5,0.0,0.0,0.0,2026-01-15,1,1.0,0.0,0.0,1,2026-01-16
U000977,PLN_BASIC,299.0,low,233,2,regular,high,28,559.9,35,54,-0.16666666666666696,5.5,1.0,0.0,0.0,2026-01-15,1,1.0,0.0,0.0,0,2026-01-16
U000978,PLN_STD,499.0,mid,113,1,value,high,28,0.0,0,0,-0.16666666666666696,5.5,0.0,0.0,0.0,2026-01-15,1,0.0,0.0,0.0,1,2026-01-16
U000979,PLN_PREM,799.0,high,168,1,regular,high,27,403.92,28,31,0.16666666666666696,5.5,0.0,0.0,0.0,2026-01-15,1,1.0,0.0,0.0,0,2026-01-16
U000980,PLN_STD,499.0,mid,114,2,regular,high,28,465.39,30,46,-0.16666666666666696,5.5,1.0,0.0,0.0,2026-01-15,1,1.0,0.0,0.0,0,2026-01-16
U000981,PLN_STD,499.0,mid,108,2,value,high,28,132.82,13,14,-0.16666666666666696,5.5,1.0,0.0,0.0,2026-01-15,1,0.0,0.0,0.0,0,2026-01-16
U000982,PLN_PREM,799.0,high,80,2,premium,high,28,469.25,32,60,-0.16666666666666696,5.5,0.0,0.0,0.0,2026-01-15,1,0.0,0.0,0.0,0,2026-01-16
U000983,PLN_BASIC,299.0,low,119,1,value,high,28,182.03,15,22,-0.16666666666666696,5.5,1.0,0.0,0.0,2026-01-15,1,1.0,1.0,0.0,0,2026-01-16
U000984,PLN_BASIC,299.0,low,94,3,value,high,28,334.38,25,31,-0.16666666666666696,5.5,1.0,0.0,0.0,2026-01-15,1,1.0,0.0,0.0,0,2026-01-16
U000985,PLN_STD,499.0,mid,109,2,premium,high,28,661.4200000000001,35,67,-0.16666666666666696,5.5,0.0,0.0,0.0,2026-01-15,1,1.0,0.0,0.0,0,2026-01-16
U000986,PLN_STD,499.0,mid,93,3,regular,high,26,0.0,0,0,-0.33333333333333304,5.0,0.0,0.0,0.0,2026-01-15,1,1.0,0.0,0.0,1,2026-01-16
U000987,PLN_BASIC,299.0,low,102,1,regular,high,28,583.77,43,67,-0.16666666666666696,5.5,0.0,0.0,0.0,2026-01-15,1,0.0,0.0,0.0,0,2026-01-16
U000988,PLN_BASIC,299.0,low,177,2,value,high,28,67.69,4,11,-0.16666666666666696,5.5,0.0,0.0,0.0,2026-01-15,1,0.0,0.0,0.0,1,2026-01-16
U000989,PLN_STD,499.0,mid,195,2,value,high,28,216.84,22,28,-0.16666666666666696,5.5,0.0,0.0,0.0,2026-01-15,1,0.0,0.0,0.0,0,2026-01-16
U000990,PLN_STD,499.0,mid,59,2,regular,high,28,384.91,20,52,-0.16666666666666696,5.5,1.0,0.0,0.0,2026-01-15,1,0.0,0.0,0.0,1,2026-01-16
U000991,PLN_BASIC,299.0,low,170,2,value,high,28,141.74,5,22,-0.16666666666666696,5.5,0.0,0.0,0.0,2026-01-15,1,0.0,0.0,0.0,0,2026-01-16
U000992,PLN_BASIC,299.0,low,119,1,value,high,28,205.57,18,20,-0.16666666666666696,5.5,1.0,0.0,0.0,2026-01-15,1,0.0,0.0,0.0,1,2026-01-16
U000993,PLN_PREM,799.0,high,207,2,regular,high,26,621.9300000000001,35,61,0.5,5.5,1.0,0.0,0.0,2026-01-15,1,0.0,0.0,0.0,0,2026-01-16
U000994,PLN_BASIC,299.0,low,148,2,value,high,28,0.0,0,0,-0.16666666666666696,5.5,0.0,0.0,0.0,2026-01-15,1,0.0,0.0,0.0,1,2026-01-16
U000995,PLN_BASIC,299.0,low,124,2,value,high,28,0.0,0,0,-0.16666666666666696,5.5,0.0,0.0,0.0,2026-01-15,1,0.0,0.0,0.0,1,2026-01-16
U000996,PLN_BASIC,299.0,low,99,1,value,high,27,136.79,11,21,-0.666666666666667,5.0,0.0,0.0,0.0,2026-01-15,1,1.0,0.0,0.0,0,2026-01-16
U000997,PLN_STD,499.0,mid,124,2,regular,high,28,324.11,12,22,-0.16666666666666696,5.5,0.0,0.0,0.0,2026-01-15,1,1.0,0.0,0.0,1,2026-01-16
U000998,PLN_PREM,799.0,high,166,2,regular,high,28,109.83,11,16,-0.16666666666666696,5.5,0.0,0.0,0.0,2026-01-15,1,1.0,0.0,0.0,1,2026-01-16
U000999,PLN_PREM,799.0,high,15,2,premium,high,15,359.09999999999997,21,39,1.5,5.5,1.0,0.0,0.0,2026-01-15,1,1.0,0.0,0.0,0,2026-01-16
U001000,PLN_BASIC,299.0,low,128,2,value,high,28,0.0,0,0,-0.16666666666666696,5.5,0.0,0.0,0.0,2026-01-15,1,0.0,0.0,0.0,1,2026-01-16
U001001,PLN_STD,499.0,mid,54,2,value,high,28,194.24,19,24,-0.16666666666666696,5.5,1.0,0.0,0.0,2026-01-15,1,0.0,0.0,0.0,0,2026-01-16
U001002,PLN_STD,499.0,mid,72,3,regular,high,28,662.6800000000001,34,59,-0.16666666666666696,5.5,0.0,0.0,0.0,2026-01-15,1,0.0,0.0,0.0,0,2026-01-16
U001003,PLN_STD,499.0,mid,116,2,value,high,28,284.89,14,30,-0.16666666666666696,5.5,1.0,0.0,0.0,2026-01-15,1,0.0,0.0,0.0,0,2026-01-16
U001004,PLN_PREM,799.0,high,34,2,regular,high,28,397.96,29,46,-0.16666666666666696,5.5,0.0,0.0,0.0,2026-01-15,1,0.0,0.0,0.0,0,2026-01-16
U001005,PLN_PREM,799.0,high,224,3,premium,high,27,448.61,20,51,0.16666666666666696,5.5,0.0,0.0,0.0,2026-01-15,1,1.0,0.0,0.0,1,2026-01-16
U001006,PLN_STD,499.0,mid,25,2,regular,high,24,365.72,27,39,-1.0,5.5,1.0,0.0,0.0,2026-01-15,1,1.0,0.0,0.0,0,2026-01-16
U001007,PLN_STD,499.0,mid,43,3,regular,high,28,542.73,32,50,-0.16666666666666696,5.5,0.0,0.0,0.0,2026-01-15,1,1.0,0.0,0.0,0,2026-01-16
U001008,PLN_STD,499.0,mid,130,3,premium,high,28,0.0,0,0,-0.16666666666666696,5.5,0.0,0.0,0.0,2026-01-15,1,0.0,0.0,0.0,1,2026-01-16
U001009,PLN_STD,499.0,mid,72,1,value,high,28,275.76,20,43,-0.16666666666666696,5.5,0.0,0.0,0.0,2026-01-15,1,0.0,0.0,0.0,0,2026-01-16
U001010,PLN_PREM,799.0,high,126,2,premium,high,28,794.08,55,78,-0.16666666666666696,5.5,0.0,0.0,0.0,2026-01-15,1,0.0,0.0,0.0,0,2026-01-16
U001011,PLN_PREM,799.0,high,189,2,regular,high,28,0.0,0,0,-0.16666666666666696,5.5,0.0,0.0,0.0,2026-01-15,1,0.0,0.0,0.0,1,2026-01-16
U001012,PLN_STD,499.0,mid,56,3,regular,high,28,475.19,34,50,-0.16666666666666696,5.5,1.0,0.0,0.0,2026-01-15,1,0.0,0.0,0.0,0,2026-01-16
U001013,PLN_PREM,799.0,high,195,2,premium,high,28,927.63,62,96,-0.16666666666666696,5.5,0.0,0.0,0.0,2026-01-15,1,0.0,0.0,0.0,0,2026-01-16
U001014,PLN_PREM,799.0,high,178,1,regular,high,28,525.72,37,60,-0.16666666666666696,5.5,2.0,1.0,0.5,2026-01-15,1,1.0,0.0,0.0,0,2026-01-16
U001015,PLN_PREM,799.0,high,126,2,regular,high,28,439.7954936664011,19,33,-0.16666666666666696,5.5,0.0,0.0,0.0,2026-01-15,1,2.0,0.0,0.0,0,2026-01-16
U001016,PLN_BASIC,299.0,low,46,1,value,high,28,69.71000000000001,5,5,-0.16666666666666696,5.5,0.0,0.0,0.0,2026-01-15,1,0.0,0.0,0.0,1,2026-01-16
U001017,PLN_STD,499.0,mid,160,3,regular,high,28,456.64,36,43,-0.16666666666666696,5.5,0.0,0.0,0.0,2026-01-15,1,0.0,0.0,0.0,0,2026-01-16
U001018,PLN_BASIC,299.0,low,132,2,regular,high,28,391.66,26,43,-0.16666666666666696,5.5,0.0,0.0,0.0,2026-01-15,1,0.0,0.0,0.0,0,2026-01-16
U001019,PLN_BASIC,299.0,low,246,2,value,high,28,174.41,13,16,-0.16666666666666696,5.5,0.0,0.0,0.0,2026-01-15,1,0.0,0.0,0.0,0,2026-01-16
U001020,PLN_STD,499.0,mid,227,3,regular,high,28,496.11,28,64,-0.16666666666666696,5.5,0.0,0.0,0.0,2026-01-15,1,0.0,0.0,0.0,0,2026-01-16
U001021,PLN_BASIC,299.0,low,242,2,regular,high,28,633.91,36,63,-0.16666666666666696,5.5,1.0,0.0,0.0,2026-01-15,1,0.0,0.0,0.0,0,2026-01-16
U001022,PLN_STD,499.0,mid,238,2,regular,high,27,0.0,0,0,-0.666666666666667,5.0,0.0,0.0,0.0,2026-01-15,1,0.0,0.0,0.0,1,2026-01-16
U001023,PLN_BASIC,299.0,low,39,3,value,high,28,78.2,8,9,-0.16666666666666696,5.5,0.0,0.0,0.0,2026-01-15,1,0.0,0.0,0.0,0,2026-01-16
U001024,PLN_BASIC,299.0,low,45,3,regular,high,28,187.92000000000002,13,15,-0.16666666666666696,5.5,0.0,0.0,0.0,2026-01-15,1,1.0,0.0,0.0,1,2026-01-16
U001025,PLN_BASIC,299.0,low,50,3,value,high,27,170.72,12,21,0.16666666666666696,5.5,1.0,0.0,0.0,2026-01-15,1,0.0,0.0,0.0,0,2026-01-16
U001026,PLN_BASIC,299.0,low,243,1,value,high,28,235.41,18,19,-0.16666666666666696,5.5,1.0,0.0,0.0,2026-01-15,1,1.0,1.0,0.0,0,2026-01-16
U001027,PLN_BASIC,299.0,low,237,2,regular,high,28,681.39,41,64,-0.16666666666666696,5.5,1.0,0.0,0.0,2026-01-15,1,0.0,0.0,0.0,0,2026-01-16
U001028,PLN_BASIC,299.0,low,186,1,value,high,28,184.67000000000002,10,23,-0.16666666666666696,5.5,0.0,0.0,0.0,2026-01-15,1,0.0,0.0,0.0,0,2026-01-16
U001029,PLN_BASIC,299.0,low,115,3,value,high,28,226.7,18,27,-0.16666666666666696,5.5,1.0,0.0,0.0,2026-01-15,1,1.0,0.0,0.0,0,2026-01-16
U001030,PLN_PREM,799.0,high,173,2,regular,high,28,545.96,35,57,-0.16666666666666696,5.5,1.0,1.0,1.0,2026-01-15,1,1.0,0.0,0.0,1,2026-01-16
U001031,PLN_BASIC,299.0,low,134,2,value,high,27,233.4,15,25,0.16666666666666696,5.5,0.0,0.0,0.0,2026-01-15,1,1.0,0.0,0.0,0,2026-01-16
U001032,PLN_PREM,799.0,high,213,1,premium,high,27,960.4300000000001,52,100,0.16666666666666696,5.5,0.0,0.0,0.0,2026-01-15,1,1.0,0.0,0.0,0,2026-01-16
U001033,PLN_PREM,799.0,high,73,2,premium,high,28,805.18,49,66,-0.16666666666666696,5.5,0.0,0.0,0.0,2026-01-15,1,0.0,0.0,0.0,0,2026-01-16
U001034,PLN_BASIC,299.0,low,178,2,regular,high,28,0.0,0,0,-0.16666666666666696,5.5,0.0,0.0,0.0,2026-01-15,1,0.0,0.0,0.0,1,2026-01-16
U001035,PLN_STD,499.0,mid,240,1,premium,high,28,706.31,47,75,-0.16666666666666696,5.5,1.0,0.0,0.0,2026-01-15,1,1.0,0.0,0.0,0,2026-01-16
U001036,PLN_PREM,799.0,high,70,1,premium,high,28,810.02,46,75,-0.16666666666666696,5.5,0.0,0.0,0.0,2026-01-15,1,1.0,1.0,0.0,0,2026-01-16
U001037,PLN_STD,499.0,mid,30,3,value,high,27,135.75,10,13,0.16666666666666696,5.5,1.0,1.0,1.0,2026-01-15,1,1.0,1.0,0.0,1,2026-01-16
U001038,PLN_BASIC,299.0,low,253,3,regular,high,28,0.0,0,0,-0.16666666666666696,5.5,0.0,0.0,0.0,2026-01-15,1,0.0,0.0,0.0,1,2026-01-16
U001039,PLN_BASIC,299.0,low,147,1,value,high,28,171.61,12,23,-0.16666666666666696,5.5,1.0,0.0,0.0,2026-01-15,1,1.0,0.0,0.0,0,2026-01-16
U001040,PLN_STD,499.0,mid,49,2,regular,high,28,520.83,30,49,-0.16666666666666696,5.5,0.0,0.0,0.0,2026-01-15,1,1.0,0.0,0.0,0,2026-01-16
U001041,PLN_STD,499.0,mid,79,3,regular,high,28,0.0,0,0,-0.16666666666666696,5.5,0.0,0.0,0.0,2026-01-15,1,1.0,0.0,0.0,1,2026-01-16
U001042,PLN_BASIC,299.0,low,42,2,value,high,28,94.0,6,12,-0.16666666666666696,5.5,0.0,0.0,0.0,2026-01-15,1,1.0,0.0,0.0,1,2026-01-16
U001043,PLN_BASIC,299.0,low,152,2,value,high,28,220.82,16,21,-0.16666666666666696,5.5,1.0,0.0,0.0,2026-01-15,1,0.0,0.0,0.0,0,2026-01-16
U001044,PLN_PREM,799.0,high,163,2,premium,high,28,843.19,45,83,-0.16666666666666696,5.5,0.0,0.0,0.0,2026-01-15,1,0.0,0.0,0.0,0,2026-01-16
U001045,PLN_BASIC,299.0,low,78,2,value,high,28,32.92,3,6,-0.16666666666666696,5.5,0.0,0.0,0.0,2026-01-15,1,0.0,0.0,0.0,1,2026-01-16
U001046,PLN_BASIC,299.0,low,218,1,value,high,28,0.0,0,0,-0.16666666666666696,5.5,0.0,0.0,0.0,2026-01-15,1,0.0,0.0,0.0,1,2026-01-16
U001047,PLN_STD,499.0,mid,196,2,value,high,27,207.56,15,26,-0.666666666666667,5.0,0.0,0.0,0.0,2026-01-15,1,0.0,0.0,0.0,0,2026-01-16
U001048,PLN_BASIC,299.0,low,106,1,regular,high,28,333.53000000000003,29,35,-0.16666666666666696,5.5,0.0,0.0,0.0,2026-01-15,1,1.0,0.0,0.0,0,2026-01-16
U001049,PLN_STD,499.0,mid,89,1,regular,high,28,584.21,44,60,-0.16666666666666696,5.5,1.0,0.0,0.0,2026-01-15,1,0.0,0.0,0.0,0,2026-01-16
U001050,PLN_BASIC,299.0,low,226,2,regular,high,28,353.73,24,28,-0.16666666666666696,5.5,1.0,0.0,0.0,2026-01-15,1,1.0,1.0,0.0,0,2026-01-16
U001051,PLN_BASIC,299.0,low,129,3,regular,high,26,394.32,24,35,-1.166666666666667,4.5,0.0,0.0,0.0,2026-01-14,2,1.0,0.0,0.0,0,2026-01-16
U001052,PLN_STD,499.0,mid,165,3,value,high,27,226.6,14,23,-0.666666666666667,5.0,0.0,0.0,0.0,2026-01-15,1,1.0,0.0,0.0,0,2026-01-16
U001053,PLN_BASIC,299.0,low,131,2,value,high,27,180.62,16,20,0.16666666666666696,5.5,0.0,0.0,0.0,2026-01-15,1,1.0,0.0,0.0,0,2026-01-16
U001054,PLN_STD,499.0,mid,16,2,regular,high,16,253.85,14,22,0.5,5.5,1.0,0.0,0.0,2026-01-15,1,0.0,0.0,0.0,0,2026-01-16
U001055,PLN_BASIC,299.0,low,237,2,regular,high,28,423.55,28,54,-0.16666666666666696,5.5,1.0,0.0,0.0,2026-01-15,1,0.0,0.0,0.0,0,2026-01-16
U001056,PLN_BASIC,299.0,low,7,2,regular,high,7,23.52,3,1,3.5,3.5,1.0,0.0,0.0,2026-01-15,1,0.0,0.0,0.0,0,2026-01-16
U001057,PLN_STD,499.0,mid,144,2,regular,high,28,518.48,35,51,-0.16666666666666696,5.5,1.0,0.0,0.0,2026-01-15,1,2.0,0.0,0.0,0,2026-01-16
U001058,PLN_STD,499.0,mid,63,2,regular,high,28,602.15,34,57,-0.16666666666666696,5.5,0.0,0.0,0.0,2026-01-15,1,0.0,0.0,0.0,0,2026-01-16
U001059,PLN_BASIC,299.0,low,150,2,regular,high,25,475.81,28,55,0.0,5.0,1.0,0.0,0.0,2026-01-15,1,0.0,0.0,0.0,0,2026-01-16
U001060,PLN_BASIC,299.0,low,178,3,regular,high,28,429.57,26,43,-0.16666666666666696,5.5,1.0,0.0,0.0,2026-01-15,1,0.0,0.0,0.0,0,2026-01-16
U001061,PLN_STD,499.0,mid,63,3,regular,high,28,249.12,21,29,-0.16666666666666696,5.5,1.0,0.0,0.0,2026-01-15,1,0.0,0.0,0.0,1,2026-01-16
U001062,PLN_BASIC,299.0,low,84,1,regular,high,28,449.83,27,39,-0.16666666666666696,5.5,1.0,0.0,0.0,2026-01-15,1,0.0,0.0,0.0,0,2026-01-16
U001063,PLN_STD,499.0,mid,220,2,regular,high,28,691.4599999999999,39,60,-0.16666666666666696,5.5,0.0,0.0,0.0,2026-01-15,1,0.0,0.0,0.0,0,2026-01-16
U001064,PLN_PREM,799.0,high,79,1,premium,high,28,782.5699999999999,46,78,-0.16666666666666696,5.5,1.0,0.0,0.0,2026-01-15,1,1.0,0.0,0.0,0,2026-01-16
U001065,PLN_PREM,799.0,high,67,2,regular,high,28,306.34000000000003,21,29,-0.16666666666666696,5.5,0.0,0.0,0.0,2026-01-15,1,2.0,0.0,0.0,1,2026-01-16
U001066,PLN_BASIC,299.0,low,159,2,value,high,28,0.0,0,0,-0.16666666666666696,5.5,0.0,0.0,0.0,2026-01-15,1,0.0,0.0,0.0,1,2026-01-16
U001067,PLN_BASIC,299.0,low,24,1,value,high,24,105.72,10,11,-1.0,5.5,1.0,0.0,0.0,2026-01-15,1,1.0,0.0,0.0,0,2026-01-16
U001068,PLN_STD,499.0,mid,96,3,regular,high,28,0.0,0,0,-0.16666666666666696,5.5,0.0,0.0,0.0,2026-01-15,1,0.0,0.0,0.0,1,2026-01-16
U001069,PLN_BASIC,299.0,low,173,2,regular,high,27,634.02,28,52,-0.666666666666667,5.0,1.0,0.0,0.0,2026-01-15,1,1.0,0.0,0.0,0,2026-01-16
U001070,PLN_PREM,799.0,high,254,3,regular,high,27,411.52,28,53,0.16666666666666696,5.5,0.0,0.0,0.0,2026-01-15,1,0.0,0.0,0.0,0,2026-01-16
U001071,PLN_BASIC,299.0,low,87,1,regular,high,28,0.0,0,0,-0.16666666666666696,5.5,0.0,0.0,0.0,2026-01-15,1,1.0,0.0,0.0,1,2026-01-16
U001072,PLN_BASIC,299.0,low,204,1,value,high,27,133.25,13,20,0.16666666666666696,5.5,1.0,0.0,0.0,2026-01-15,1,1.0,0.0,0.0,0,2026-01-16
U001073,PLN_BASIC,299.0,low,67,2,regular,high,28,410.73,24,43,-0.16666666666666696,5.5,0.0,0.0,0.0,2026-01-15,1,0.0,0.0,0.0,0,2026-01-16
U001074,PLN_STD,499.0,mid,125,1,regular,high,27,642.09,44,64,-0.666666666666667,5.0,0.0,0.0,0.0,2026-01-15,1,2.0,1.0,0.0,0,2026-01-16
U001075,PLN_BASIC,299.0,low,139,2,regular,high,28,678.22,37,65,-0.16666666666666696,5.5,1.0,1.0,1.0,2026-01-15,1,0.0,0.0,0.0,0,2026-01-16
U001076,PLN_BASIC,299.0,low,215,3,regular,high,27,515.65,40,62,0.16666666666666696,5.5,0.0,0.0,0.0,2026-01-15,1,0.0,0.0,0.0,0,2026-01-16
U001077,PLN_BASIC,299.0,low,78,1,value,high,27,234.59,12,28,0.16666666666666696,5.5,0.0,0.0,0.0,2026-01-15,1,1.0,1.0,1.0,0,2026-01-16
U001078,PLN_STD,499.0,mid,215,1,regular,high,28,399.7,28,38,-0.16666666666666696,5.5,0.0,0.0,0.0,2026-01-15,1,0.0,0.0,0.0,0,2026-01-16
U001079,PLN_PREM,799.0,high,152,2,regular,high,28,494.01,27,40,-0.16666666666666696,5.5,1.0,0.0,0.0,2026-01-15,1,0.0,0.0,0.0,0,2026-01-16
U001080,PLN_PREM,799.0,high,47,2,premium,high,27,797.42,40,63,-0.666666666666667,5.0,0.0,0.0,0.0,2026-01-15,1,0.0,0.0,0.0,0,2026-01-16
U001081,PLN_STD,499.0,mid,25,2,regular,high,24,484.25,30,49,-1.0,5.5,1.0,1.0,1.0,2026-01-15,1,0.0,0.0,0.0,1,2026-01-16
U001082,PLN_BASIC,299.0,low,8,2,value,high,8,11.73,1,1,4.0,4.0,0.0,0.0,0.0,2026-01-15,1,0.0,0.0,0.0,0,2026-01-16
U001083,PLN_STD,499.0,mid,16,3,regular,high,16,322.98,17,35,0.5,5.5,1.0,0.0,0.0,2026-01-15,1,0.0,0.0,0.0,0,2026-01-16
U001084,PLN_BASIC,299.0,low,117,1,regular,high,28,513.41,30,53,-0.16666666666666696,5.5,1.0,0.0,0.0,2026-01-15,1,0.0,0.0,0.0,0,2026-01-16
U001085,PLN_STD,499.0,mid,206,2,value,high,28,192.54,15,18,-0.16666666666666696,5.5,2.0,1.0,0.5,2026-01-15,1,0.0,0.0,0.0,0,2026-01-16
U001086,PLN_STD,499.0,mid,46,2,regular,high,27,422.82,25,42,0.16666666666666696,5.5,0.0,0.0,0.0,2026-01-15,1,2.0,0.0,0.0,0,2026-01-16
U001087,PLN_BASIC,299.0,low,55,3,value,high,27,215.22,18,25,-0.666666666666667,5.0,1.0,1.0,1.0,2026-01-15,1,0.0,0.0,0.0,0,2026-01-16
U001088,PLN_BASIC,299.0,low,8,2,value,high,8,28.35,3,2,4.0,4.0,1.0,0.0,0.0,2026-01-15,1,0.0,0.0,0.0,1,2026-01-16
U001089,PLN_BASIC,299.0,low,93,2,value,high,28,0.0,0,0,-0.16666666666666696,5.5,0.0,0.0,0.0,2026-01-15,1,0.0,0.0,0.0,1,2026-01-16
U001090,PLN_BASIC,299.0,low,221,1,value,high,27,362.53,30,52,-0.666666666666667,5.0,0.0,0.0,0.0,2026-01-15,1,0.0,0.0,0.0,0,2026-01-16
U001091,PLN_PREM,799.0,high,130,1,premium,high,26,940.0180181966664,41,84,0.5,5.5,0.0,0.0,0.0,2026-01-15,1,1.0,0.0,0.0,0,2026-01-16
U001092,PLN_BASIC,299.0,low,144,1,regular,high,28,54.21,2,6,-0.16666666666666696,5.5,0.0,0.0,0.0,2026-01-15,1,1.0,0.0,0.0,1,2026-01-16
U001093,PLN_STD,499.0,mid,45,2,value,high,28,306.43617031139314,13,20,-0.16666666666666696,5.5,0.0,0.0,0.0,2026-01-15,1,1.0,0.0,0.0,0,2026-01-16
U001094,PLN_PREM,799.0,high,158,2,regular,high,28,676.05,45,68,-0.16666666666666696,5.5,0.0,0.0,0.0,2026-01-15,1,1.0,0.0,0.0,0,2026-01-16
U001095,PLN_STD,499.0,mid,174,2,regular,high,28,407.09,22,49,-0.16666666666666696,5.5,1.0,0.0,0.0,2026-01-15,1,0.0,0.0,0.0,0,2026-01-16
U001096,PLN_BASIC,299.0,low,236,1,value,high,28,248.8,17,29,-0.16666666666666696,5.5,1.0,0.0,0.0,2026-01-15,1,1.0,0.0,0.0,0,2026-01-16
U001097,PLN_BASIC,299.0,low,47,3,value,high,28,79.78999999999999,4,7,-0.16666666666666696,5.5,0.0,0.0,0.0,2026-01-15,1,0.0,0.0,0.0,0,2026-01-16
U001098,PLN_BASIC,299.0,low,67,3,regular,high,28,0.0,0,0,-0.16666666666666696,5.5,0.0,0.0,0.0,2026-01-15,1,1.0,0.0,0.0,1,2026-01-16
U001099,PLN_BASIC,299.0,low,246,1,value,high,26,221.62,16,25,-0.33333333333333304,5.0,0.0,0.0,0.0,2026-01-15,1,1.0,0.0,0.0,0,2026-01-16
U001100,PLN_STD,499.0,mid,148,1,regular,high,28,245.95999999999998,17,23,-0.16666666666666696,5.5,1.0,0.0,0.0,2026-01-15,1,0.0,0.0,0.0,0,2026-01-16
U001101,PLN_BASIC,299.0,low,136,1,value,high,27,51.65,3,7,0.16666666666666696,5.5,0.0,0.0,0.0,2026-01-15,1,2.0,0.0,0.0,1,2026-01-16
U001102,PLN_PREM,799.0,high,139,3,regular,high,27,445.58,25,37,-0.666666666666667,5.0,0.0,0.0,0.0,2026-01-14,2,1.0,0.0,0.0,0,2026-01-16
U001103,PLN_STD,499.0,mid,26,1,regular,high,26,504.99,35,46,0.5,5.5,1.0,0.0,0.0,2026-01-15,1,0.0,0.0,0.0,0,2026-01-16
U001104,PLN_BASIC,299.0,low,219,2,value,high,27,0.0,0,0,0.16666666666666696,5.5,0.0,0.0,0.0,2026-01-15,1,1.0,0.0,0.0,1,2026-01-16
U001105,PLN_STD,499.0,mid,180,2,value,high,27,116.42,11,15,0.16666666666666696,5.5,2.0,1.0,0.5,2026-01-15,1,1.0,0.0,0.0,1,2026-01-16
U001106,PLN_PREM,799.0,high,211,3,premium,high,27,1006.4300000000001,61,104,-0.666666666666667,5.0,0.0,0.0,0.0,2026-01-14,2,0.0,0.0,0.0,0,2026-01-16
U001107,PLN_BASIC,299.0,low,195,2,regular,high,28,118.08,12,11,-0.16666666666666696,5.5,0.0,0.0,0.0,2026-01-15,1,1.0,1.0,0.0,1,2026-01-16
U001108,PLN_BASIC,299.0,low,29,2,regular,high,28,436.98,27,31,-0.16666666666666696,5.5,1.0,0.0,0.0,2026-01-15,1,0.0,0.0,0.0,0,2026-01-16
U001109,PLN_BASIC,299.0,low,20,3,value,high,19,169.17000000000002,9,15,0.5,5.0,1.0,1.0,1.0,2026-01-15,1,0.0,0.0,0.0,1,2026-01-16
U001110,PLN_BASIC,299.0,low,245,1,value,high,27,150.15,12,18,-0.666666666666667,5.0,1.0,1.0,1.0,2026-01-15,1,0.0,0.0,0.0,0,2026-01-16
U001111,PLN_STD,499.0,mid,98,3,regular,high,28,546.99,36,70,-0.16666666666666696,5.5,0.0,0.0,0.0,2026-01-15,1,2.0,0.0,0.0,0,2026-01-16
U001112,PLN_PREM,799.0,high,198,1,premium,high,28,969.3000000000001,60,105,-0.16666666666666696,5.5,0.0,0.0,0.0,2026-01-15,1,2.0,0.0,0.0,0,2026-01-16
U001113,PLN_BASIC,299.0,low,208,2,value,high,28,0.0,0,0,-0.16666666666666696,5.5,0.0,0.0,0.0,2026-01-15,1,0.0,0.0,0.0,1,2026-01-16
U001114,PLN_STD,499.0,mid,183,3,regular,high,28,427.31,28,48,-0.16666666666666696,5.5,1.0,0.0,0.0,2026-01-15,1,0.0,0.0,0.0,0,2026-01-16
U001115,PLN_PREM,799.0,high,208,2,regular,high,28,333.17,15,33,-0.16666666666666696,5.5,1.0,0.0,0.0,2026-01-15,1,1.0,0.0,0.0,0,2026-01-16
U001116,PLN_STD,499.0,mid,133,2,value,high,28,94.16,7,12,-0.16666666666666696,5.5,0.0,0.0,0.0,2026-01-15,1,1.0,0.0,0.0,0,2026-01-16
U001117,PLN_BASIC,299.0,low,7,2,value,high,6,61.78,5,7,3.0,3.0,2.0,1.0,0.5,2026-01-15,1,0.0,0.0,0.0,0,2026-01-16
U001118,PLN_STD,499.0,mid,109,2,value,high,27,0.0,0,0,-0.666666666666667,5.0,0.0,0.0,0.0,2026-01-15,1,0.0,0.0,0.0,1,2026-01-16
U001119,PLN_BASIC,299.0,low,75,2,regular,high,28,192.14,18,20,-0.16666666666666696,5.5,0.0,0.0,0.0,2026-01-15,1,0.0,0.0,0.0,1,2026-01-16
U001120,PLN_STD,499.0,mid,133,2,regular,high,28,0.0,0,0,-0.16666666666666696,5.5,0.0,0.0,0.0,2026-01-15,1,0.0,0.0,0.0,1,2026-01-16
U001121,PLN_PREM,799.0,high,253,2,regular,high,27,517.41,23,48,0.16666666666666696,5.5,0.0,0.0,0.0,2026-01-15,1,1.0,0.0,0.0,0,2026-01-16
U001122,PLN_BASIC,299.0,low,235,2,value,high,27,186.85,9,23,-0.666666666666667,5.0,1.0,0.0,0.0,2026-01-15,1,1.0,0.0,0.0,0,2026-01-16
U001123,PLN_STD,499.0,mid,189,2,regular,high,28,621.56,33,51,-0.16666666666666696,5.5,0.0,0.0,0.0,2026-01-15,1,0.0,0.0,0.0,0,2026-01-16
U001124,PLN_BASIC,299.0,low,195,2,regular,high,28,349.62,30,33,-0.16666666666666696,5.5,0.0,0.0,0.0,2026-01-15,1,0.0,0.0,0.0,1,2026-01-16
U001125,PLN_BASIC,299.0,low,46,2,regular,high,26,434.81,34,47,0.5,5.5,0.0,0.0,0.0,2026-01-15,1,1.0,0.0,0.0,0,2026-01-16
U001126,PLN_STD,499.0,mid,45,1,regular,high,28,499.87,30,66,-0.16666666666666696,5.5,0.0,0.0,0.0,2026-01-15,1,0.0,0.0,0.0,0,2026-01-16
U001127,PLN_STD,499.0,mid,42,3,value,high,28,230.21,15,19,-0.16666666666666696,5.5,0.0,0.0,0.0,2026-01-15,1,0.0,0.0,0.0,0,2026-01-16
U001128,PLN_STD,499.0,mid,96,2,regular,high,28,571.21,43,54,-0.16666666666666696,5.5,0.0,0.0,0.0,2026-01-15,1,1.0,0.0,0.0,0,2026-01-16
U001129,PLN_BASIC,299.0,low,117,1,regular,high,28,921.8680513229456,46,60,-0.16666666666666696,5.5,1.0,0.0,0.0,2026-01-15,1,0.0,0.0,0.0,0,2026-01-16
U001130,PLN_BASIC,299.0,low,94,2,value,high,28,191.02,16,18,-0.16666666666666696,5.5,0.0,0.0,0.0,2026-01-15,1,1.0,0.0,0.0,0,2026-01-16
U001131,PLN_BASIC,299.0,low,154,3,value,high,28,322.88,21,32,-0.16666666666666696,5.5,1.0,0.0,0.0,2026-01-15,1,1.0,0.0,0.0,0,2026-01-16
U001132,PLN_BASIC,299.0,low,88,1,regular,high,27,475.65999999999997,28,48,0.16666666666666696,5.5,1.0,0.0,0.0,2026-01-15,1,1.0,0.0,0.0,0,2026-01-16
U001133,PLN_BASIC,299.0,low,57,1,regular,high,28,515.79,28,58,-0.16666666666666696,5.5,1.0,0.0,0.0,2026-01-15,1,0.0,0.0,0.0,1,2026-01-16
U001134,PLN_BASIC,299.0,low,65,1,value,high,28,308.96,24,35,-0.16666666666666696,5.5,0.0,0.0,0.0,2026-01-15,1,2.0,1.0,0.0,0,2026-01-16
U001135,PLN_PREM,799.0,high,102,1,premium,high,28,968.16,55,106,-0.16666666666666696,5.5,0.0,0.0,0.0,2026-01-15,1,0.0,0.0,0.0,0,2026-01-16
U001136,PLN_STD,499.0,mid,242,3,regular,high,28,611.9499999999999,37,64,-0.16666666666666696,5.5,0.0,0.0,0.0,2026-01-15,1,1.0,0.0,0.0,0,2026-01-16
U001137,PLN_BASIC,299.0,low,75,3,value,high,28,218.43,17,18,-0.16666666666666696,5.5,0.0,0.0,0.0,2026-01-15,1,1.0,0.0,0.0,0,2026-01-16
U001138,PLN_BASIC,299.0,low,164,1,regular,high,28,511.24,32,52,-0.16666666666666696,5.5,0.0,0.0,0.0,2026-01-15,1,2.0,1.0,0.0,0,2026-01-16
U001139,PLN_BASIC,299.0,low,70,2,regular,high,28,466.74,35,51,-0.16666666666666696,5.5,0.0,0.0,0.0,2026-01-15,1,0.0,0.0,0.0,0,2026-01-16
U001140,PLN_PREM,799.0,high,121,1,premium,high,28,919.31,52,81,-0.16666666666666696,5.5,1.0,1.0,1.0,2026-01-15,1,1.0,0.0,0.0,1,2026-01-16
U001141,PLN_BASIC,299.0,low,35,2,value,high,27,230.77,18,24,0.16666666666666696,5.5,1.0,0.0,0.0,2026-01-15,1,2.0,0.0,0.0,0,2026-01-16
U001142,PLN_STD,499.0,mid,172,3,value,high,28,226.79,16,32,-0.16666666666666696,5.5,1.0,1.0,1.0,2026-01-15,1,2.0,0.0,0.0,0,2026-01-16
U001143,PLN_STD,499.0,mid,23,2,regular,high,23,310.34,16,34,-0.5,5.5,1.0,0.0,0.0,2026-01-15,1,0.0,0.0,0.0,0,2026-01-16
U001144,PLN_STD,499.0,mid,45,1,value,high,28,247.19,18,27,-0.16666666666666696,5.5,0.0,0.0,0.0,2026-01-15,1,1.0,0.0,0.0,0,2026-01-16
U001145,PLN_STD,499.0,mid,173,2,regular,high,28,520.11,36,61,-0.16666666666666696,5.5,1.0,0.0,0.0,2026-01-15,1,2.0,0.0,0.0,0,2026-01-16
U001146,PLN_PREM,799.0,high,135,3,regular,high,27,486.02,35,49,-0.666666666666667,5.0,0.0,0.0,0.0,2026-01-15,1,0.0,0.0,0.0,0,2026-01-16
U001147,PLN_BASIC,299.0,low,123,2,value,high,28,172.69,13,19,-0.16666666666666696,5.5,0.0,0.0,0.0,2026-01-15,1,1.0,0.0,0.0,0,2026-01-16
U001148,PLN_STD,499.0,mid,64,1,regular,high,27,593.65,40,55,0.16666666666666696,5.5,0.0,0.0,0.0,2026-01-15,1,0.0,0.0,0.0,0,2026-01-16
U001149,PLN_PREM,799.0,high,84,1,premium,high,24,794.33,46,75,-0.5,4.5,1.0,0.0,0.0,2026-01-14,2,0.0,0.0,0.0,0,2026-01-16
U001150,PLN_PREM,799.0,high,43,2,regular,high,28,500.62,31,38,-0.16666666666666696,5.5,0.0,0.0,0.0,2026-01-15,1,1.0,1.0,0.0,0,2026-01-16
U001151,PLN_BASIC,299.0,low,164,2,regular,high,27,0.0,0,0,-0.666666666666667,5.0,0.0,0.0,0.0,2026-01-15,1,1.0,0.0,0.0,1,2026-01-16
U001152,PLN_BASIC,299.0,low,130,3,value,high,28,149.57999999999998,11,16,-0.16666666666666696,5.5,0.0,0.0,0.0,2026-01-15,1,1.0,0.0,0.0,0,2026-01-16
U001153,PLN_BASIC,299.0,low,148,3,value,high,28,316.8,18,33,-0.16666666666666696,5.5,1.0,0.0,0.0,2026-01-15,1,0.0,0.0,0.0,0,2026-01-16
U001154,PLN_PREM,799.0,high,28,3,premium,high,28,758.28,51,79,-0.16666666666666696,5.5,1.0,0.0,0.0,2026-01-15,1,0.0,0.0,0.0,0,2026-01-16
U001155,PLN_BASIC,299.0,low,180,3,regular,high,28,409.78,28,42,-0.16666666666666696,5.5,1.0,0.0,0.0,2026-01-15,1,1.0,0.0,0.0,0,2026-01-16
U001156,PLN_STD,499.0,mid,109,1,regular,high,27,404.93,32,41,0.16666666666666696,5.5,0.0,0.0,0.0,2026-01-15,1,0.0,0.0,0.0,0,2026-01-16
U001157,PLN_PREM,799.0,high,226,2,premium,high,26,917.09,42,83,-0.33333333333333304,5.0,1.0,1.0,1.0,2026-01-15,1,1.0,0.0,0.0,0,2026-01-16
U001158,PLN_BASIC,299.0,low,43,2,value,high,27,98.51,9,13,-0.666666666666667,5.0,0.0,0.0,0.0,2026-01-15,1,2.0,0.0,0.0,1,2026-01-16
U001159,PLN_STD,499.0,mid,160,2,regular,high,28,0.0,0,0,-0.16666666666666696,5.5,0.0,0.0,0.0,2026-01-15,1,0.0,0.0,0.0,1,2026-01-16
U001160,PLN_BASIC,299.0,low,171,3,value,high,28,0.0,0,0,-0.16666666666666696,5.5,0.0,0.0,0.0,2026-01-15,1,0.0,0.0,0.0,1,2026-01-16
U001161,PLN_BASIC,299.0,low,110,2,value,high,28,146.98,17,17,-0.16666666666666696,5.5,1.0,0.0,0.0,2026-01-15,1,0.0,0.0,0.0,0,2026-01-16
U001162,PLN_STD,499.0,mid,131,3,regular,high,28,355.06,29,29,-0.16666666666666696,5.5,0.0,0.0,0.0,2026-01-15,1,0.0,0.0,0.0,0,2026-01-16
U001163,PLN_STD,499.0,mid,44,2,regular,high,28,546.74,33,57,-0.16666666666666696,5.5,0.0,0.0,0.0,2026-01-15,1,1.0,0.0,0.0,0,2026-01-16
U001164,PLN_PREM,799.0,high,123,2,premium,high,28,1046.31,47,94,-0.16666666666666696,5.5,0.0,0.0,0.0,2026-01-15,1,0.0,0.0,0.0,0,2026-01-16
U001165,PLN_STD,499.0,mid,127,2,value,high,28,295.55,18,37,-0.16666666666666696,5.5,0.0,0.0,0.0,2026-01-15,1,2.0,0.0,0.0,0,2026-01-16
U001166,PLN_STD,499.0,mid,230,1,regular,high,28,520.73,27,53,-0.16666666666666696,5.5,0.0,0.0,0.0,2026-01-15,1,0.0,0.0,0.0,0,2026-01-16
U001167,PLN_PREM,799.0,high,251,1,regular,high,26,582.28,27,70,-0.33333333333333304,5.0,0.0,0.0,0.0,2026-01-15,1,0.0,0.0,0.0,0,2026-01-16
U001168,PLN_STD,499.0,mid,156,2,regular,high,28,537.39,30,57,-0.16666666666666696,5.5,0.0,0.0,0.0,2026-01-15,1,1.0,0.0,0.0,0,2026-01-16
U001169,PLN_PREM,799.0,high,6,1,premium,mid,5,169.31,8,14,2.5,2.5,0.0,0.0,0.0,2026-01-15,1,1.0,0.0,0.0,0,2026-01-16
U001170,PLN_PREM,799.0,high,26,3,regular,high,26,258.99,14,30,0.5,5.5,1.0,0.0,0.0,2026-01-15,1,0.0,0.0,0.0,1,2026-01-16
U001171,PLN_STD,499.0,mid,99,1,regular,high,28,639.3100000000001,39,64,-0.16666666666666696,5.5,0.0,0.0,0.0,2026-01-15,1,0.0,0.0,0.0,0,2026-01-16
U001172,PLN_BASIC,299.0,low,98,1,value,high,28,240.89999999999998,17,29,-0.16666666666666696,5.5,0.0,0.0,0.0,2026-01-15,1,0.0,0.0,0.0,0,2026-01-16
U001173,PLN_BASIC,299.0,low,158,3,value,high,27,190.87,18,22,0.16666666666666696,5.5,0.0,0.0,0.0,2026-01-15,1,2.0,0.0,0.0,0,2026-01-16
U001174,PLN_STD,499.0,mid,212,1,premium,high,27,618.9,37,56,0.16666666666666696,5.5,1.0,0.0,0.0,2026-01-15,1,1.0,0.0,0.0,0,2026-01-16
U001175,PLN_STD,499.0,mid,254,3,regular,high,27,331.44,18,26,-0.666666666666667,5.0,0.0,0.0,0.0,2026-01-15,1,0.0,0.0,0.0,0,2026-01-16
U001176,PLN_BASIC,299.0,low,171,2,value,high,28,73.74,7,8,-0.16666666666666696,5.5,0.0,0.0,0.0,2026-01-15,1,1.0,0.0,0.0,1,2026-01-16
U001177,PLN_BASIC,299.0,low,177,1,value,high,28,149.37,16,16,-0.16666666666666696,5.5,1.0,0.0,0.0,2026-01-15,1,1.0,0.0,0.0,1,2026-01-16
U001178,PLN_STD,499.0,mid,208,2,regular,high,27,571.2,36,70,-0.666666666666667,5.0,1.0,0.0,0.0,2026-01-14,2,1.0,0.0,0.0,0,2026-01-16
U001179,PLN_BASIC,299.0,low,191,2,regular,high,28,643.28,40,65,-0.16666666666666696,5.5,0.0,0.0,0.0,2026-01-15,1,1.0,1.0,0.0,0,2026-01-16
U001180,PLN_STD,499.0,mid,250,3,value,high,28,259.46,20,29,-0.16666666666666696,5.5,0.0,0.0,0.0,2026-01-15,1,1.0,0.0,0.0,0,2026-01-16
U001181,PLN_STD,499.0,mid,104,3,regular,high,26,667.88,56,64,0.5,5.5,0.0,0.0,0.0,2026-01-15,1,0.0,0.0,0.0,0,2026-01-16
U001182,PLN_PREM,799.0,high,24,2,regular,high,24,478.22999999999996,22,68,-1.0,5.5,1.0,0.0,0.0,2026-01-15,1,0.0,0.0,0.0,0,2026-01-16
U001183,PLN_STD,499.0,mid,83,2,regular,high,28,417.93,24,52,-0.16666666666666696,5.5,1.0,0.0,0.0,2026-01-15,1,1.0,0.0,0.0,0,2026-01-16
U001184,PLN_BASIC,299.0,low,144,2,value,high,28,295.58,22,35,-0.16666666666666696,5.5,1.0,0.0,0.0,2026-01-15,1,1.0,1.0,0.0,0,2026-01-16
U001185,PLN_STD,499.0,mid,151,2,regular,high,28,721.37,41,85,-0.16666666666666696,5.5,0.0,0.0,0.0,2026-01-15,1,1.0,0.0,0.0,0,2026-01-16
U001186,PLN_BASIC,299.0,low,179,3,value,high,28,0.0,0,0,-0.16666666666666696,5.5,0.0,0.0,0.0,2026-01-15,1,1.0,1.0,0.0,1,2026-01-16
U001187,PLN_BASIC,299.0,low,221,2,value,high,28,0.0,0,0,-0.16666666666666696,5.5,0.0,0.0,0.0,2026-01-15,1,0.0,0.0,0.0,1,2026-01-16
U001188,PLN_PREM,799.0,high,106,2,regular,high,28,685.72,48,87,-0.16666666666666696,5.5,0.0,0.0,0.0,2026-01-15,1,1.0,0.0,0.0,0,2026-01-16
U001189,PLN_BASIC,299.0,low,114,2,regular,high,27,0.0,0,0,-0.666666666666667,5.0,0.0,0.0,0.0,2026-01-15,1,1.0,0.0,0.0,1,2026-01-16
U001190,PLN_STD,499.0,mid,255,3,value,high,27,180.12,13,26,0.16666666666666696,5.5,0.0,0.0,0.0,2026-01-15,1,1.0,0.0,0.0,0,2026-01-16
U001191,PLN_PREM,799.0,high,152,3,premium,high,27,1108.45,67,118,-0.666666666666667,5.0,1.0,0.0,0.0,2026-01-15,1,0.0,0.0,0.0,0,2026-01-16
U001192,PLN_BASIC,299.0,low,187,1,value,high,28,367.5,26,39,-0.16666666666666696,5.5,0.0,0.0,0.0,2026-01-15,1,1.0,0.0,0.0,0,2026-01-16
U001193,PLN_STD,499.0,mid,214,1,regular,high,26,369.47,21,40,0.5,5.5,0.0,0.0,0.0,2026-01-15,1,1.0,1.0,0.0,0,2026-01-16
U001194,PLN_STD,499.0,mid,80,2,premium,high,28,848.36,46,86,-0.16666666666666696,5.5,0.0,0.0,0.0,2026-01-15,1,0.0,0.0,0.0,0,2026-01-16
U001195,PLN_PREM,799.0,high,125,2,regular,high,28,519.34,33,50,-0.16666666666666696,5.5,1.0,0.0,0.0,2026-01-15,1,1.0,0.0,0.0,0,2026-01-16
U001196,PLN_PREM,799.0,high,97,2,regular,high,28,0.0,0,0,-0.16666666666666696,5.5,0.0,0.0,0.0,2026-01-15,1,1.0,0.0,0.0,1,2026-01-16
U001197,PLN_STD,499.0,mid,77,1,regular,high,28,474.7,27,40,-0.16666666666666696,5.5,0.0,0.0,0.0,2026-01-15,1,1.0,0.0,0.0,0,2026-01-16
U001198,PLN_BASIC,299.0,low,10,2,regular,high,10,269.67,14,28,5.0,5.0,1.0,0.0,0.0,2026-01-15,1,0.0,0.0,0.0,1,2026-01-16
U001199,PLN_STD,499.0,mid,55,2,regular,high,28,0.0,0,0,-0.16666666666666696,5.5,0.0,0.0,0.0,2026-01-15,1,0.0,0.0,0.0,1,2026-01-16
U001200,PLN_STD,499.0,mid,101,2,regular,high,28,0.0,0,0,-0.16666666666666696,5.5,0.0,0.0,0.0,2026-01-15,1,0.0,0.0,0.0,1,2026-01-16
U001201,PLN_BASIC,299.0,low,36,2,value,high,27,212.73000000000002,16,24,0.16666666666666696,5.5,0.0,0.0,0.0,2026-01-15,1,0.0,0.0,0.0,1,2026-01-16
U001202,PLN_STD,499.0,mid,137,2,regular,high,27,0.0,0,0,0.16666666666666696,5.5,0.0,0.0,0.0,2026-01-15,1,1.0,1.0,0.0,1,2026-01-16
U001203,PLN_BASIC,299.0,low,9,2,value,high,9,77.94,5,8,4.5,4.5,1.0,0.0,0.0,2026-01-15,1,0.0,0.0,0.0,0,2026-01-16
U001204,PLN_STD,499.0,mid,65,3,premium,high,28,0.0,0,0,-0.16666666666666696,5.5,0.0,0.0,0.0,2026-01-15,1,0.0,0.0,0.0,1,2026-01-16
U001205,PLN_BASIC,299.0,low,93,2,value,high,28,320.88,35,34,-0.16666666666666696,5.5,0.0,0.0,0.0,2026-01-15,1,2.0,0.0,0.0,0,2026-01-16
U001206,PLN_BASIC,299.0,low,30,2,value,high,28,197.25,13,19,-0.16666666666666696,5.5,2.0,1.0,0.5,2026-01-15,1,0.0,0.0,0.0,0,2026-01-16
U001207,PLN_PREM,799.0,high,127,2,premium,high,27,854.95,46,84,0.16666666666666696,5.5,0.0,0.0,0.0,2026-01-15,1,0.0,0.0,0.0,0,2026-01-16
U001208,PLN_BASIC,299.0,low,76,1,value,high,28,213.70000000000002,14,24,-0.16666666666666696,5.5,1.0,0.0,0.0,2026-01-15,1,1.0,0.0,0.0,0,2026-01-16
U001209,PLN_BASIC,299.0,low,185,2,value,high,28,0.0,0,0,-0.16666666666666696,5.5,0.0,0.0,0.0,2026-01-15,1,1.0,1.0,0.0,1,2026-01-16
U001210,PLN_STD,499.0,mid,15,2,regular,high,15,365.98,21,41,1.5,5.5,1.0,1.0,1.0,2026-01-15,1,0.0,0.0,0.0,1,2026-01-16
U001211,PLN_BASIC,299.0,low,100,3,value,high,28,223.16,19,28,-0.16666666666666696,5.5,0.0,0.0,0.0,2026-01-15,1,1.0,0.0,0.0,0,2026-01-16
U001212,PLN_STD,499.0,mid,60,2,value,high,28,290.96,23,38,-0.16666666666666696,5.5,1.0,0.0,0.0,2026-01-15,1,0.0,0.0,0.0,0,2026-01-16
U001213,PLN_PREM,799.0,high,141,1,regular,high,28,338.33,17,30,-0.16666666666666696,5.5,0.0,0.0,0.0,2026-01-15,1,1.0,0.0,0.0,0,2026-01-16
U001214,PLN_BASIC,299.0,low,39,2,value,high,28,241.84,21,22,-0.16666666666666696,5.5,0.0,0.0,0.0,2026-01-15,1,1.0,0.0,0.0,0,2026-01-16
U001215,PLN_STD,499.0,mid,238,1,value,high,28,0.0,0,0,-0.16666666666666696,5.5,0.0,0.0,0.0,2026-01-15,1,0.0,0.0,0.0,1,2026-01-16
U001216,PLN_BASIC,299.0,low,228,2,value,high,28,190.26,15,18,-0.16666666666666696,5.5,0.0,0.0,0.0,2026-01-15,1,0.0,0.0,0.0,0,2026-01-16
U001217,PLN_BASIC,299.0,low,129,3,value,high,27,97.24000000000001,9,13,-0.666666666666667,5.0,0.0,0.0,0.0,2026-01-15,1,0.0,0.0,0.0,0,2026-01-16
U001218,PLN_BASIC,299.0,low,73,2,value,high,28,351.76,32,46,-0.16666666666666696,5.5,0.0,0.0,0.0,2026-01-15,1,1.0,1.0,0.0,0,2026-01-16
U001219,PLN_BASIC,299.0,low,53,2,value,high,27,222.31,17,21,-0.666666666666667,5.0,1.0,0.0,0.0,2026-01-15,1,0.0,0.0,0.0,0,2026-01-16
U001220,PLN_STD,499.0,mid,146,2,regular,high,26,506.96999999999997,30,46,0.5,5.5,1.0,0.0,0.0,2026-01-15,1,0.0,0.0,0.0,0,2026-01-16
U001221,PLN_STD,499.0,mid,93,2,regular,high,28,425.28,29,36,-0.16666666666666696,5.5,0.0,0.0,0.0,2026-01-15,1,0.0,0.0,0.0,0,2026-01-16
U001222,PLN_BASIC,299.0,low,118,3,value,high,27,230.26,21,21,-0.666666666666667,5.0,1.0,0.0,0.0,2026-01-15,1,0.0,0.0,0.0,0,2026-01-16
U001223,PLN_BASIC,299.0,low,15,2,value,high,14,146.46,13,17,1.0,5.0,1.0,0.0,0.0,2026-01-15,1,0.0,0.0,0.0,0,2026-01-16
U001224,PLN_PREM,799.0,high,92,2,premium,high,28,1254.48,79,134,-0.16666666666666696,5.5,2.0,1.0,0.5,2026-01-15,1,1.0,0.0,0.0,0,2026-01-16
U001225,PLN_STD,499.0,mid,152,2,regular,high,28,0.0,0,0,-0.16666666666666696,5.5,0.0,0.0,0.0,2026-01-15,1,0.0,0.0,0.0,1,2026-01-16
U001226,PLN_STD,499.0,mid,13,1,regular,high,13,106.21,7,15,3.5,5.5,1.0,0.0,0.0,2026-01-15,1,0.0,0.0,0.0,0,2026-01-16
U001227,PLN_STD,499.0,mid,230,1,regular,high,28,494.68,20,49,-0.16666666666666696,5.5,0.0,0.0,0.0,2026-01-15,1,0.0,0.0,0.0,0,2026-01-16
U001228,PLN_BASIC,299.0,low,9,1,value,high,8,13.4,1,1,4.0,4.0,1.0,1.0,1.0,2026-01-15,1,1.0,1.0,0.0,1,2026-01-16
U001229,PLN_BASIC,299.0,low,218,2,regular,high,28,359.8,26,32,-0.16666666666666696,5.5,0.0,0.0,0.0,2026-01-15,1,0.0,0.0,0.0,0,2026-01-16
U001230,PLN_STD,499.0,mid,184,3,premium,high,28,914.33,55,89,-0.16666666666666696,5.5,1.0,0.0,0.0,2026-01-15,1,1.0,0.0,0.0,0,2026-01-16
U001231,PLN_PREM,799.0,high,50,2,premium,high,28,832.63,42,80,-0.16666666666666696,5.5,0.0,0.0,0.0,2026-01-15,1,1.0,0.0,0.0,0,2026-01-16
U001232,PLN_BASIC,299.0,low,72,1,value,high,28,318.25,21,33,-0.16666666666666696,5.5,0.0,0.0,0.0,2026-01-15,1,1.0,0.0,0.0,0,2026-01-16
U001233,PLN_BASIC,299.0,low,13,1,value,high,13,107.75,12,14,3.5,5.5,1.0,0.0,0.0,2026-01-15,1,0.0,0.0,0.0,1,2026-01-16
U001234,PLN_BASIC,299.0,low,68,2,value,high,28,202.32,21,25,-0.16666666666666696,5.5,0.0,0.0,0.0,2026-01-15,1,1.0,0.0,0.0,0,2026-01-16
U001235,PLN_BASIC,299.0,low,97,3,value,high,27,0.0,0,0,0.16666666666666696,5.5,0.0,0.0,0.0,2026-01-15,1,0.0,0.0,0.0,1,2026-01-16
U001236,PLN_BASIC,299.0,low,170,2,value,high,27,0.0,0,0,0.16666666666666696,5.5,0.0,0.0,0.0,2026-01-15,1,1.0,0.0,0.0,1,2026-01-16
U001237,PLN_BASIC,299.0,low,255,3,regular,high,28,0.0,0,0,-0.16666666666666696,5.5,0.0,0.0,0.0,2026-01-15,1,1.0,1.0,0.0,1,2026-01-16
U001238,PLN_BASIC,299.0,low,225,3,value,high,27,199.46,13,25,0.16666666666666696,5.5,0.0,0.0,0.0,2026-01-15,1,1.0,0.0,0.0,0,2026-01-16
U001239,PLN_PREM,799.0,high,182,1,premium,high,27,611.39,28,62,0.16666666666666696,5.5,0.0,0.0,0.0,2026-01-15,1,1.0,0.0,0.0,0,2026-01-16
U001240,PLN_STD,499.0,mid,246,2,value,high,28,230.05,20,20,-0.16666666666666696,5.5,0.0,0.0,0.0,2026-01-15,1,2.0,0.0,0.0,0,2026-01-16
U001241,PLN_BASIC,299.0,low,129,3,value,high,28,245.89,22,31,-0.16666666666666696,5.5,0.0,0.0,0.0,2026-01-15,1,1.0,0.0,0.0,0,2026-01-16
U001242,PLN_STD,499.0,mid,61,2,premium,high,28,785.39,58,91,-0.16666666666666696,5.5,1.0,0.0,0.0,2026-01-15,1,1.0,0.0,0.0,0,2026-01-16
U001243,PLN_STD,499.0,mid,15,1,regular,high,14,266.5,13,30,1.0,5.0,1.0,0.0,0.0,2026-01-14,2,0.0,0.0,0.0,0,2026-01-16
U001244,PLN_BASIC,299.0,low,134,3,value,high,27,0.0,0,0,0.16666666666666696,5.5,0.0,0.0,0.0,2026-01-15,1,0.0,0.0,0.0,1,2026-01-16
U001245,PLN_STD,499.0,mid,37,3,regular,high,28,630.97,30,60,-0.16666666666666696,5.5,0.0,0.0,0.0,2026-01-15,1,1.0,0.0,0.0,0,2026-01-16
U001246,PLN_STD,499.0,mid,9,2,value,high,9,113.12,7,12,4.5,4.5,1.0,0.0,0.0,2026-01-15,1,0.0,0.0,0.0,0,2026-01-16
U001247,PLN_BASIC,299.0,low,41,2,value,high,28,295.39,31,35,-0.16666666666666696,5.5,0.0,0.0,0.0,2026-01-15,1,0.0,0.0,0.0,0,2026-01-16
U001248,PLN_PREM,799.0,high,140,1,regular,high,27,0.0,0,0,-0.666666666666667,5.0,0.0,0.0,0.0,2026-01-15,1,1.0,0.0,0.0,1,2026-01-16
U001249,PLN_STD,499.0,mid,175,3,value,high,28,277.64,20,25,-0.16666666666666696,5.5,1.0,0.0,0.0,2026-01-15,1,1.0,0.0,0.0,0,2026-01-16
U001250,PLN_BASIC,299.0,low,11,2,regular,high,11,152.28,9,12,5.5,5.5,1.0,0.0,0.0,2026-01-15,1,0.0,0.0,0.0,0,2026-01-16
U001251,PLN_BASIC,299.0,low,196,1,value,high,28,0.0,0,0,-0.16666666666666696,5.5,0.0,0.0,0.0,2026-01-15,1,0.0,0.0,0.0,1,2026-01-16
U001252,PLN_STD,499.0,mid,153,2,regular,high,28,294.7,13,26,-0.16666666666666696,5.5,0.0,0.0,0.0,2026-01-15,1,0.0,0.0,0.0,1,2026-01-16
U001253,PLN_STD,499.0,mid,238,3,regular,high,27,571.79,38,55,-0.666666666666667,5.0,1.0,0.0,0.0,2026-01-15,1,0.0,0.0,0.0,0,2026-01-16
U001254,PLN_BASIC,299.0,low,57,3,value,high,27,148.6,10,16,0.16666666666666696,5.5,1.0,0.0,0.0,2026-01-15,1,0.0,0.0,0.0,0,2026-01-16
U001255,PLN_STD,499.0,mid,93,2,value,high,28,290.19,18,35,-0.16666666666666696,5.5,0.0,0.0,0.0,2026-01-15,1,0.0,0.0,0.0,0,2026-01-16
U001256,PLN_PREM,799.0,high,235,1,regular,high,28,530.83,30,56,-0.16666666666666696,5.5,1.0,0.0,0.0,2026-01-15,1,1.0,0.0,0.0,0,2026-01-16
U001257,PLN_BASIC,299.0,low,201,3,regular,high,28,396.97,31,41,-0.16666666666666696,5.5,1.0,0.0,0.0,2026-01-15,1,1.0,1.0,0.0,0,2026-01-16
U001258,PLN_PREM,799.0,high,117,3,regular,high,28,829.585069759569,34,66,-0.16666666666666696,5.5,1.0,0.0,0.0,2026-01-15,1,1.0,0.0,0.0,0,2026-01-16
U001259,PLN_STD,499.0,mid,121,2,regular,high,28,558.3100000000001,39,58,-0.16666666666666696,5.5,1.0,1.0,1.0,2026-01-15,1,0.0,0.0,0.0,0,2026-01-16
U001260,PLN_STD,499.0,mid,55,2,regular,high,28,434.92,21,50,-0.16666666666666696,5.5,2.0,1.0,0.5,2026-01-15,1,1.0,0.0,0.0,0,2026-01-16
U001261,PLN_BASIC,299.0,low,190,2,value,high,28,336.76,28,35,-0.16666666666666696,5.5,0.0,0.0,0.0,2026-01-15,1,0.0,0.0,0.0,0,2026-01-16
U001262,PLN_PREM,799.0,high,24,2,regular,high,24,949.3175031033204,41,91,-1.0,5.5,2.0,1.0,0.5,2026-01-15,1,0.0,0.0,0.0,1,2026-01-16
U001263,PLN_STD,499.0,mid,145,1,value,high,28,239.11,20,21,-0.16666666666666696,5.5,1.0,0.0,0.0,2026-01-15,1,1.0,0.0,0.0,0,2026-01-16
U001264,PLN_BASIC,299.0,low,50,1,regular,high,28,231.92,19,26,-0.16666666666666696,5.5,1.0,0.0,0.0,2026-01-15,1,0.0,0.0,0.0,0,2026-01-16
U001265,PLN_STD,499.0,mid,197,1,value,high,27,336.55,15,34,0.16666666666666696,5.5,0.0,0.0,0.0,2026-01-15,1,1.0,0.0,0.0,0,2026-01-16
U001266,PLN_BASIC,299.0,low,247,3,value,high,28,249.13,20,28,-0.16666666666666696,5.5,0.0,0.0,0.0,2026-01-15,1,1.0,0.0,0.0,0,2026-01-16
U001267,PLN_STD,499.0,mid,243,1,regular,high,27,182.64000000000001,15,18,0.16666666666666696,5.5,0.0,0.0,0.0,2026-01-15,1,2.0,0.0,0.0,1,2026-01-16
U001268,PLN_PREM,799.0,high,163,1,regular,high,28,526.82,33,44,-0.16666666666666696,5.5,0.0,0.0,0.0,2026-01-15,1,1.0,0.0,0.0,0,2026-01-16
U001269,PLN_STD,499.0,mid,17,2,regular,high,17,336.55,19,41,-0.5,5.5,1.0,0.0,0.0,2026-01-15,1,0.0,0.0,0.0,0,2026-01-16
U001270,PLN_PREM,799.0,high,244,1,regular,high,28,479.07,36,49,-0.16666666666666696,5.5,0.0,0.0,0.0,2026-01-15,1,2.0,0.0,0.0,0,2026-01-16
U001271,PLN_PREM,799.0,high,164,1,premium,high,28,850.06,59,95,-0.16666666666666696,5.5,0.0,0.0,0.0,2026-01-15,1,1.0,0.0,0.0,0,2026-01-16
U001272,PLN_BASIC,299.0,low,229,2,regular,high,28,667.97,39,78,-0.16666666666666696,5.5,0.0,0.0,0.0,2026-01-15,1,1.0,0.0,0.0,0,2026-01-16
U001273,PLN_PREM,799.0,high,23,2,premium,high,22,762.41,50,85,0.0,5.5,1.0,0.0,0.0,2026-01-15,1,0.0,0.0,0.0,0,2026-01-16
U001274,PLN_STD,499.0,mid,87,2,regular,high,28,526.55,31,39,-0.16666666666666696,5.5,1.0,0.0,0.0,2026-01-15,1,0.0,0.0,0.0,0,2026-01-16
U001275,PLN_STD,499.0,mid,65,3,regular,high,28,329.28000000000003,28,32,-0.16666666666666696,5.5,1.0,0.0,0.0,2026-01-15,1,0.0,0.0,0.0,1,2026-01-16
U001276,PLN_PREM,799.0,high,77,1,regular,high,28,360.14,26,31,-0.16666666666666696,5.5,1.0,0.0,0.0,2026-01-15,1,1.0,0.0,0.0,1,2026-01-16
U001277,PLN_STD,499.0,mid,92,3,regular,high,27,447.99,30,54,0.16666666666666696,5.5,0.0,0.0,0.0,2026-01-15,1,0.0,0.0,0.0,0,2026-01-16
U001278,PLN_BASIC,299.0,low,62,3,value,high,28,67.97,4,9,-0.16666666666666696,5.5,1.0,0.0,0.0,2026-01-15,1,0.0,0.0,0.0,1,2026-01-16
U001279,PLN_BASIC,299.0,low,254,3,regular,high,28,311.99,24,42,-0.16666666666666696,5.5,0.0,0.0,0.0,2026-01-15,1,1.0,0.0,0.0,0,2026-01-16
U001280,PLN_STD,499.0,mid,39,2,value,high,28,131.21,9,17,-0.16666666666666696,5.5,0.0,0.0,0.0,2026-01-15,1,1.0,0.0,0.0,1,2026-01-16
U001281,PLN_BASIC,299.0,low,71,2,value,high,28,177.05,11,18,-0.16666666666666696,5.5,0.0,0.0,0.0,2026-01-15,1,0.0,0.0,0.0,1,2026-01-16
U001282,PLN_PREM,799.0,high,71,2,premium,high,28,874.62,55,94,-0.16666666666666696,5.5,0.0,0.0,0.0,2026-01-15,1,0.0,0.0,0.0,0,2026-01-16
U001283,PLN_STD,499.0,mid,158,2,value,high,27,290.01,19,36,-0.666666666666667,5.0,0.0,0.0,0.0,2026-01-15,1,0.0,0.0,0.0,0,2026-01-16
U001284,PLN_STD,499.0,mid,55,1,regular,high,28,157.75,9,17,-0.16666666666666696,5.5,0.0,0.0,0.0,2026-01-15,1,0.0,0.0,0.0,1,2026-01-16
U001285,PLN_STD,499.0,mid,161,3,regular,high,28,388.8,19,40,-0.16666666666666696,5.5,0.0,0.0,0.0,2026-01-15,1,1.0,0.0,0.0,0,2026-01-16
U001286,PLN_BASIC,299.0,low,244,2,value,high,28,193.5,20,18,-0.16666666666666696,5.5,0.0,0.0,0.0,2026-01-15,1,1.0,0.0,0.0,0,2026-01-16
U001287,PLN_STD,499.0,mid,29,3,premium,high,27,980.54,64,103,0.16666666666666696,5.5,1.0,1.0,1.0,2026-01-15,1,0.0,0.0,0.0,0,2026-01-16
U001288,PLN_BASIC,299.0,low,198,2,value,high,27,249.79,22,25,0.16666666666666696,5.5,0.0,0.0,0.0,2026-01-15,1,1.0,0.0,0.0,0,2026-01-16
U001289,PLN_PREM,799.0,high,231,1,premium,high,28,505.11,40,43,-0.16666666666666696,5.5,1.0,0.0,0.0,2026-01-15,1,1.0,0.0,0.0,1,2026-01-16
U001290,PLN_PREM,799.0,high,100,2,regular,high,28,589.39,32,57,-0.16666666666666696,5.5,0.0,0.0,0.0,2026-01-15,1,1.0,1.0,0.0,0,2026-01-16
U001291,PLN_BASIC,299.0,low,198,2,value,high,28,213.82999999999998,14,24,-0.16666666666666696,5.5,2.0,1.0,0.5,2026-01-15,1,0.0,0.0,0.0,0,2026-01-16
U001292,PLN_BASIC,299.0,low,41,2,value,high,28,96.13,9,11,-0.16666666666666696,5.5,0.0,0.0,0.0,2026-01-15,1,1.0,0.0,0.0,0,2026-01-16
U001293,PLN_BASIC,299.0,low,145,2,value,high,27,313.6,22,33,0.16666666666666696,5.5,1.0,0.0,0.0,2026-01-15,1,0.0,0.0,0.0,0,2026-01-16
U001294,PLN_BASIC,299.0,low,255,1,regular,high,28,0.0,0,0,-0.16666666666666696,5.5,0.0,0.0,0.0,2026-01-15,1,0.0,0.0,0.0,1,2026-01-16
U001295,PLN_BASIC,299.0,low,18,2,value,high,18,408.95508721638646,12,21,-1.5,5.5,1.0,0.0,0.0,2026-01-15,1,1.0,0.0,0.0,0,2026-01-16
U001296,PLN_PREM,799.0,high,127,2,premium,high,28,621.55,39,65,-0.16666666666666696,5.5,0.0,0.0,0.0,2026-01-15,1,0.0,0.0,0.0,0,2026-01-16
U001297,PLN_BASIC,299.0,low,190,3,value,high,28,0.0,0,0,-0.16666666666666696,5.5,0.0,0.0,0.0,2026-01-15,1,0.0,0.0,0.0,1,2026-01-16
U001298,PLN_STD,499.0,mid,87,1,regular,high,28,511.34000000000003,34,55,-0.16666666666666696,5.5,1.0,0.0,0.0,2026-01-15,1,0.0,0.0,0.0,1,2026-01-16
U001299,PLN_BASIC,299.0,low,123,2,value,high,28,128.02,8,20,-0.16666666666666696,5.5,0.0,0.0,0.0,2026-01-15,1,1.0,0.0,0.0,0,2026-01-16
U001300,PLN_PREM,799.0,high,249,2,premium,high,28,1051.95,51,123,-0.16666666666666696,5.5,0.0,0.0,0.0,2026-01-15,1,1.0,0.0,0.0,0,2026-01-16
U001301,PLN_BASIC,299.0,low,66,2,value,high,28,325.15,20,31,-0.16666666666666696,5.5,0.0,0.0,0.0,2026-01-15,1,1.0,0.0,0.0,0,2026-01-16
U001302,PLN_STD,499.0,mid,156,2,regular,high,27,521.72,32,58,-0.666666666666667,5.0,1.0,0.0,0.0,2026-01-15,1,0.0,0.0,0.0,0,2026-01-16
U001303,PLN_STD,499.0,mid,81,2,regular,high,28,374.4,27,37,-0.16666666666666696,5.5,1.0,0.0,0.0,2026-01-15,1,0.0,0.0,0.0,0,2026-01-16
U001304,PLN_BASIC,299.0,low,32,3,value,high,27,168.34,12,18,0.16666666666666696,5.5,0.0,0.0,0.0,2026-01-15,1,0.0,0.0,0.0,1,2026-01-16
U001305,PLN_BASIC,299.0,low,103,2,regular,high,28,661.29,33,67,-0.16666666666666696,5.5,0.0,0.0,0.0,2026-01-15,1,0.0,0.0,0.0,0,2026-01-16
U001306,PLN_BASIC,299.0,low,88,2,value,high,27,0.0,0,0,0.16666666666666696,5.5,0.0,0.0,0.0,2026-01-15,1,0.0,0.0,0.0,1,2026-01-16
U001307,PLN_BASIC,299.0,low,193,1,regular,high,28,372.44,26,45,-0.16666666666666696,5.5,0.0,0.0,0.0,2026-01-15,1,1.0,0.0,0.0,0,2026-01-16
U001308,PLN_STD,499.0,mid,197,2,regular,high,27,545.41,42,50,-0.666666666666667,5.0,0.0,0.0,0.0,2026-01-14,2,1.0,0.0,0.0,0,2026-01-16
U001309,PLN_STD,499.0,mid,152,2,regular,high,28,343.8,22,29,-0.16666666666666696,5.5,1.0,0.0,0.0,2026-01-15,1,0.0,0.0,0.0,0,2026-01-16
U001310,PLN_BASIC,299.0,low,42,1,value,high,28,125.64,11,13,-0.16666666666666696,5.5,0.0,0.0,0.0,2026-01-15,1,1.0,0.0,0.0,1,2026-01-16
U001311,PLN_BASIC,299.0,low,125,2,value,high,28,222.68,19,20,-0.16666666666666696,5.5,0.0,0.0,0.0,2026-01-15,1,0.0,0.0,0.0,0,2026-01-16
U001312,PLN_STD,499.0,mid,169,2,value,high,27,198.19,12,19,0.16666666666666696,5.5,0.0,0.0,0.0,2026-01-15,1,1.0,0.0,0.0,0,2026-01-16
U001313,PLN_BASIC,299.0,low,61,2,value,high,27,139.16,10,16,0.16666666666666696,5.5,1.0,0.0,0.0,2026-01-15,1,0.0,0.0,0.0,1,2026-01-16
U001314,PLN_BASIC,299.0,low,42,2,value,high,28,36.12,2,3,-0.16666666666666696,5.5,0.0,0.0,0.0,2026-01-15,1,1.0,1.0,0.0,1,2026-01-16
U001315,PLN_STD,499.0,mid,30,2,premium,high,28,732.81,42,76,-0.16666666666666696,5.5,1.0,0.0,0.0,2026-01-15,1,0.0,0.0,0.0,0,2026-01-16
U001316,PLN_PREM,799.0,high,181,2,regular,high,28,0.0,0,0,-0.16666666666666696,5.5,0.0,0.0,0.0,2026-01-15,1,1.0,0.0,0.0,1,2026-01-16
U001317,PLN_BASIC,299.0,low,78,1,regular,high,28,820.4200000000001,54,88,-0.16666666666666696,5.5,0.0,0.0,0.0,2026-01-15,1,1.0,0.0,0.0,0,2026-01-16
U001318,PLN_STD,499.0,mid,108,1,value,high,28,398.43,33,52,-0.16666666666666696,5.5,1.0,0.0,0.0,2026-01-15,1,1.0,0.0,0.0,1,2026-01-16
U001319,PLN_STD,499.0,mid,144,2,value,high,28,197.28,10,20,-0.16666666666666696,5.5,1.0,0.0,0.0,2026-01-15,1,0.0,0.0,0.0,0,2026-01-16
U001320,PLN_STD,499.0,mid,157,3,regular,high,28,229.44,16,26,-0.16666666666666696,5.5,0.0,0.0,0.0,2026-01-15,1,1.0,0.0,0.0,1,2026-01-16
U001321,PLN_BASIC,299.0,low,228,1,value,high,26,156.88,10,19,-1.166666666666667,4.5,0.0,0.0,0.0,2026-01-15,1,0.0,0.0,0.0,0,2026-01-16
U001322,PLN_STD,499.0,mid,188,2,value,high,28,0.0,0,0,-0.16666666666666696,5.5,0.0,0.0,0.0,2026-01-15,1,0.0,0.0,0.0,1,2026-01-16
U001323,PLN_STD,499.0,mid,119,3,regular,high,28,537.29,34,54,-0.16666666666666696,5.5,2.0,1.0,0.5,2026-01-15,1,1.0,1.0,0.0,0,2026-01-16
U001324,PLN_STD,499.0,mid,34,3,regular,high,27,469.51,35,44,0.16666666666666696,5.5,1.0,0.0,0.0,2026-01-15,1,1.0,0.0,0.0,0,2026-01-16
U001325,PLN_STD,499.0,mid,39,2,premium,high,28,271.19,10,31,-0.16666666666666696,5.5,0.0,0.0,0.0,2026-01-15,1,1.0,0.0,0.0,1,2026-01-16
U001326,PLN_BASIC,299.0,low,209,2,value,high,28,229.9,18,31,-0.16666666666666696,5.5,1.0,0.0,0.0,2026-01-15,1,0.0,0.0,0.0,0,2026-01-16
U001327,PLN_BASIC,299.0,low,86,2,regular,high,28,0.0,0,0,-0.16666666666666696,5.5,0.0,0.0,0.0,2026-01-15,1,0.0,0.0,0.0,1,2026-01-16
U001328,PLN_BASIC,299.0,low,235,3,value,high,28,322.36,24,37,-0.16666666666666696,5.5,1.0,0.0,0.0,2026-01-15,1,0.0,0.0,0.0,0,2026-01-16
U001329,PLN_BASIC,299.0,low,87,1,value,high,28,272.78999999999996,18,33,-0.16666666666666696,5.5,1.0,0.0,0.0,2026-01-15,1,1.0,1.0,0.0,0,2026-01-16
U001330,PLN_STD,499.0,mid,171,3,regular,high,28,450.53,36,53,-0.16666666666666696,5.5,1.0,0.0,0.0,2026-01-15,1,0.0,0.0,0.0,0,2026-01-16
U001331,PLN_STD,499.0,mid,144,1,value,high,27,292.91,25,30,0.16666666666666696,5.5,1.0,0.0,0.0,2026-01-15,1,2.0,1.0,0.0,0,2026-01-16
U001332,PLN_STD,499.0,mid,76,3,regular,high,28,543.98,40,48,-0.16666666666666696,5.5,0.0,0.0,0.0,2026-01-15,1,1.0,0.0,0.0,0,2026-01-16
U001333,PLN_BASIC,299.0,low,150,1,regular,high,27,470.97,29,60,0.16666666666666696,5.5,1.0,0.0,0.0,2026-01-15,1,0.0,0.0,0.0,0,2026-01-16
U001334,PLN_BASIC,299.0,low,54,1,value,high,28,255.43,24,30,-0.16666666666666696,5.5,1.0,0.0,0.0,2026-01-15,1,2.0,0.0,0.0,1,2026-01-16
U001335,PLN_PREM,799.0,high,123,1,premium,high,27,853.76,61,86,-0.666666666666667,5.0,0.0,0.0,0.0,2026-01-14,2,1.0,0.0,0.0,0,2026-01-16
U001336,PLN_BASIC,299.0,low,6,2,regular,high,6,124.9,6,14,3.0,3.0,0.0,0.0,0.0,2026-01-15,1,0.0,0.0,0.0,0,2026-01-16
U001337,PLN_PREM,799.0,high,96,2,regular,high,27,321.31,19,39,0.16666666666666696,5.5,0.0,0.0,0.0,2026-01-15,1,1.0,0.0,0.0,0,2026-01-16
U001338,PLN_BASIC,299.0,low,182,1,regular,high,28,0.0,0,0,-0.16666666666666696,5.5,0.0,0.0,0.0,2026-01-15,1,0.0,0.0,0.0,1,2026-01-16
U001339,PLN_STD,499.0,mid,62,2,premium,high,28,604.15,39,67,-0.16666666666666696,5.5,0.0,0.0,0.0,2026-01-15,1,1.0,1.0,0.0,1,2026-01-16
U001340,PLN_BASIC,299.0,low,154,2,value,high,28,267.38,19,31,-0.16666666666666696,5.5,0.0,0.0,0.0,2026-01-15,1,1.0,0.0,0.0,0,2026-01-16
U001341,PLN_STD,499.0,mid,122,3,regular,high,28,444.3,28,49,-0.16666666666666696,5.5,1.0,1.0,1.0,2026-01-15,1,0.0,0.0,0.0,1,2026-01-16
U001342,PLN_PREM,799.0,high,222,3,regular,high,28,561.47,37,51,-0.16666666666666696,5.5,0.0,0.0,0.0,2026-01-15,1,1.0,0.0,0.0,0,2026-01-16
U001343,PLN_BASIC,299.0,low,227,2,value,high,28,93.14,10,12,-0.16666666666666696,5.5,0.0,0.0,0.0,2026-01-15,1,1.0,0.0,0.0,0,2026-01-16
U001344,PLN_STD,499.0,mid,112,1,value,high,28,0.0,0,0,-0.16666666666666696,5.5,0.0,0.0,0.0,2026-01-15,1,0.0,0.0,0.0,1,2026-01-16
U001345,PLN_STD,499.0,mid,210,2,premium,high,28,985.56,47,102,-0.16666666666666696,5.5,1.0,0.0,0.0,2026-01-15,1,1.0,0.0,0.0,0,2026-01-16
U001346,PLN_STD,499.0,mid,6,3,regular,mid,6,50.72,4,8,3.0,3.0,0.0,0.0,0.0,2026-01-15,1,0.0,0.0,0.0,1,2026-01-16
U001347,PLN_STD,499.0,mid,42,1,regular,high,28,25.65,1,1,-0.16666666666666696,5.5,0.0,0.0,0.0,2026-01-15,1,1.0,0.0,0.0,1,2026-01-16
U001348,PLN_BASIC,299.0,low,81,2,regular,high,26,542.4399999999999,37,41,0.5,5.5,1.0,0.0,0.0,2026-01-15,1,0.0,0.0,0.0,0,2026-01-16
U001349,PLN_BASIC,299.0,low,72,3,regular,high,28,270.42,21,31,-0.16666666666666696,5.5,0.0,0.0,0.0,2026-01-15,1,0.0,0.0,0.0,1,2026-01-16
U001350,PLN_STD,499.0,mid,107,3,premium,high,28,885.47,53,82,-0.16666666666666696,5.5,0.0,0.0,0.0,2026-01-15,1,2.0,0.0,0.0,0,2026-01-16
U001351,PLN_STD,499.0,mid,241,2,regular,high,28,496.57,36,57,-0.16666666666666696,5.5,1.0,0.0,0.0,2026-01-15,1,1.0,0.0,0.0,0,2026-01-16
U001352,PLN_BASIC,299.0,low,158,2,value,high,28,329.08,19,33,-0.16666666666666696,5.5,0.0,0.0,0.0,2026-01-15,1,1.0,0.0,0.0,0,2026-01-16
U001353,PLN_BASIC,299.0,low,132,2,value,high,28,235.19,15,29,-0.16666666666666696,5.5,0.0,0.0,0.0,2026-01-15,1,0.0,0.0,0.0,0,2026-01-16
U001354,PLN_STD,499.0,mid,27,3,regular,high,27,629.31,45,49,0.16666666666666696,5.5,1.0,1.0,1.0,2026-01-15,1,0.0,0.0,0.0,0,2026-01-16
U001355,PLN_BASIC,299.0,low,201,1,regular,high,27,564.22,37,47,-0.666666666666667,5.0,1.0,0.0,0.0,2026-01-15,1,0.0,0.0,0.0,0,2026-01-16
U001356,PLN_BASIC,299.0,low,132,1,regular,high,26,490.39,33,44,0.5,5.5,0.0,0.0,0.0,2026-01-15,1,0.0,0.0,0.0,0,2026-01-16
U001357,PLN_BASIC,299.0,low,170,2,value,high,28,103.14,11,15,-0.16666666666666696,5.5,0.0,0.0,0.0,2026-01-15,1,0.0,0.0,0.0,1,2026-01-16
U001358,PLN_BASIC,299.0,low,223,1,value,high,28,272.22,20,31,-0.16666666666666696,5.5,0.0,0.0,0.0,2026-01-15,1,1.0,0.0,0.0,0,2026-01-16
U001359,PLN_BASIC,299.0,low,231,2,regular,high,28,393.07,17,40,-0.16666666666666696,5.5,1.0,0.0,0.0,2026-01-15,1,0.0,0.0,0.0,0,2026-01-16
U001360,PLN_STD,499.0,mid,165,2,regular,high,28,442.34000000000003,31,40,-0.16666666666666696,5.5,0.0,0.0,0.0,2026-01-15,1,0.0,0.0,0.0,0,2026-01-16
U001361,PLN_BASIC,299.0,low,236,3,value,high,28,0.0,0,0,-0.16666666666666696,5.5,0.0,0.0,0.0,2026-01-15,1,1.0,0.0,0.0,1,2026-01-16
U001362,PLN_PREM,799.0,high,240,3,regular,high,27,0.0,0,0,0.16666666666666696,5.5,0.0,0.0,0.0,2026-01-15,1,0.0,0.0,0.0,1,2026-01-16
U001363,PLN_STD,499.0,mid,168,2,regular,high,27,455.36,23,48,0.16666666666666696,5.5,0.0,0.0,0.0,2026-01-15,1,1.0,1.0,0.0,0,2026-01-16
U001364,PLN_PREM,799.0,high,206,3,premium,high,26,699.67,46,76,-1.166666666666667,4.5,1.0,0.0,0.0,2026-01-15,1,1.0,1.0,0.0,0,2026-01-16
U001365,PLN_BASIC,299.0,low,117,2,value,high,28,0.0,0,0,-0.16666666666666696,5.5,0.0,0.0,0.0,2026-01-15,1,0.0,0.0,0.0,1,2026-01-16
U001366,PLN_PREM,799.0,high,252,2,premium,high,28,845.74,37,88,-0.16666666666666696,5.5,0.0,0.0,0.0,2026-01-15,1,1.0,0.0,0.0,0,2026-01-16
U001367,PLN_BASIC,299.0,low,181,1,regular,high,28,0.0,0,0,-0.16666666666666696,5.5,0.0,0.0,0.0,2026-01-15,1,0.0,0.0,0.0,1,2026-01-16
U001368,PLN_BASIC,299.0,low,143,3,regular,high,28,410.27,26,46,-0.16666666666666696,5.5,1.0,0.0,0.0,2026-01-15,1,2.0,0.0,0.0,0,2026-01-16
U001369,PLN_BASIC,299.0,low,15,3,value,high,15,126.71000000000001,8,13,1.5,5.5,1.0,0.0,0.0,2026-01-15,1,0.0,0.0,0.0,0,2026-01-16
U001370,PLN_STD,499.0,mid,97,3,regular,high,28,602.25,47,68,-0.16666666666666696,5.5,0.0,0.0,0.0,2026-01-15,1,1.0,0.0,0.0,0,2026-01-16
U001371,PLN_STD,499.0,mid,35,3,regular,high,27,401.08,30,45,0.16666666666666696,5.5,0.0,0.0,0.0,2026-01-15,1,1.0,0.0,0.0,0,2026-01-16
U001372,PLN_BASIC,299.0,low,170,3,value,high,28,529.4565090039696,30,33,-0.16666666666666696,5.5,1.0,0.0,0.0,2026-01-15,1,1.0,0.0,0.0,0,2026-01-16
U001373,PLN_BASIC,299.0,low,144,1,regular,high,27,468.33,29,52,-0.666666666666667,5.0,1.0,0.0,0.0,2026-01-15,1,0.0,0.0,0.0,0,2026-01-16
U001374,PLN_STD,499.0,mid,151,3,regular,high,26,657.3,40,63,0.5,5.5,1.0,0.0,0.0,2026-01-15,1,0.0,0.0,0.0,0,2026-01-16
U001375,PLN_PREM,799.0,high,34,2,regular,high,28,568.54,28,61,-0.16666666666666696,5.5,0.0,0.0,0.0,2026-01-15,1,1.0,0.0,0.0,0,2026-01-16
U001376,PLN_STD,499.0,mid,16,2,value,high,16,64.64,5,9,0.5,5.5,1.0,0.0,0.0,2026-01-15,1,0.0,0.0,0.0,1,2026-01-16
U001377,PLN_STD,499.0,mid,15,2,regular,high,15,179.14,9,19,1.5,5.5,1.0,0.0,0.0,2026-01-15,1,0.0,0.0,0.0,1,2026-01-16
U001378,PLN_BASIC,299.0,low,68,2,value,high,27,186.47,14,19,0.16666666666666696,5.5,0.0,0.0,0.0,2026-01-15,1,0.0,0.0,0.0,0,2026-01-16
U001379,PLN_STD,499.0,mid,130,2,premium,high,28,983.29,67,91,-0.16666666666666696,5.5,0.0,0.0,0.0,2026-01-15,1,0.0,0.0,0.0,0,2026-01-16
U001380,PLN_PREM,799.0,high,121,1,premium,high,28,941.16,48,95,-0.16666666666666696,5.5,1.0,0.0,0.0,2026-01-15,1,1.0,0.0,0.0,0,2026-01-16
U001381,PLN_BASIC,299.0,low,10,1,value,high,10,117.86,6,13,5.0,5.0,1.0,0.0,0.0,2026-01-15,1,0.0,0.0,0.0,0,2026-01-16
U001382,PLN_BASIC,299.0,low,185,2,value,high,27,338.26,27,37,0.16666666666666696,5.5,1.0,0.0,0.0,2026-01-15,1,0.0,0.0,0.0,0,2026-01-16
U001383,PLN_BASIC,299.0,low,169,3,value,high,27,263.78,19,27,0.16666666666666696,5.5,0.0,0.0,0.0,2026-01-15,1,1.0,0.0,0.0,0,2026-01-16
U001384,PLN_BASIC,299.0,low,31,2,regular,high,27,454.78000000000003,27,48,0.16666666666666696,5.5,1.0,0.0,0.0,2026-01-15,1,1.0,0.0,0.0,0,2026-01-16
U001385,PLN_PREM,799.0,high,160,2,premium,high,28,808.68,57,94,-0.16666666666666696,5.5,0.0,0.0,0.0,2026-01-15,1,0.0,0.0,0.0,0,2026-01-16
U001386,PLN_BASIC,299.0,low,197,2,regular,high,28,392.72,24,45,-0.16666666666666696,5.5,0.0,0.0,0.0,2026-01-15,1,1.0,0.0,0.0,0,2026-01-16
U001387,PLN_BASIC,299.0,low,116,2,value,high,28,185.06,12,23,-0.16666666666666696,5.5,1.0,0.0,0.0,2026-01-15,1,1.0,0.0,0.0,0,2026-01-16
U001388,PLN_STD,499.0,mid,175,1,value,high,28,225.14,15,16,-0.16666666666666696,5.5,1.0,0.0,0.0,2026-01-15,1,0.0,0.0,0.0,0,2026-01-16
U001389,PLN_BASIC,299.0,low,33,3,value,high,28,285.86,15,31,-0.16666666666666696,5.5,0.0,0.0,0.0,2026-01-15,1,1.0,0.0,0.0,0,2026-01-16
U001390,PLN_STD,499.0,mid,28,1,regular,high,28,732.39,44,91,-0.16666666666666696,5.5,1.0,0.0,0.0,2026-01-15,1,1.0,0.0,0.0,0,2026-01-16
U001391,PLN_BASIC,299.0,low,180,2,regular,high,28,0.0,0,0,-0.16666666666666696,5.5,0.0,0.0,0.0,2026-01-15,1,0.0,0.0,0.0,1,2026-01-16
U001392,PLN_STD,499.0,mid,124,3,regular,high,28,629.41,35,65,-0.16666666666666696,5.5,0.0,0.0,0.0,2026-01-15,1,1.0,0.0,0.0,0,2026-01-16
U001393,PLN_STD,499.0,mid,10,2,value,high,10,82.03999999999999,12,14,5.0,5.0,1.0,1.0,1.0,2026-01-15,1,0.0,0.0,0.0,1,2026-01-16
U001394,PLN_PREM,799.0,high,70,3,premium,high,27,1071.4742538582689,60,81,0.16666666666666696,5.5,0.0,0.0,0.0,2026-01-15,1,0.0,0.0,0.0,0,2026-01-16
U001395,PLN_STD,499.0,mid,202,2,value,high,26,21.46,4,2,-0.33333333333333304,5.0,0.0,0.0,0.0,2026-01-15,1,1.0,0.0,0.0,1,2026-01-16
U001396,PLN_STD,499.0,mid,108,3,regular,high,28,490.06,32,41,-0.16666666666666696,5.5,1.0,1.0,1.0,2026-01-15,1,0.0,0.0,0.0,0,2026-01-16
U001397,PLN_PREM,799.0,high,101,2,premium,high,27,1025.68,64,81,0.16666666666666696,5.5,0.0,0.0,0.0,2026-01-15,1,1.0,0.0,0.0,0,2026-01-16
U001398,PLN_STD,499.0,mid,92,3,regular,high,28,0.0,0,0,-0.16666666666666696,5.5,0.0,0.0,0.0,2026-01-15,1,1.0,0.0,0.0,1,2026-01-16
U001399,PLN_PREM,799.0,high,250,2,premium,high,26,665.85,37,64,-0.33333333333333304,5.0,0.0,0.0,0.0,2026-01-15,1,0.0,0.0,0.0,0,2026-01-16
U001400,PLN_BASIC,299.0,low,181,3,value,high,28,0.0,0,0,-0.16666666666666696,5.5,0.0,0.0,0.0,2026-01-15,1,0.0,0.0,0.0,1,2026-01-16
U001401,PLN_BASIC,299.0,low,42,3,regular,high,26,356.56,22,43,0.5,5.5,0.0,0.0,0.0,2026-01-15,1,1.0,0.0,0.0,1,2026-01-16
U001402,PLN_STD,499.0,mid,196,2,value,high,28,142.86,12,17,-0.16666666666666696,5.5,0.0,0.0,0.0,2026-01-15,1,1.0,0.0,0.0,0,2026-01-16
U001403,PLN_STD,499.0,mid,181,3,regular,high,28,433.98,30,51,-0.16666666666666696,5.5,1.0,0.0,0.0,2026-01-15,1,0.0,0.0,0.0,0,2026-01-16
U001404,PLN_BASIC,299.0,low,176,2,value,high,27,39.9,3,7,0.16666666666666696,5.5,0.0,0.0,0.0,2026-01-15,1,1.0,0.0,0.0,1,2026-01-16
U001405,PLN_BASIC,299.0,low,212,2,value,high,28,127.5,11,13,-0.16666666666666696,5.5,1.0,0.0,0.0,2026-01-15,1,0.0,0.0,0.0,1,2026-01-16
U001406,PLN_BASIC,299.0,low,217,3,value,high,28,245.96,21,27,-0.16666666666666696,5.5,0.0,0.0,0.0,2026-01-15,1,0.0,0.0,0.0,0,2026-01-16
U001407,PLN_BASIC,299.0,low,169,2,value,high,27,282.94,15,38,0.16666666666666696,5.5,0.0,0.0,0.0,2026-01-15,1,2.0,0.0,0.0,0,2026-01-16
U001408,PLN_STD,499.0,mid,37,2,regular,high,27,709.3643429601916,28,50,0.16666666666666696,5.5,1.0,0.0,0.0,2026-01-15,1,1.0,1.0,0.0,0,2026-01-16
U001409,PLN_STD,499.0,mid,256,1,regular,high,28,641.23,36,72,-0.16666666666666696,5.5,0.0,0.0,0.0,2026-01-15,1,1.0,0.0,0.0,0,2026-01-16
U001410,PLN_BASIC,299.0,low,185,1,value,high,28,0.0,0,0,-0.16666666666666696,5.5,0.0,0.0,0.0,2026-01-15,1,0.0,0.0,0.0,1,2026-01-16
U001411,PLN_STD,499.0,mid,241,3,premium,high,28,128.66,3,11,-0.16666666666666696,5.5,0.0,0.0,0.0,2026-01-15,1,0.0,0.0,0.0,1,2026-01-16
U001412,PLN_PREM,799.0,high,116,2,premium,high,28,757.81,44,61,-0.16666666666666696,5.5,1.0,0.0,0.0,2026-01-15,1,0.0,0.0,0.0,0,2026-01-16
U001413,PLN_BASIC,299.0,low,194,2,value,high,28,68.03,6,5,-0.16666666666666696,5.5,0.0,0.0,0.0,2026-01-15,1,0.0,0.0,0.0,0,2026-01-16
U001414,PLN_BASIC,299.0,low,58,1,regular,high,28,646.9300000000001,35,70,-0.16666666666666696,5.5,1.0,0.0,0.0,2026-01-15,1,1.0,1.0,0.0,0,2026-01-16
U001415,PLN_STD,499.0,mid,110,2,regular,high,28,735.0666838774778,33,66,-0.16666666666666696,5.5,1.0,0.0,0.0,2026-01-15,1,0.0,0.0,0.0,0,2026-01-16
U001416,PLN_BASIC,299.0,low,60,3,regular,high,27,411.14,32,48,0.16666666666666696,5.5,1.0,0.0,0.0,2026-01-15,1,0.0,0.0,0.0,0,2026-01-16
U001417,PLN_STD,499.0,mid,97,3,value,high,28,354.24,21,40,-0.16666666666666696,5.5,0.0,0.0,0.0,2026-01-15,1,0.0,0.0,0.0,0,2026-01-16
U001418,PLN_BASIC,299.0,low,146,1,regular,high,28,326.9,22,29,-0.16666666666666696,5.5,1.0,0.0,0.0,2026-01-15,1,0.0,0.0,0.0,0,2026-01-16
U001419,PLN_STD,499.0,mid,40,2,value,high,28,98.45,7,12,-0.16666666666666696,5.5,0.0,0.0,0.0,2026-01-15,1,2.0,0.0,0.0,1,2026-01-16
U001420,PLN_BASIC,299.0,low,137,2,value,high,28,231.03,14,32,-0.16666666666666696,5.5,0.0,0.0,0.0,2026-01-15,1,0.0,0.0,0.0,0,2026-01-16
U001421,PLN_STD,499.0,mid,18,2,regular,high,18,134.53,9,19,-1.5,5.5,1.0,0.0,0.0,2026-01-15,1,0.0,0.0,0.0,1,2026-01-16
U001422,PLN_STD,499.0,mid,7,2,regular,high,7,167.5,15,23,3.5,3.5,1.0,1.0,1.0,2026-01-15,1,0.0,0.0,0.0,1,2026-01-16
U001423,PLN_BASIC,299.0,low,109,2,regular,high,28,341.36,26,28,-0.16666666666666696,5.5,0.0,0.0,0.0,2026-01-15,1,1.0,0.0,0.0,0,2026-01-16
U001424,PLN_BASIC,299.0,low,87,2,value,high,27,153.02,8,18,0.16666666666666696,5.5,1.0,0.0,0.0,2026-01-15,1,0.0,0.0,0.0,0,2026-01-16
U001425,PLN_BASIC,299.0,low,192,2,value,high,27,254.07999999999998,19,30,-0.666666666666667,5.0,0.0,0.0,0.0,2026-01-15,1,1.0,0.0,0.0,0,2026-01-16
U001426,PLN_BASIC,299.0,low,52,2,value,high,28,52.09,3,9,-0.16666666666666696,5.5,0.0,0.0,0.0,2026-01-15,1,1.0,0.0,0.0,1,2026-01-16
U001427,PLN_BASIC,299.0,low,88,2,value,high,28,117.98,9,13,-0.16666666666666696,5.5,1.0,0.0,0.0,2026-01-15,1,0.0,0.0,0.0,0,2026-01-16
U001428,PLN_STD,499.0,mid,30,3,value,high,28,261.6,19,25,-0.16666666666666696,5.5,1.0,0.0,0.0,2026-01-15,1,1.0,0.0,0.0,0,2026-01-16
U001429,PLN_BASIC,299.0,low,189,2,regular,high,28,603.33,33,60,-0.16666666666666696,5.5,0.0,0.0,0.0,2026-01-15,1,0.0,0.0,0.0,0,2026-01-16
U001430,PLN_PREM,799.0,high,59,2,regular,high,27,459.63,33,42,0.16666666666666696,5.5,1.0,0.0,0.0,2026-01-15,1,0.0,0.0,0.0,0,2026-01-16
U001431,PLN_BASIC,299.0,low,138,3,regular,high,28,685.83,33,76,-0.16666666666666696,5.5,1.0,0.0,0.0,2026-01-15,1,1.0,0.0,0.0,0,2026-01-16
U001432,PLN_STD,499.0,mid,210,3,regular,high,27,658.9399999999999,35,65,0.16666666666666696,5.5,1.0,0.0,0.0,2026-01-15,1,0.0,0.0,0.0,0,2026-01-16
U001433,PLN_BASIC,299.0,low,214,1,value,high,28,176.14,23,21,-0.16666666666666696,5.5,0.0,0.0,0.0,2026-01-15,1,1.0,0.0,0.0,0,2026-01-16
U001434,PLN_STD,499.0,mid,115,2,regular,high,28,431.8,22,49,-0.16666666666666696,5.5,1.0,0.0,0.0,2026-01-15,1,1.0,0.0,0.0,0,2026-01-16
U001435,PLN_BASIC,299.0,low,176,2,value,high,28,354.0,24,43,-0.16666666666666696,5.5,1.0,0.0,0.0,2026-01-15,1,0.0,0.0,0.0,0,2026-01-16
U001436,PLN_PREM,799.0,high,231,2,premium,high,28,853.55,57,105,-0.16666666666666696,5.5,1.0,0.0,0.0,2026-01-15,1,0.0,0.0,0.0,0,2026-01-16
U001437,PLN_BASIC,299.0,low,149,1,value,high,28,0.0,0,0,-0.16666666666666696,5.5,0.0,0.0,0.0,2026-01-15,1,1.0,0.0,0.0,1,2026-01-16
U001438,PLN_PREM,799.0,high,93,2,regular,high,28,337.56,21,41,-0.16666666666666696,5.5,0.0,0.0,0.0,2026-01-15,1,0.0,0.0,0.0,0,2026-01-16
U001439,PLN_PREM,799.0,high,176,2,premium,high,28,1197.82,73,93,-0.16666666666666696,5.5,1.0,0.0,0.0,2026-01-15,1,0.0,0.0,0.0,0,2026-01-16
U001440,PLN_STD,499.0,mid,17,2,regular,high,17,256.44,17,30,-0.5,5.5,1.0,0.0,0.0,2026-01-15,1,0.0,0.0,0.0,0,2026-01-16
U001441,PLN_BASIC,299.0,low,61,3,regular,high,28,273.56,21,24,-0.16666666666666696,5.5,1.0,0.0,0.0,2026-01-15,1,1.0,0.0,0.0,1,2026-01-16
U001442,PLN_STD,499.0,mid,128,2,regular,high,28,481.54,27,48,-0.16666666666666696,5.5,0.0,0.0,0.0,2026-01-15,1,2.0,0.0,0.0,0,2026-01-16
U001443,PLN_STD,499.0,mid,22,3,value,high,22,86.21000000000001,8,6,0.0,5.5,1.0,0.0,0.0,2026-01-15,1,0.0,0.0,0.0,1,2026-01-16
U001444,PLN_BASIC,299.0,low,148,3,regular,high,28,0.0,0,0,-0.16666666666666696,5.5,0.0,0.0,0.0,2026-01-15,1,0.0,0.0,0.0,1,2026-01-16
U001445,PLN_PREM,799.0,high,221,3,premium,high,28,0.0,0,0,-0.16666666666666696,5.5,0.0,0.0,0.0,2026-01-15,1,0.0,0.0,0.0,1,2026-01-16
U001446,PLN_PREM,799.0,high,248,1,premium,high,28,1022.82,65,96,-0.16666666666666696,5.5,0.0,0.0,0.0,2026-01-15,1,0.0,0.0,0.0,0,2026-01-16
U001447,PLN_BASIC,299.0,low,21,3,regular,high,21,342.65,33,40,0.5,5.5,1.0,0.0,0.0,2026-01-15,1,1.0,0.0,0.0,0,2026-01-16
U001448,PLN_BASIC,299.0,low,16,1,value,high,16,84.33,5,12,0.5,5.5,2.0,1.0,0.5,2026-01-15,1,0.0,0.0,0.0,1,2026-01-16
U001449,PLN_STD,499.0,mid,71,2,regular,high,27,599.47,39,64,-0.666666666666667,5.0,0.0,0.0,0.0,2026-01-14,2,2.0,0.0,0.0,0,2026-01-16
U001450,PLN_BASIC,299.0,low,231,3,regular,high,28,515.09,35,47,-0.16666666666666696,5.5,2.0,1.0,0.5,2026-01-15,1,0.0,0.0,0.0,0,2026-01-16
U001451,PLN_BASIC,299.0,low,183,2,value,high,28,145.69,12,19,-0.16666666666666696,5.5,0.0,0.0,0.0,2026-01-15,1,0.0,0.0,0.0,0,2026-01-16
U001452,PLN_BASIC,299.0,low,246,2,value,high,28,306.83,23,32,-0.16666666666666696,5.5,1.0,0.0,0.0,2026-01-15,1,2.0,0.0,0.0,0,2026-01-16
U001453,PLN_BASIC,299.0,low,244,2,value,high,28,288.94,15,32,-0.16666666666666696,5.5,0.0,0.0,0.0,2026-01-15,1,1.0,0.0,0.0,0,2026-01-16
U001454,PLN_BASIC,299.0,low,195,3,regular,high,28,535.15,29,60,-0.16666666666666696,5.5,0.0,0.0,0.0,2026-01-15,1,0.0,0.0,0.0,0,2026-01-16
U001455,PLN_BASIC,299.0,low,113,2,value,high,28,208.45999999999998,13,21,-0.16666666666666696,5.5,1.0,0.0,0.0,2026-01-15,1,2.0,0.0,0.0,0,2026-01-16
U001456,PLN_STD,499.0,mid,240,2,value,high,28,291.24,22,37,-0.16666666666666696,5.5,1.0,0.0,0.0,2026-01-15,1,0.0,0.0,0.0,1,2026-01-16
U001457,PLN_STD,499.0,mid,9,3,value,high,9,141.76999999999998,10,14,4.5,4.5,1.0,0.0,0.0,2026-01-15,1,1.0,0.0,0.0,0,2026-01-16
U001458,PLN_STD,499.0,mid,142,1,premium,high,27,160.26,17,19,-0.666666666666667,5.0,0.0,0.0,0.0,2026-01-15,1,1.0,0.0,0.0,1,2026-01-16
U001459,PLN_BASIC,299.0,low,190,1,value,high,27,165.96,12,22,-0.666666666666667,5.0,0.0,0.0,0.0,2026-01-14,2,0.0,0.0,0.0,0,2026-01-16
U001460,PLN_BASIC,299.0,low,127,2,value,high,28,201.83,9,19,-0.16666666666666696,5.5,0.0,0.0,0.0,2026-01-15,1,1.0,0.0,0.0,0,2026-01-16
U001461,PLN_BASIC,299.0,low,58,3,regular,high,28,399.39,24,47,-0.16666666666666696,5.5,1.0,0.0,0.0,2026-01-15,1,0.0,0.0,0.0,0,2026-01-16
U001462,PLN_STD,499.0,mid,178,1,value,high,28,276.59,25,33,-0.16666666666666696,5.5,1.0,0.0,0.0,2026-01-15,1,0.0,0.0,0.0,0,2026-01-16
U001463,PLN_STD,499.0,mid,245,1,premium,high,28,802.29,52,80,-0.16666666666666696,5.5,1.0,0.0,0.0,2026-01-15,1,1.0,0.0,0.0,0,2026-01-16
U001464,PLN_PREM,799.0,high,244,1,premium,high,28,623.39,36,62,-0.16666666666666696,5.5,0.0,0.0,0.0,2026-01-15,1,2.0,0.0,0.0,0,2026-01-16
U001465,PLN_BASIC,299.0,low,43,3,regular,high,27,86.07,3,11,0.16666666666666696,5.5,0.0,0.0,0.0,2026-01-15,1,1.0,0.0,0.0,1,2026-01-16
U001466,PLN_BASIC,299.0,low,228,1,regular,high,28,385.13,25,40,-0.16666666666666696,5.5,0.0,0.0,0.0,2026-01-15,1,1.0,0.0,0.0,0,2026-01-16
U001467,PLN_BASIC,299.0,low,97,2,value,high,28,83.53,13,9,-0.16666666666666696,5.5,0.0,0.0,0.0,2026-01-15,1,1.0,0.0,0.0,1,2026-01-16
U001468,PLN_STD,499.0,mid,160,3,value,high,28,175.13,11,19,-0.16666666666666696,5.5,0.0,0.0,0.0,2026-01-15,1,0.0,0.0,0.0,1,2026-01-16
U001469,PLN_BASIC,299.0,low,61,1,value,high,27,154.87,12,13,0.16666666666666696,5.5,1.0,1.0,1.0,2026-01-15,1,2.0,0.0,0.0,0,2026-01-16
U001470,PLN_STD,499.0,mid,241,2,value,high,27,308.95,19,37,0.16666666666666696,5.5,1.0,0.0,0.0,2026-01-15,1,1.0,0.0,0.0,0,2026-01-16
U001471,PLN_BASIC,299.0,low,31,2,value,high,28,250.19,21,28,-0.16666666666666696,5.5,0.0,0.0,0.0,2026-01-15,1,0.0,0.0,0.0,0,2026-01-16
U001472,PLN_BASIC,299.0,low,81,3,regular,high,28,421.25,31,39,-0.16666666666666696,5.5,0.0,0.0,0.0,2026-01-15,1,1.0,0.0,0.0,0,2026-01-16
U001473,PLN_BASIC,299.0,low,144,2,value,high,27,231.83,20,22,0.16666666666666696,5.5,1.0,0.0,0.0,2026-01-15,1,1.0,0.0,0.0,1,2026-01-16
U001474,PLN_BASIC,299.0,low,205,2,value,high,28,233.72,30,26,-0.16666666666666696,5.5,2.0,1.0,0.5,2026-01-15,1,1.0,0.0,0.0,0,2026-01-16
U001475,PLN_STD,499.0,mid,11,1,regular,high,11,205.65,13,13,5.5,5.5,1.0,1.0,1.0,2026-01-15,1,0.0,0.0,0.0,1,2026-01-16
U001476,PLN_BASIC,299.0,low,181,2,regular,high,27,511.86,29,65,0.16666666666666696,5.5,0.0,0.0,0.0,2026-01-15,1,1.0,0.0,0.0,0,2026-01-16
U001477,PLN_BASIC,299.0,low,133,3,value,high,28,236.07,18,24,-0.16666666666666696,5.5,0.0,0.0,0.0,2026-01-15,1,2.0,1.0,0.0,0,2026-01-16
U001478,PLN_BASIC,299.0,low,158,1,value,high,28,261.04,26,26,-0.16666666666666696,5.5,0.0,0.0,0.0,2026-01-15,1,0.0,0.0,0.0,0,2026-01-16
U001479,PLN_BASIC,299.0,low,199,2,value,high,28,310.822076534337,18,23,-0.16666666666666696,5.5,0.0,0.0,0.0,2026-01-15,1,1.0,0.0,0.0,0,2026-01-16
U001480,PLN_BASIC,299.0,low,152,3,value,high,28,0.0,0,0,-0.16666666666666696,5.5,0.0,0.0,0.0,2026-01-15,1,0.0,0.0,0.0,1,2026-01-16
U001481,PLN_BASIC,299.0,low,218,1,regular,high,27,358.68,21,44,0.16666666666666696,5.5,0.0,0.0,0.0,2026-01-15,1,1.0,0.0,0.0,0,2026-01-16
U001482,PLN_PREM,799.0,high,256,2,premium,high,28,688.24,39,80,-0.16666666666666696,5.5,0.0,0.0,0.0,2026-01-15,1,1.0,0.0,0.0,0,2026-01-16
U001483,PLN_PREM,799.0,high,184,2,regular,high,24,323.25,26,33,-1.333333333333333,4.0,0.0,0.0,0.0,2026-01-15,1,1.0,0.0,0.0,0,2026-01-16
U001484,PLN_BASIC,299.0,low,228,2,regular,high,28,511.54,34,55,-0.16666666666666696,5.5,1.0,0.0,0.0,2026-01-15,1,0.0,0.0,0.0,0,2026-01-16
U001485,PLN_PREM,799.0,high,152,2,regular,high,28,431.93,29,47,-0.16666666666666696,5.5,1.0,0.0,0.0,2026-01-15,1,1.0,0.0,0.0,0,2026-01-16
U001486,PLN_STD,499.0,mid,40,2,regular,high,26,313.06,20,21,-0.33333333333333304,5.0,0.0,0.0,0.0,2026-01-15,1,1.0,1.0,0.0,1,2026-01-16
U001487,PLN_BASIC,299.0,low,216,1,value,high,27,0.0,0,0,-0.666666666666667,5.0,0.0,0.0,0.0,2026-01-15,1,1.0,0.0,0.0,1,2026-01-16
U001488,PLN_BASIC,299.0,low,256,2,value,high,28,182.23,12,21,-0.16666666666666696,5.5,0.0,0.0,0.0,2026-01-15,1,0.0,0.0,0.0,0,2026-01-16
U001489,PLN_BASIC,299.0,low,229,2,regular,high,28,0.0,0,0,-0.16666666666666696,5.5,0.0,0.0,0.0,2026-01-15,1,0.0,0.0,0.0,1,2026-01-16
U001490,PLN_STD,499.0,mid,129,2,regular,high,28,146.24,8,19,-0.16666666666666696,5.5,0.0,0.0,0.0,2026-01-15,1,2.0,0.0,0.0,1,2026-01-16
U001491,PLN_STD,499.0,mid,188,1,value,high,28,189.26999999999998,11,19,-0.16666666666666696,5.5,0.0,0.0,0.0,2026-01-15,1,2.0,0.0,0.0,1,2026-01-16
U001492,PLN_STD,499.0,mid,134,3,value,high,28,151.85999999999999,9,21,-0.16666666666666696,5.5,0.0,0.0,0.0,2026-01-15,1,1.0,0.0,0.0,0,2026-01-16
U001493,PLN_BASIC,299.0,low,249,1,value,high,28,0.0,0,0,-0.16666666666666696,5.5,0.0,0.0,0.0,2026-01-15,1,0.0,0.0,0.0,1,2026-01-16
U001494,PLN_STD,499.0,mid,173,3,value,high,28,218.51,18,19,-0.16666666666666696,5.5,1.0,0.0,0.0,2026-01-15,1,1.0,0.0,0.0,1,2026-01-16
U001495,PLN_STD,499.0,mid,154,2,regular,high,27,551.82,34,56,0.16666666666666696,5.5,0.0,0.0,0.0,2026-01-15,1,1.0,0.0,0.0,0,2026-01-16
U001496,PLN_STD,499.0,mid,148,3,regular,high,28,600.89,26,59,-0.16666666666666696,5.5,1.0,0.0,0.0,2026-01-15,1,0.0,0.0,0.0,0,2026-01-16
U001497,PLN_BASIC,299.0,low,118,1,regular,high,28,594.93,39,52,-0.16666666666666696,5.5,1.0,0.0,0.0,2026-01-15,1,0.0,0.0,0.0,0,2026-01-16
U001498,PLN_BASIC,299.0,low,61,1,value,high,27,103.17,16,13,0.16666666666666696,5.5,1.0,0.0,0.0,2026-01-15,1,1.0,0.0,0.0,0,2026-01-16
U001499,PLN_BASIC,299.0,low,139,2,value,high,28,252.62,20,26,-0.16666666666666696,5.5,1.0,0.0,0.0,2026-01-15,1,2.0,0.0,0.0,0,2026-01-16
U001500,PLN_STD,499.0,mid,45,1,regular,high,28,587.95,38,67,-0.16666666666666696,5.5,0.0,0.0,0.0,2026-01-15,1,1.0,0.0,0.0,0,2026-01-16
U001501,PLN_STD,499.0,mid,124,1,regular,high,28,390.82,25,41,-0.16666666666666696,5.5,1.0,0.0,0.0,2026-01-15,1,1.0,0.0,0.0,0,2026-01-16
U001502,PLN_BASIC,299.0,low,191,2,value,high,28,192.54,14,20,-0.16666666666666696,5.5,0.0,0.0,0.0,2026-01-15,1,0.0,0.0,0.0,0,2026-01-16
U001503,PLN_BASIC,299.0,low,199,3,value,high,28,269.04,24,27,-0.16666666666666696,5.5,1.0,0.0,0.0,2026-01-15,1,0.0,0.0,0.0,0,2026-01-16
U001504,PLN_STD,499.0,mid,176,1,regular,high,28,438.7,20,30,-0.16666666666666696,5.5,1.0,0.0,0.0,2026-01-15,1,0.0,0.0,0.0,0,2026-01-16
U001505,PLN_STD,499.0,mid,107,3,regular,high,28,0.0,0,0,-0.16666666666666696,5.5,0.0,0.0,0.0,2026-01-15,1,0.0,0.0,0.0,1,2026-01-16
U001506,PLN_PREM,799.0,high,196,3,premium,high,28,921.71,46,103,-0.16666666666666696,5.5,0.0,0.0,0.0,2026-01-15,1,0.0,0.0,0.0,0,2026-01-16
U001507,PLN_BASIC,299.0,low,27,3,regular,high,27,531.36,34,54,0.16666666666666696,5.5,1.0,0.0,0.0,2026-01-15,1,0.0,0.0,0.0,0,2026-01-16
U001508,PLN_BASIC,299.0,low,136,2,regular,high,27,452.27,33,54,-0.666666666666667,5.0,0.0,0.0,0.0,2026-01-15,1,1.0,1.0,0.0,0,2026-01-16
U001509,PLN_BASIC,299.0,low,40,2,regular,high,28,588.92,47,59,-0.16666666666666696,5.5,0.0,0.0,0.0,2026-01-15,1,1.0,0.0,0.0,0,2026-01-16
U001510,PLN_BASIC,299.0,low,85,2,value,high,27,0.0,0,0,-0.666666666666667,5.0,0.0,0.0,0.0,2026-01-15,1,1.0,0.0,0.0,1,2026-01-16
U001511,PLN_BASIC,299.0,low,173,2,regular,high,28,550.46,35,54,-0.16666666666666696,5.5,1.0,0.0,0.0,2026-01-15,1,2.0,1.0,0.0,0,2026-01-16
U001512,PLN_BASIC,299.0,low,199,3,regular,high,28,462.98,34,48,-0.16666666666666696,5.5,1.0,0.0,0.0,2026-01-15,1,1.0,0.0,0.0,0,2026-01-16
U001513,PLN_BASIC,299.0,low,70,1,value,high,28,293.52,20,33,-0.16666666666666696,5.5,0.0,0.0,0.0,2026-01-15,1,1.0,0.0,0.0,0,2026-01-16
U001514,PLN_PREM,799.0,high,173,2,premium,high,28,1053.75,61,102,-0.16666666666666696,5.5,1.0,0.0,0.0,2026-01-15,1,0.0,0.0,0.0,0,2026-01-16
U001515,PLN_BASIC,299.0,low,195,1,value,high,28,219.1,15,22,-0.16666666666666696,5.5,0.0,0.0,0.0,2026-01-15,1,1.0,0.0,0.0,0,2026-01-16
U001516,PLN_BASIC,299.0,low,23,3,value,high,23,294.18,18,24,-0.5,5.5,1.0,0.0,0.0,2026-01-15,1,1.0,0.0,0.0,0,2026-01-16
U001517,PLN_BASIC,299.0,low,135,2,value,high,28,397.31,23,43,-0.16666666666666696,5.5,0.0,0.0,0.0,2026-01-15,1,1.0,0.0,0.0,0,2026-01-16
U001518,PLN_PREM,799.0,high,244,2,premium,high,28,856.96,41,84,-0.16666666666666696,5.5,0.0,0.0,0.0,2026-01-15,1,0.0,0.0,0.0,0,2026-01-16
U001519,PLN_PREM,799.0,high,132,3,premium,high,27,876.43,48,102,0.16666666666666696,5.5,0.0,0.0,0.0,2026-01-15,1,1.0,0.0,0.0,0,2026-01-16
U001520,PLN_STD,499.0,mid,141,3,regular,high,27,281.79,31,31,0.16666666666666696,5.5,2.0,1.0,0.5,2026-01-15,1,0.0,0.0,0.0,1,2026-01-16
U001521,PLN_PREM,799.0,high,40,1,premium,high,27,775.5699999999999,48,97,-0.666666666666667,5.0,0.0,0.0,0.0,2026-01-15,1,0.0,0.0,0.0,0,2026-01-16
U001522,PLN_STD,499.0,mid,78,3,premium,high,26,625.47,39,62,0.5,5.5,0.0,0.0,0.0,2026-01-15,1,1.0,0.0,0.0,1,2026-01-16
U001523,PLN_STD,499.0,mid,208,3,regular,high,28,0.0,0,0,-0.16666666666666696,5.5,0.0,0.0,0.0,2026-01-15,1,0.0,0.0,0.0,1,2026-01-16
U001524,PLN_PREM,799.0,high,219,1,premium,high,28,1084.01,57,116,-0.16666666666666696,5.5,0.0,0.0,0.0,2026-01-15,1,0.0,0.0,0.0,0,2026-01-16
U001525,PLN_STD,499.0,mid,105,3,regular,high,28,286.76,17,34,-0.16666666666666696,5.5,0.0,0.0,0.0,2026-01-15,1,0.0,0.0,0.0,0,2026-01-16
U001526,PLN_STD,499.0,mid,245,2,regular,high,28,572.8199999999999,38,71,-0.16666666666666696,5.5,0.0,0.0,0.0,2026-01-15,1,0.0,0.0,0.0,0,2026-01-16
U001527,PLN_STD,499.0,mid,176,2,regular,high,28,0.0,0,0,-0.16666666666666696,5.5,0.0,0.0,0.0,2026-01-15,1,1.0,1.0,0.0,1,2026-01-16
U001528,PLN_PREM,799.0,high,222,2,regular,high,27,0.0,0,0,0.16666666666666696,5.5,0.0,0.0,0.0,2026-01-15,1,1.0,0.0,0.0,1,2026-01-16
U001529,PLN_BASIC,299.0,low,251,2,value,high,27,209.14000000000001,20,19,0.16666666666666696,5.5,0.0,0.0,0.0,2026-01-15,1,0.0,0.0,0.0,0,2026-01-16
U001530,PLN_STD,499.0,mid,26,1,regular,high,26,503.5,28,46,0.5,5.5,1.0,0.0,0.0,2026-01-15,1,1.0,0.0,0.0,0,2026-01-16
U001531,PLN_PREM,799.0,high,234,1,premium,high,28,0.0,0,0,-0.16666666666666696,5.5,0.0,0.0,0.0,2026-01-15,1,0.0,0.0,0.0,1,2026-01-16
U001532,PLN_BASIC,299.0,low,254,1,value,high,28,0.0,0,0,-0.16666666666666696,5.5,0.0,0.0,0.0,2026-01-15,1,0.0,0.0,0.0,1,2026-01-16
U001533,PLN_PREM,799.0,high,22,2,premium,high,22,468.83000000000004,29,41,0.0,5.5,1.0,0.0,0.0,2026-01-15,1,0.0,0.0,0.0,0,2026-01-16
U001534,PLN_STD,499.0,mid,209,2,value,high,27,387.6741371359909,11,18,0.16666666666666696,5.5,1.0,0.0,0.0,2026-01-15,1,1.0,0.0,0.0,0,2026-01-16
U001535,PLN_STD,499.0,mid,52,1,value,high,28,176.6,16,17,-0.16666666666666696,5.5,1.0,0.0,0.0,2026-01-15,1,1.0,0.0,0.0,0,2026-01-16
U001536,PLN_BASIC,299.0,low,249,2,value,high,28,248.93,20,28,-0.16666666666666696,5.5,0.0,0.0,0.0,2026-01-15,1,2.0,0.0,0.0,0,2026-01-16
U001537,PLN_PREM,799.0,high,218,2,regular,high,27,406.61,27,47,0.16666666666666696,5.5,0.0,0.0,0.0,2026-01-15,1,1.0,0.0,0.0,0,2026-01-16
U001538,PLN_STD,499.0,mid,229,2,regular,high,27,256.22,14,25,0.16666666666666696,5.5,1.0,0.0,0.0,2026-01-15,1,0.0,0.0,0.0,0,2026-01-16
U001539,PLN_BASIC,299.0,low,79,3,value,high,28,241.44,17,23,-0.16666666666666696,5.5,1.0,0.0,0.0,2026-01-15,1,1.0,0.0,0.0,0,2026-01-16
U001540,PLN_BASIC,299.0,low,101,2,regular,high,28,519.96,36,59,-0.16666666666666696,5.5,0.0,0.0,0.0,2026-01-15,1,2.0,0.0,0.0,0,2026-01-16
U001541,PLN_STD,499.0,mid,137,3,value,high,28,213.58,14,22,-0.16666666666666696,5.5,0.0,0.0,0.0,2026-01-15,1,0.0,0.0,0.0,0,2026-01-16
U001542,PLN_BASIC,299.0,low,196,1,regular,high,27,346.03999999999996,23,40,-0.666666666666667,5.0,0.0,0.0,0.0,2026-01-15,1,0.0,0.0,0.0,0,2026-01-16
U001543,PLN_PREM,799.0,high,234,2,premium,high,28,501.21999999999997,25,49,-0.16666666666666696,5.5,1.0,0.0,0.0,2026-01-15,1,1.0,1.0,0.0,0,2026-01-16
U001544,PLN_PREM,799.0,high,114,3,regular,high,28,465.08,27,32,-0.16666666666666696,5.5,1.0,0.0,0.0,2026-01-15,1,1.0,1.0,0.0,0,2026-01-16
U001545,PLN_STD,499.0,mid,199,3,regular,high,28,500.65,31,55,-0.16666666666666696,5.5,1.0,0.0,0.0,2026-01-15,1,0.0,0.0,0.0,0,2026-01-16
U001546,PLN_BASIC,299.0,low,108,2,regular,high,28,494.07,35,41,-0.16666666666666696,5.5,1.0,0.0,0.0,2026-01-15,1,1.0,0.0,0.0,0,2026-01-16
U001547,PLN_PREM,799.0,high,84,2,premium,high,28,731.51,43,79,-0.16666666666666696,5.5,1.0,0.0,0.0,2026-01-15,1,0.0,0.0,0.0,0,2026-01-16
U001548,PLN_BASIC,299.0,low,43,2,value,high,28,161.93,12,14,-0.16666666666666696,5.5,0.0,0.0,0.0,2026-01-15,1,0.0,0.0,0.0,0,2026-01-16
U001549,PLN_BASIC,299.0,low,133,2,value,high,26,270.44,19,33,0.5,5.5,0.0,0.0,0.0,2026-01-15,1,0.0,0.0,0.0,0,2026-01-16
U001550,PLN_BASIC,299.0,low,255,3,value,high,28,241.64,19,27,-0.16666666666666696,5.5,0.0,0.0,0.0,2026-01-15,1,0.0,0.0,0.0,0,2026-01-16
U001551,PLN_STD,499.0,mid,186,3,regular,high,26,0.0,0,0,-0.33333333333333304,5.0,0.0,0.0,0.0,2026-01-15,1,1.0,0.0,0.0,1,2026-01-16
U001552,PLN_STD,499.0,mid,42,2,regular,high,28,221.72,15,22,-0.16666666666666696,5.5,0.0,0.0,0.0,2026-01-15,1,1.0,0.0,0.0,1,2026-01-16
U001553,PLN_PREM,799.0,high,123,1,regular,high,27,500.64,25,44,0.16666666666666696,5.5,2.0,1.0,0.5,2026-01-15,1,0.0,0.0,0.0,0,2026-01-16
U001554,PLN_BASIC,299.0,low,101,2,value,high,28,0.0,0,0,-0.16666666666666696,5.5,0.0,0.0,0.0,2026-01-15,1,1.0,0.0,0.0,1,2026-01-16
U001555,PLN_STD,499.0,mid,142,1,value,high,27,274.19,18,31,0.16666666666666696,5.5,1.0,0.0,0.0,2026-01-15,1,1.0,0.0,0.0,0,2026-01-16
U001556,PLN_BASIC,299.0,low,216,1,regular,high,28,299.01,23,33,-0.16666666666666696,5.5,0.0,0.0,0.0,2026-01-15,1,1.0,0.0,0.0,0,2026-01-16
U001557,PLN_STD,499.0,mid,31,2,premium,high,28,838.11,51,75,-0.16666666666666696,5.5,1.0,0.0,0.0,2026-01-15,1,0.0,0.0,0.0,0,2026-01-16
U001558,PLN_BASIC,299.0,low,62,2,value,high,28,159.54,13,16,-0.16666666666666696,5.5,1.0,0.0,0.0,2026-01-15,1,0.0,0.0,0.0,0,2026-01-16
U001559,PLN_BASIC,299.0,low,7,1,value,high,7,37.06,3,6,3.5,3.5,1.0,1.0,1.0,2026-01-15,1,0.0,0.0,0.0,0,2026-01-16
U001560,PLN_BASIC,299.0,low,42,1,value,high,28,225.8,16,25,-0.16666666666666696,5.5,0.0,0.0,0.0,2026-01-15,1,0.0,0.0,0.0,0,2026-01-16
U001561,PLN_PREM,799.0,high,183,1,regular,high,28,593.05,41,66,-0.16666666666666696,5.5,1.0,0.0,0.0,2026-01-15,1,2.0,0.0,0.0,0,2026-01-16
U001562,PLN_BASIC,299.0,low,193,3,value,high,28,0.0,0,0,-0.16666666666666696,5.5,0.0,0.0,0.0,2026-01-15,1,0.0,0.0,0.0,1,2026-01-16
U001563,PLN_BASIC,299.0,low,194,2,value,high,28,171.4,16,24,-0.16666666666666696,5.5,0.0,0.0,0.0,2026-01-15,1,0.0,0.0,0.0,0,2026-01-16
U001564,PLN_BASIC,299.0,low,26,1,regular,high,26,503.77,28,61,0.5,5.5,1.0,0.0,0.0,2026-01-15,1,0.0,0.0,0.0,0,2026-01-16
U001565,PLN_BASIC,299.0,low,117,1,value,high,28,346.87,26,39,-0.16666666666666696,5.5,1.0,0.0,0.0,2026-01-15,1,1.0,0.0,0.0,0,2026-01-16
U001566,PLN_BASIC,299.0,low,142,2,regular,high,27,588.15,26,63,0.16666666666666696,5.5,1.0,0.0,0.0,2026-01-15,1,0.0,0.0,0.0,0,2026-01-16
U001567,PLN_BASIC,299.0,low,13,2,value,high,13,128.55,9,10,3.5,5.5,1.0,0.0,0.0,2026-01-15,1,0.0,0.0,0.0,0,2026-01-16
U001568,PLN_STD,499.0,mid,105,2,premium,high,28,0.0,0,0,-0.16666666666666696,5.5,0.0,0.0,0.0,2026-01-15,1,0.0,0.0,0.0,1,2026-01-16
U001569,PLN_STD,499.0,mid,28,2,regular,high,28,570.71,46,52,-0.16666666666666696,5.5,1.0,0.0,0.0,2026-01-15,1,0.0,0.0,0.0,0,2026-01-16
U001570,PLN_BASIC,299.0,low,9,3,value,high,9,121.08,9,15,4.5,4.5,1.0,0.0,0.0,2026-01-15,1,0.0,0.0,0.0,1,2026-01-16
U001571,PLN_STD,499.0,mid,237,2,value,high,27,381.59,21,28,0.16666666666666696,5.5,1.0,0.0,0.0,2026-01-15,1,0.0,0.0,0.0,0,2026-01-16
U001572,PLN_BASIC,299.0,low,166,2,regular,high,28,0.0,0,0,-0.16666666666666696,5.5,0.0,0.0,0.0,2026-01-15,1,0.0,0.0,0.0,1,2026-01-16
U001573,PLN_PREM,799.0,high,72,1,premium,high,28,1010.19,55,99,-0.16666666666666696,5.5,0.0,0.0,0.0,2026-01-15,1,1.0,0.0,0.0,0,2026-01-16
U001574,PLN_STD,499.0,mid,52,3,value,high,28,217.8,10,20,-0.16666666666666696,5.5,0.0,0.0,0.0,2026-01-15,1,1.0,0.0,0.0,0,2026-01-16
U001575,PLN_BASIC,299.0,low,219,3,value,high,25,260.78,26,31,0.0,5.0,0.0,0.0,0.0,2026-01-15,1,0.0,0.0,0.0,0,2026-01-16
U001576,PLN_BASIC,299.0,low,177,2,value,high,26,302.03,29,41,0.5,5.5,1.0,0.0,0.0,2026-01-15,1,1.0,0.0,0.0,0,2026-01-16
U001577,PLN_STD,499.0,mid,119,2,regular,high,27,491.17,39,53,0.16666666666666696,5.5,1.0,0.0,0.0,2026-01-15,1,0.0,0.0,0.0,0,2026-01-16
U001578,PLN_PREM,799.0,high,56,1,premium,high,28,780.49,37,74,-0.16666666666666696,5.5,1.0,0.0,0.0,2026-01-15,1,0.0,0.0,0.0,0,2026-01-16
U001579,PLN_PREM,799.0,high,228,3,regular,high,28,544.4,36,48,-0.16666666666666696,5.5,1.0,0.0,0.0,2026-01-15,1,1.0,0.0,0.0,0,2026-01-16
U001580,PLN_BASIC,299.0,low,106,2,value,high,28,0.0,0,0,-0.16666666666666696,5.5,0.0,0.0,0.0,2026-01-15,1,0.0,0.0,0.0,1,2026-01-16
U001581,PLN_BASIC,299.0,low,182,1,regular,high,28,510.18,34,50,-0.16666666666666696,5.5,1.0,0.0,0.0,2026-01-15,1,2.0,0.0,0.0,0,2026-01-16
U001582,PLN_STD,499.0,mid,202,2,regular,high,28,46.49,4,1,-0.16666666666666696,5.5,0.0,0.0,0.0,2026-01-15,1,1.0,0.0,0.0,1,2026-01-16
U001583,PLN_STD,499.0,mid,127,2,value,high,28,272.9,16,34,-0.16666666666666696,5.5,0.0,0.0,0.0,2026-01-15,1,1.0,0.0,0.0,0,2026-01-16
U001584,PLN_BASIC,299.0,low,153,3,value,high,28,199.75,13,21,-0.16666666666666696,5.5,0.0,0.0,0.0,2026-01-15,1,1.0,0.0,0.0,0,2026-01-16
U001585,PLN_STD,499.0,mid,97,2,value,high,27,672.3109720818707,18,34,-0.666666666666667,5.0,1.0,0.0,0.0,2026-01-15,1,0.0,0.0,0.0,0,2026-01-16
U001586,PLN_STD,499.0,mid,177,2,regular,high,27,402.76,30,40,0.16666666666666696,5.5,1.0,0.0,0.0,2026-01-15,1,0.0,0.0,0.0,0,2026-01-16
U001587,PLN_STD,499.0,mid,50,2,regular,high,28,122.60000000000001,5,16,-0.16666666666666696,5.5,0.0,0.0,0.0,2026-01-15,1,0.0,0.0,0.0,1,2026-01-16
U001588,PLN_PREM,799.0,high,237,2,regular,high,28,751.05,47,70,-0.16666666666666696,5.5,1.0,0.0,0.0,2026-01-15,1,0.0,0.0,0.0,0,2026-01-16
U001589,PLN_STD,499.0,mid,40,2,regular,high,28,498.01,25,48,-0.16666666666666696,5.5,0.0,0.0,0.0,2026-01-15,1,1.0,0.0,0.0,0,2026-01-16
U001590,PLN_BASIC,299.0,low,249,1,value,high,28,235.07,24,29,-0.16666666666666696,5.5,0.0,0.0,0.0,2026-01-15,1,0.0,0.0,0.0,0,2026-01-16
U001591,PLN_BASIC,299.0,low,72,3,value,high,28,261.63,22,28,-0.16666666666666696,5.5,0.0,0.0,0.0,2026-01-15,1,1.0,0.0,0.0,0,2026-01-16
U001592,PLN_BASIC,299.0,low,170,2,value,high,28,145.73000000000002,7,23,-0.16666666666666696,5.5,0.0,0.0,0.0,2026-01-15,1,1.0,0.0,0.0,0,2026-01-16
U001593,PLN_PREM,799.0,high,160,2,premium,high,28,855.72,55,81,-0.16666666666666696,5.5,0.0,0.0,0.0,2026-01-15,1,1.0,0.0,0.0,0,2026-01-16
U001594,PLN_BASIC,299.0,low,252,1,regular,high,28,389.38,27,40,-0.16666666666666696,5.5,0.0,0.0,0.0,2026-01-15,1,0.0,0.0,0.0,0,2026-01-16
U001595,PLN_BASIC,299.0,low,80,1,value,high,28,215.01999999999998,16,24,-0.16666666666666696,5.5,0.0,0.0,0.0,2026-01-15,1,1.0,0.0,0.0,0,2026-01-16
U001596,PLN_STD,499.0,mid,215,2,value,high,27,130.29,13,14,-0.666666666666667,5.0,0.0,0.0,0.0,2026-01-15,1,2.0,1.0,0.0,0,2026-01-16
U001597,PLN_STD,499.0,mid,91,1,regular,high,28,356.25,19,48,-0.16666666666666696,5.5,1.0,0.0,0.0,2026-01-15,1,0.0,0.0,0.0,0,2026-01-16
U001598,PLN_PREM,799.0,high,74,1,regular,high,28,120.66,5,17,-0.16666666666666696,5.5,0.0,0.0,0.0,2026-01-15,1,1.0,0.0,0.0,1,2026-01-16
U001599,PLN_PREM,799.0,high,44,3,regular,high,27,214.16,18,24,-0.666666666666667,5.0,0.0,0.0,0.0,2026-01-15,1,1.0,0.0,0.0,1,2026-01-16
U001600,PLN_BASIC,299.0,low,79,2,value,high,28,216.72,17,18,-0.16666666666666696,5.5,0.0,0.0,0.0,2026-01-15,1,1.0,0.0,0.0,0,2026-01-16
U001601,PLN_PREM,799.0,high,181,2,premium,high,27,947.76,44,87,-0.666666666666667,5.0,1.0,0.0,0.0,2026-01-15,1,0.0,0.0,0.0,0,2026-01-16
U001602,PLN_STD,499.0,mid,71,2,regular,high,26,576.89,42,56,0.5,5.5,0.0,0.0,0.0,2026-01-15,1,0.0,0.0,0.0,0,2026-01-16
U001603,PLN_STD,499.0,mid,49,3,regular,high,28,696.26,44,78,-0.16666666666666696,5.5,1.0,0.0,0.0,2026-01-15,1,2.0,0.0,0.0,0,2026-01-16
U001604,PLN_STD,499.0,mid,177,2,regular,high,28,531.08,39,36,-0.16666666666666696,5.5,1.0,0.0,0.0,2026-01-15,1,0.0,0.0,0.0,0,2026-01-16
U001605,PLN_PREM,799.0,high,225,3,premium,high,28,691.7,42,72,-0.16666666666666696,5.5,0.0,0.0,0.0,2026-01-15,1,2.0,0.0,0.0,0,2026-01-16
U001606,PLN_PREM,799.0,high,33,3,premium,high,28,1012.6800000000001,60,108,-0.16666666666666696,5.5,1.0,0.0,0.0,2026-01-15,1,1.0,0.0,0.0,0,2026-01-16
U001607,PLN_PREM,799.0,high,219,2,regular,high,28,460.15000000000003,32,53,-0.16666666666666696,5.5,0.0,0.0,0.0,2026-01-15,1,1.0,0.0,0.0,0,2026-01-16
U001608,PLN_STD,499.0,mid,107,2,regular,high,28,408.44,24,37,-0.16666666666666696,5.5,0.0,0.0,0.0,2026-01-15,1,0.0,0.0,0.0,0,2026-01-16
U001609,PLN_BASIC,299.0,low,197,2,value,high,27,160.79000000000002,10,24,0.16666666666666696,5.5,0.0,0.0,0.0,2026-01-15,1,1.0,0.0,0.0,0,2026-01-16
U001610,PLN_BASIC,299.0,low,225,2,regular,high,27,575.64,45,56,0.16666666666666696,5.5,0.0,0.0,0.0,2026-01-15,1,0.0,0.0,0.0,0,2026-01-16
U001611,PLN_BASIC,299.0,low,62,2,regular,high,28,552.1,38,51,-0.16666666666666696,5.5,0.0,0.0,0.0,2026-01-15,1,0.0,0.0,0.0,0,2026-01-16
U001612,PLN_BASIC,299.0,low,220,2,value,high,27,0.0,0,0,0.16666666666666696,5.5,0.0,0.0,0.0,2026-01-15,1,1.0,0.0,0.0,1,2026-01-16
U001613,PLN_BASIC,299.0,low,88,2,value,high,28,184.57,17,20,-0.16666666666666696,5.5,1.0,0.0,0.0,2026-01-15,1,0.0,0.0,0.0,0,2026-01-16
U001614,PLN_STD,499.0,mid,83,1,premium,high,28,710.28,45,54,-0.16666666666666696,5.5,1.0,0.0,0.0,2026-01-15,1,0.0,0.0,0.0,0,2026-01-16
U001615,PLN_STD,499.0,mid,241,2,premium,high,28,814.51,52,86,-0.16666666666666696,5.5,1.0,0.0,0.0,2026-01-15,1,1.0,0.0,0.0,0,2026-01-16
U001616,PLN_PREM,799.0,high,213,1,premium,high,28,690.3199999999999,37,66,-0.16666666666666696,5.5,0.0,0.0,0.0,2026-01-15,1,2.0,0.0,0.0,0,2026-01-16
U001617,PLN_PREM,799.0,high,57,2,regular,high,28,426.23,28,45,-0.16666666666666696,5.5,1.0,0.0,0.0,2026-01-15,1,1.0,0.0,0.0,0,2026-01-16
U001618,PLN_BASIC,299.0,low,129,2,regular,high,28,0.0,0,0,-0.16666666666666696,5.5,0.0,0.0,0.0,2026-01-15,1,0.0,0.0,0.0,1,2026-01-16
U001619,PLN_BASIC,299.0,low,226,3,regular,high,28,242.68,16,32,-0.16666666666666696,5.5,0.0,0.0,0.0,2026-01-15,1,0.0,0.0,0.0,1,2026-01-16
U001620,PLN_BASIC,299.0,low,8,1,value,high,8,90.58,3,9,4.0,4.0,1.0,0.0,0.0,2026-01-15,1,0.0,0.0,0.0,0,2026-01-16
U001621,PLN_BASIC,299.0,low,190,2,value,high,27,243.4,19,27,0.16666666666666696,5.5,0.0,0.0,0.0,2026-01-15,1,2.0,1.0,1.0,0,2026-01-16
U001622,PLN_PREM,799.0,high,255,2,premium,high,28,887.12,54,71,-0.16666666666666696,5.5,0.0,0.0,0.0,2026-01-15,1,0.0,0.0,0.0,0,2026-01-16
U001623,PLN_BASIC,299.0,low,25,1,value,high,25,125.9,8,15,-1.5,5.5,1.0,0.0,0.0,2026-01-15,1,0.0,0.0,0.0,0,2026-01-16
U001624,PLN_BASIC,299.0,low,252,1,regular,high,28,0.0,0,0,-0.16666666666666696,5.5,0.0,0.0,0.0,2026-01-15,1,0.0,0.0,0.0,1,2026-01-16
U001625,PLN_PREM,799.0,high,118,1,regular,high,28,412.75,23,45,-0.16666666666666696,5.5,1.0,1.0,1.0,2026-01-15,1,1.0,1.0,0.0,0,2026-01-16
U001626,PLN_STD,499.0,mid,7,1,regular,high,7,115.09,4,8,3.5,3.5,0.0,0.0,0.0,2026-01-15,1,0.0,0.0,0.0,0,2026-01-16
U001627,PLN_BASIC,299.0,low,111,2,value,high,28,187.0,21,21,-0.16666666666666696,5.5,0.0,0.0,0.0,2026-01-15,1,1.0,0.0,0.0,0,2026-01-16
U001628,PLN_BASIC,299.0,low,110,2,regular,high,28,352.44,24,44,-0.16666666666666696,5.5,1.0,0.0,0.0,2026-01-15,1,0.0,0.0,0.0,0,2026-01-16
U001629,PLN_STD,499.0,mid,159,2,value,high,28,0.0,0,0,-0.16666666666666696,5.5,0.0,0.0,0.0,2026-01-15,1,0.0,0.0,0.0,1,2026-01-16
U001630,PLN_BASIC,299.0,low,225,1,regular,high,28,356.24,28,31,-0.16666666666666696,5.5,0.0,0.0,0.0,2026-01-15,1,1.0,0.0,0.0,0,2026-01-16
U001631,PLN_STD,499.0,mid,113,1,value,high,28,12.32,2,1,-0.16666666666666696,5.5,0.0,0.0,0.0,2026-01-15,1,0.0,0.0,0.0,1,2026-01-16
U001632,PLN_BASIC,299.0,low,31,1,regular,high,28,643.33,40,56,-0.16666666666666696,5.5,1.0,0.0,0.0,2026-01-15,1,2.0,0.0,0.0,0,2026-01-16
U001633,PLN_BASIC,299.0,low,234,2,regular,high,28,576.1999999999999,35,55,-0.16666666666666696,5.5,1.0,0.0,0.0,2026-01-15,1,2.0,0.0,0.0,0,2026-01-16
U001634,PLN_BASIC,299.0,low,36,2,value,high,28,57.39,7,3,-0.16666666666666696,5.5,0.0,0.0,0.0,2026-01-15,1,0.0,0.0,0.0,1,2026-01-16
U001635,PLN_STD,499.0,mid,152,2,value,high,28,224.22,20,19,-0.16666666666666696,5.5,1.0,0.0,0.0,2026-01-15,1,0.0,0.0,0.0,0,2026-01-16
U001636,PLN_BASIC,299.0,low,122,1,regular,high,28,505.04,31,53,-0.16666666666666696,5.5,1.0,0.0,0.0,2026-01-15,1,1.0,0.0,0.0,0,2026-01-16
U001637,PLN_BASIC,299.0,low,215,1,value,high,28,0.0,0,0,-0.16666666666666696,5.5,0.0,0.0,0.0,2026-01-15,1,0.0,0.0,0.0,1,2026-01-16
U001638,PLN_BASIC,299.0,low,100,3,value,high,28,0.0,0,0,-0.16666666666666696,5.5,0.0,0.0,0.0,2026-01-15,1,1.0,0.0,0.0,1,2026-01-16
U001639,PLN_STD,499.0,mid,211,1,regular,high,28,572.34,42,66,-0.16666666666666696,5.5,1.0,1.0,1.0,2026-01-15,1,0.0,0.0,0.0,0,2026-01-16
U001640,PLN_STD,499.0,mid,188,1,premium,high,28,967.45,44,118,-0.16666666666666696,5.5,0.0,0.0,0.0,2026-01-15,1,1.0,0.0,0.0,0,2026-01-16
U001641,PLN_PREM,799.0,high,75,1,regular,high,28,361.44,18,43,-0.16666666666666696,5.5,0.0,0.0,0.0,2026-01-15,1,0.0,0.0,0.0,1,2026-01-16
U001642,PLN_BASIC,299.0,low,244,3,regular,high,28,0.0,0,0,-0.16666666666666696,5.5,0.0,0.0,0.0,2026-01-15,1,1.0,0.0,0.0,1,2026-01-16
U001643,PLN_PREM,799.0,high,144,2,premium,high,28,852.6700000000001,57,100,-0.16666666666666696,5.5,1.0,0.0,0.0,2026-01-15,1,1.0,0.0,0.0,0,2026-01-16
U001644,PLN_STD,499.0,mid,107,2,regular,high,26,0.0,0,0,0.5,5.5,0.0,0.0,0.0,2026-01-15,1,2.0,0.0,0.0,1,2026-01-16
U001645,PLN_PREM,799.0,high,223,3,regular,high,28,576.3,39,58,-0.16666666666666696,5.5,0.0,0.0,0.0,2026-01-15,1,1.0,0.0,0.0,0,2026-01-16
U001646,PLN_STD,499.0,mid,183,1,regular,high,28,379.6,27,43,-0.16666666666666696,5.5,1.0,0.0,0.0,2026-01-15,1,1.0,0.0,0.0,0,2026-01-16
U001647,PLN_STD,499.0,mid,170,3,value,high,28,175.35,11,15,-0.16666666666666696,5.5,1.0,0.0,0.0,2026-01-15,1,1.0,0.0,0.0,0,2026-01-16
U001648,PLN_BASIC,299.0,low,90,1,value,high,28,278.18,21,27,-0.16666666666666696,5.5,2.0,1.0,0.5,2026-01-15,1,0.0,0.0,0.0,1,2026-01-16
U001649,PLN_STD,499.0,mid,11,2,regular,high,11,141.25,18,13,5.5,5.5,1.0,0.0,0.0,2026-01-15,1,0.0,0.0,0.0,0,2026-01-16
U001650,PLN_BASIC,299.0,low,47,2,value,high,28,22.04,1,3,-0.16666666666666696,5.5,0.0,0.0,0.0,2026-01-15,1,1.0,0.0,0.0,1,2026-01-16
U001651,PLN_STD,499.0,mid,209,2,regular,high,27,382.82,19,47,0.16666666666666696,5.5,1.0,0.0,0.0,2026-01-15,1,0.0,0.0,0.0,0,2026-01-16
U001652,PLN_BASIC,299.0,low,252,3,value,high,28,0.0,0,0,-0.16666666666666696,5.5,0.0,0.0,0.0,2026-01-15,1,0.0,0.0,0.0,1,2026-01-16
U001653,PLN_BASIC,299.0,low,243,1,regular,high,28,384.85,27,29,-0.16666666666666696,5.5,0.0,0.0,0.0,2026-01-15,1,1.0,0.0,0.0,0,2026-01-16
U001654,PLN_BASIC,299.0,low,107,3,value,high,27,191.22000000000003,13,19,-0.666666666666667,5.0,0.0,0.0,0.0,2026-01-15,1,0.0,0.0,0.0,0,2026-01-16
U001655,PLN_STD,499.0,mid,217,2,regular,high,27,435.46999999999997,18,44,-0.666666666666667,5.0,0.0,0.0,0.0,2026-01-15,1,1.0,0.0,0.0,0,2026-01-16
U001656,PLN_BASIC,299.0,low,198,2,regular,high,28,0.0,0,0,-0.16666666666666696,5.5,0.0,0.0,0.0,2026-01-15,1,0.0,0.0,0.0,1,2026-01-16
U001657,PLN_BASIC,299.0,low,44,3,value,high,28,61.02,4,7,-0.16666666666666696,5.5,0.0,0.0,0.0,2026-01-15,1,0.0,0.0,0.0,1,2026-01-16
U001658,PLN_BASIC,299.0,low,37,1,value,high,28,376.4,33,39,-0.16666666666666696,5.5,0.0,0.0,0.0,2026-01-15,1,0.0,0.0,0.0,0,2026-01-16
U001659,PLN_BASIC,299.0,low,46,3,value,high,27,236.55,12,24,-0.666666666666667,5.0,0.0,0.0,0.0,2026-01-15,1,0.0,0.0,0.0,0,2026-01-16
U001660,PLN_BASIC,299.0,low,193,2,regular,high,28,543.47,25,57,-0.16666666666666696,5.5,0.0,0.0,0.0,2026-01-15,1,0.0,0.0,0.0,0,2026-01-16
U001661,PLN_BASIC,299.0,low,101,2,value,high,28,148.76,12,12,-0.16666666666666696,5.5,0.0,0.0,0.0,2026-01-15,1,0.0,0.0,0.0,0,2026-01-16
U001662,PLN_STD,499.0,mid,103,1,regular,high,28,677.71,38,64,-0.16666666666666696,5.5,0.0,0.0,0.0,2026-01-15,1,0.0,0.0,0.0,0,2026-01-16
U001663,PLN_STD,499.0,mid,210,2,value,high,28,200.15,13,19,-0.16666666666666696,5.5,1.0,0.0,0.0,2026-01-15,1,0.0,0.0,0.0,0,2026-01-16
U001664,PLN_BASIC,299.0,low,118,2,value,high,28,361.4,31,38,-0.16666666666666696,5.5,1.0,0.0,0.0,2026-01-15,1,1.0,0.0,0.0,0,2026-01-16
U001665,PLN_BASIC,299.0,low,125,2,regular,high,28,712.12,40,71,-0.16666666666666696,5.5,1.0,0.0,0.0,2026-01-15,1,1.0,0.0,0.0,0,2026-01-16
U001666,PLN_BASIC,299.0,low,157,1,regular,high,28,618.6,31,59,-0.16666666666666696,5.5,0.0,0.0,0.0,2026-01-15,1,0.0,0.0,0.0,0,2026-01-16
U001667,PLN_BASIC,299.0,low,68,1,value,high,28,196.25,17,21,-0.16666666666666696,5.5,0.0,0.0,0.0,2026-01-15,1,0.0,0.0,0.0,0,2026-01-16
U001668,PLN_PREM,799.0,high,86,3,premium,high,28,929.42,45,106,-0.16666666666666696,5.5,1.0,0.0,0.0,2026-01-15,1,1.0,1.0,0.0,0,2026-01-16
U001669,PLN_STD,499.0,mid,123,1,value,high,28,0.0,0,0,-0.16666666666666696,5.5,0.0,0.0,0.0,2026-01-15,1,0.0,0.0,0.0,1,2026-01-16
U001670,PLN_BASIC,299.0,low,74,2,value,high,28,187.18,14,25,-0.16666666666666696,5.5,0.0,0.0,0.0,2026-01-15,1,0.0,0.0,0.0,0,2026-01-16
U001671,PLN_STD,499.0,mid,65,3,regular,high,28,631.75,36,73,-0.16666666666666696,5.5,1.0,0.0,0.0,2026-01-15,1,1.0,1.0,0.0,0,2026-01-16
U001672,PLN_STD,499.0,mid,114,1,regular,high,28,0.0,0,0,-0.16666666666666696,5.5,0.0,0.0,0.0,2026-01-15,1,0.0,0.0,0.0,1,2026-01-16
U001673,PLN_STD,499.0,mid,189,1,regular,high,28,443.57,32,46,-0.16666666666666696,5.5,0.0,0.0,0.0,2026-01-15,1,1.0,0.0,0.0,0,2026-01-16
U001674,PLN_STD,499.0,mid,66,2,value,high,28,133.71,12,14,-0.16666666666666696,5.5,0.0,0.0,0.0,2026-01-15,1,1.0,1.0,0.0,1,2026-01-16
U001675,PLN_STD,499.0,mid,76,1,premium,high,28,1224.49,73,125,-0.16666666666666696,5.5,0.0,0.0,0.0,2026-01-15,1,2.0,0.0,0.0,0,2026-01-16
U001676,PLN_BASIC,299.0,low,10,2,regular,high,10,143.15,11,12,5.0,5.0,1.0,1.0,1.0,2026-01-15,1,0.0,0.0,0.0,1,2026-01-16
U001677,PLN_PREM,799.0,high,219,2,premium,high,27,834.47,48,84,0.16666666666666696,5.5,0.0,0.0,0.0,2026-01-15,1,1.0,0.0,0.0,0,2026-01-16
U001678,PLN_PREM,799.0,high,151,2,regular,high,28,397.29,35,37,-0.16666666666666696,5.5,0.0,0.0,0.0,2026-01-15,1,1.0,0.0,0.0,0,2026-01-16
U001679,PLN_STD,499.0,mid,25,2,premium,high,25,485.43,22,48,-1.5,5.5,1.0,0.0,0.0,2026-01-15,1,1.0,0.0,0.0,1,2026-01-16
U001680,PLN_STD,499.0,mid,127,2,regular,high,27,0.0,0,0,0.16666666666666696,5.5,0.0,0.0,0.0,2026-01-15,1,1.0,1.0,0.0,1,2026-01-16
U001681,PLN_BASIC,299.0,low,20,2,value,high,20,138.41,11,22,1.0,5.5,1.0,0.0,0.0,2026-01-15,1,0.0,0.0,0.0,0,2026-01-16
U001682,PLN_STD,499.0,mid,253,1,regular,high,27,483.0,37,57,-0.666666666666667,5.0,0.0,0.0,0.0,2026-01-15,1,2.0,0.0,0.0,0,2026-01-16
U001683,PLN_STD,499.0,mid,248,2,regular,high,28,0.0,0,0,-0.16666666666666696,5.5,0.0,0.0,0.0,2026-01-15,1,0.0,0.0,0.0,1,2026-01-16
U001684,PLN_BASIC,299.0,low,57,3,regular,high,28,548.23,36,46,-0.16666666666666696,5.5,2.0,1.0,0.5,2026-01-15,1,0.0,0.0,0.0,0,2026-01-16
U001685,PLN_STD,499.0,mid,167,2,regular,high,28,679.13,32,60,-0.16666666666666696,5.5,0.0,0.0,0.0,2026-01-15,1,1.0,0.0,0.0,0,2026-01-16
U001686,PLN_BASIC,299.0,low,126,2,value,high,28,210.70999999999998,18,24,-0.16666666666666696,5.5,1.0,0.0,0.0,2026-01-15,1,2.0,1.0,0.0,1,2026-01-16
U001687,PLN_STD,499.0,mid,149,2,regular,high,28,447.59000000000003,30,40,-0.16666666666666696,5.5,1.0,0.0,0.0,2026-01-15,1,1.0,0.0,0.0,0,2026-01-16
U001688,PLN_BASIC,299.0,low,154,1,value,high,28,181.73,13,20,-0.16666666666666696,5.5,1.0,0.0,0.0,2026-01-15,1,1.0,0.0,0.0,0,2026-01-16
U001689,PLN_PREM,799.0,high,21,1,premium,high,21,554.61,40,55,0.5,5.5,1.0,0.0,0.0,2026-01-15,1,0.0,0.0,0.0,0,2026-01-16
U001690,PLN_STD,499.0,mid,233,1,value,high,28,185.73,11,14,-0.16666666666666696,5.5,1.0,0.0,0.0,2026-01-15,1,0.0,0.0,0.0,0,2026-01-16
U001691,PLN_STD,499.0,mid,63,3,value,high,28,312.2839402132652,14,20,-0.16666666666666696,5.5,1.0,0.0,0.0,2026-01-15,1,0.0,0.0,0.0,0,2026-01-16
U001692,PLN_PREM,799.0,high,33,1,regular,high,28,635.62,40,60,-0.16666666666666696,5.5,0.0,0.0,0.0,2026-01-15,1,0.0,0.0,0.0,0,2026-01-16
U001693,PLN_STD,499.0,mid,91,3,regular,high,28,516.82,31,59,-0.16666666666666696,5.5,0.0,0.0,0.0,2026-01-15,1,0.0,0.0,0.0,0,2026-01-16
U001694,PLN_STD,499.0,mid,157,1,regular,high,28,619.4499999999999,33,53,-0.16666666666666696,5.5,0.0,0.0,0.0,2026-01-15,1,0.0,0.0,0.0,0,2026-01-16
U001695,PLN_PREM,799.0,high,216,2,premium,high,28,807.38,47,68,-0.16666666666666696,5.5,0.0,0.0,0.0,2026-01-15,1,0.0,0.0,0.0,0,2026-01-16
U001696,PLN_BASIC,299.0,low,85,2,value,high,28,190.26999999999998,15,30,-0.16666666666666696,5.5,2.0,1.0,0.5,2026-01-15,1,0.0,0.0,0.0,0,2026-01-16
U001697,PLN_STD,499.0,mid,139,2,regular,high,28,441.84,38,37,-0.16666666666666696,5.5,1.0,0.0,0.0,2026-01-15,1,0.0,0.0,0.0,0,2026-01-16
U001698,PLN_BASIC,299.0,low,219,3,value,high,27,0.0,0,0,-0.666666666666667,5.0,0.0,0.0,0.0,2026-01-14,2,0.0,0.0,0.0,1,2026-01-16
U001699,PLN_STD,499.0,mid,166,3,regular,high,27,623.68,36,72,-0.666666666666667,5.0,0.0,0.0,0.0,2026-01-15,1,1.0,0.0,0.0,0,2026-01-16
U001700,PLN_BASIC,299.0,low,15,3,regular,high,15,145.17,12,18,1.5,5.5,1.0,0.0,0.0,2026-01-15,1,0.0,0.0,0.0,0,2026-01-16
U001701,PLN_BASIC,299.0,low,190,1,value,high,28,0.0,0,0,-0.16666666666666696,5.5,0.0,0.0,0.0,2026-01-15,1,0.0,0.0,0.0,1,2026-01-16
U001702,PLN_BASIC,299.0,low,212,3,regular,high,28,594.26,44,64,-0.16666666666666696,5.5,0.0,0.0,0.0,2026-01-15,1,0.0,0.0,0.0,0,2026-01-16
U001703,PLN_BASIC,299.0,low,85,1,regular,high,27,598.24,44,51,-0.666666666666667,5.0,1.0,0.0,0.0,2026-01-14,2,0.0,0.0,0.0,0,2026-01-16
U001704,PLN_STD,499.0,mid,206,3,value,high,28,200.47,17,18,-0.16666666666666696,5.5,1.0,0.0,0.0,2026-01-15,1,0.0,0.0,0.0,0,2026-01-16
U001705,PLN_STD,499.0,mid,26,2,premium,high,26,605.6,39,72,0.5,5.5,1.0,0.0,0.0,2026-01-15,1,0.0,0.0,0.0,0,2026-01-16
U001706,PLN_BASIC,299.0,low,41,2,regular,high,28,809.77,52,101,-0.16666666666666696,5.5,0.0,0.0,0.0,2026-01-15,1,1.0,1.0,0.0,0,2026-01-16
U001707,PLN_BASIC,299.0,low,10,1,value,high,10,102.62,10,10,5.0,5.0,1.0,0.0,0.0,2026-01-15,1,0.0,0.0,0.0,0,2026-01-16
U001708,PLN_BASIC,299.0,low,27,1,regular,high,27,680.88,34,65,0.16666666666666696,5.5,1.0,0.0,0.0,2026-01-15,1,0.0,0.0,0.0,0,2026-01-16
U001709,PLN_BASIC,299.0,low,195,1,value,high,28,0.0,0,0,-0.16666666666666696,5.5,0.0,0.0,0.0,2026-01-15,1,0.0,0.0,0.0,1,2026-01-16
U001710,PLN_BASIC,299.0,low,203,3,value,high,27,204.19,18,27,-0.666666666666667,5.0,1.0,0.0,0.0,2026-01-15,1,0.0,0.0,0.0,0,2026-01-16
U001711,PLN_STD,499.0,mid,170,3,regular,high,28,483.18999999999994,31,52,-0.16666666666666696,5.5,1.0,0.0,0.0,2026-01-15,1,0.0,0.0,0.0,0,2026-01-16
U001712,PLN_BASIC,299.0,low,139,3,value,high,27,178.74,13,22,0.16666666666666696,5.5,1.0,0.0,0.0,2026-01-15,1,1.0,0.0,0.0,0,2026-01-16
U001713,PLN_STD,499.0,mid,36,1,value,high,28,444.56,25,52,-0.16666666666666696,5.5,0.0,0.0,0.0,2026-01-15,1,1.0,0.0,0.0,0,2026-01-16
U001714,PLN_STD,499.0,mid,72,2,regular,high,28,187.22,14,19,-0.16666666666666696,5.5,0.0,0.0,0.0,2026-01-15,1,2.0,0.0,0.0,1,2026-01-16
U001715,PLN_BASIC,299.0,low,95,2,value,high,28,217.32999999999998,11,27,-0.16666666666666696,5.5,0.0,0.0,0.0,2026-01-15,1,1.0,0.0,0.0,0,2026-01-16
U001716,PLN_BASIC,299.0,low,36,2,regular,high,28,511.46,31,45,-0.16666666666666696,5.5,1.0,1.0,1.0,2026-01-15,1,1.0,0.0,0.0,1,2026-01-16
U001717,PLN_STD,499.0,mid,94,2,regular,high,28,405.63,27,50,-0.16666666666666696,5.5,0.0,0.0,0.0,2026-01-15,1,0.0,0.0,0.0,0,2026-01-16
U001718,PLN_BASIC,299.0,low,161,2,value,high,28,116.69,10,13,-0.16666666666666696,5.5,0.0,0.0,0.0,2026-01-15,1,0.0,0.0,0.0,0,2026-01-16
U001719,PLN_STD,499.0,mid,153,2,regular,high,28,685.81,40,80,-0.16666666666666696,5.5,0.0,0.0,0.0,2026-01-15,1,1.0,0.0,0.0,0,2026-01-16
U001720,PLN_STD,499.0,mid,127,1,value,high,28,0.0,0,0,-0.16666666666666696,5.5,0.0,0.0,0.0,2026-01-15,1,0.0,0.0,0.0,1,2026-01-16
U001721,PLN_STD,499.0,mid,234,2,regular,high,28,473.93,25,57,-0.16666666666666696,5.5,1.0,0.0,0.0,2026-01-15,1,1.0,0.0,0.0,0,2026-01-16
U001722,PLN_STD,499.0,mid,70,2,value,high,27,99.73,7,7,0.16666666666666696,5.5,0.0,0.0,0.0,2026-01-15,1,0.0,0.0,0.0,1,2026-01-16
U001723,PLN_PREM,799.0,high,93,1,premium,high,28,916.74,55,91,-0.16666666666666696,5.5,0.0,0.0,0.0,2026-01-15,1,0.0,0.0,0.0,0,2026-01-16
U001724,PLN_BASIC,299.0,low,73,3,value,high,28,199.89,19,21,-0.16666666666666696,5.5,0.0,0.0,0.0,2026-01-15,1,1.0,0.0,0.0,0,2026-01-16
U001725,PLN_STD,499.0,mid,122,2,regular,high,28,622.09,32,59,-0.16666666666666696,5.5,0.0,0.0,0.0,2026-01-15,1,1.0,0.0,0.0,0,2026-01-16
U001726,PLN_BASIC,299.0,low,60,3,value,high,28,308.87,21,32,-0.16666666666666696,5.5,1.0,0.0,0.0,2026-01-15,1,0.0,0.0,0.0,0,2026-01-16
U001727,PLN_BASIC,299.0,low,18,2,value,high,18,156.56,12,10,-1.5,5.5,1.0,0.0,0.0,2026-01-15,1,0.0,0.0,0.0,0,2026-01-16
U001728,PLN_STD,499.0,mid,113,2,regular,high,28,428.93,26,39,-0.16666666666666696,5.5,1.0,0.0,0.0,2026-01-15,1,0.0,0.0,0.0,0,2026-01-16
U001729,PLN_BASIC,299.0,low,145,2,regular,high,26,413.5,23,40,-0.33333333333333304,5.0,1.0,0.0,0.0,2026-01-15,1,1.0,0.0,0.0,0,2026-01-16
U001730,PLN_PREM,799.0,high,230,3,premium,high,27,887.08,55,100,0.16666666666666696,5.5,0.0,0.0,0.0,2026-01-15,1,1.0,0.0,0.0,0,2026-01-16
U001731,PLN_BASIC,299.0,low,61,2,value,high,28,0.0,0,0,-0.16666666666666696,5.5,0.0,0.0,0.0,2026-01-15,1,1.0,0.0,0.0,1,2026-01-16
U001732,PLN_BASIC,299.0,low,30,2,value,high,27,250.39,13,35,0.16666666666666696,5.5,1.0,0.0,0.0,2026-01-15,1,2.0,0.0,0.0,0,2026-01-16
U001733,PLN_BASIC,299.0,low,81,1,value,high,28,143.18,10,18,-0.16666666666666696,5.5,1.0,0.0,0.0,2026-01-15,1,1.0,0.0,0.0,0,2026-01-16
U001734,PLN_BASIC,299.0,low,39,2,value,high,28,206.03,16,20,-0.16666666666666696,5.5,0.0,0.0,0.0,2026-01-15,1,1.0,1.0,0.0,0,2026-01-16
U001735,PLN_PREM,799.0,high,40,1,premium,high,28,908.87,58,94,-0.16666666666666696,5.5,0.0,0.0,0.0,2026-01-15,1,1.0,0.0,0.0,0,2026-01-16
U001736,PLN_PREM,799.0,high,56,1,premium,high,28,979.64,59,91,-0.16666666666666696,5.5,1.0,0.0,0.0,2026-01-15,1,1.0,0.0,0.0,0,2026-01-16
U001737,PLN_PREM,799.0,high,130,1,premium,high,28,958.63,71,90,-0.16666666666666696,5.5,0.0,0.0,0.0,2026-01-15,1,1.0,0.0,0.0,0,2026-01-16
U001738,PLN_BASIC,299.0,low,231,2,value,high,28,128.24,10,15,-0.16666666666666696,5.5,1.0,0.0,0.0,2026-01-15,1,0.0,0.0,0.0,0,2026-01-16
U001739,PLN_STD,499.0,mid,256,1,regular,high,28,0.0,0,0,-0.16666666666666696,5.5,0.0,0.0,0.0,2026-01-15,1,0.0,0.0,0.0,1,2026-01-16
U001740,PLN_STD,499.0,mid,205,2,regular,high,28,421.56,23,43,-0.16666666666666696,5.5,1.0,0.0,0.0,2026-01-15,1,1.0,1.0,0.0,1,2026-01-16
U001741,PLN_BASIC,299.0,low,148,3,value,high,28,259.44,20,32,-0.16666666666666696,5.5,1.0,0.0,0.0,2026-01-15,1,0.0,0.0,0.0,0,2026-01-16
U001742,PLN_PREM,799.0,high,70,3,regular,high,28,437.72,34,42,-0.16666666666666696,5.5,0.0,0.0,0.0,2026-01-15,1,0.0,0.0,0.0,0,2026-01-16
U001743,PLN_BASIC,299.0,low,142,2,value,high,28,194.16,17,18,-0.16666666666666696,5.5,1.0,0.0,0.0,2026-01-15,1,0.0,0.0,0.0,1,2026-01-16
U001744,PLN_STD,499.0,mid,251,2,value,high,27,267.14,16,27,0.16666666666666696,5.5,0.0,0.0,0.0,2026-01-15,1,0.0,0.0,0.0,0,2026-01-16
U001745,PLN_PREM,799.0,high,204,2,premium,high,27,934.35,66,91,0.16666666666666696,5.5,2.0,1.0,0.5,2026-01-15,1,0.0,0.0,0.0,0,2026-01-16
U001746,PLN_BASIC,299.0,low,11,2,value,high,11,109.67,6,7,5.5,5.5,1.0,0.0,0.0,2026-01-15,1,1.0,0.0,0.0,0,2026-01-16
U001747,PLN_STD,499.0,mid,9,2,premium,high,9,386.22999999999996,14,35,4.5,4.5,1.0,0.0,0.0,2026-01-15,1,0.0,0.0,0.0,0,2026-01-16
U001748,PLN_STD,499.0,mid,162,1,value,high,28,280.52,16,24,-0.16666666666666696,5.5,0.0,0.0,0.0,2026-01-15,1,1.0,0.0,0.0,0,2026-01-16
U001749,PLN_BASIC,299.0,low,54,3,value,high,28,164.44,14,15,-0.16666666666666696,5.5,1.0,1.0,1.0,2026-01-15,1,0.0,0.0,0.0,1,2026-01-16
U001750,PLN_STD,499.0,mid,76,1,value,high,28,50.25,2,6,-0.16666666666666696,5.5,0.0,0.0,0.0,2026-01-15,1,1.0,1.0,0.0,1,2026-01-16
U001751,PLN_STD,499.0,mid,23,3,value,high,23,131.97,8,13,-0.5,5.5,1.0,0.0,0.0,2026-01-15,1,0.0,0.0,0.0,0,2026-01-16
U001752,PLN_STD,499.0,mid,34,2,regular,high,27,624.6,40,57,0.16666666666666696,5.5,0.0,0.0,0.0,2026-01-15,1,1.0,0.0,0.0,0,2026-01-16
U001753,PLN_BASIC,299.0,low,99,1,value,high,28,189.28,20,23,-0.16666666666666696,5.5,0.0,0.0,0.0,2026-01-15,1,0.0,0.0,0.0,0,2026-01-16
U001754,PLN_STD,499.0,mid,157,2,regular,high,28,0.0,0,0,-0.16666666666666696,5.5,0.0,0.0,0.0,2026-01-15,1,1.0,0.0,0.0,1,2026-01-16
U001755,PLN_PREM,799.0,high,99,1,premium,high,28,1027.05,53,112,-0.16666666666666696,5.5,0.0,0.0,0.0,2026-01-15,1,1.0,0.0,0.0,0,2026-01-16
U001756,PLN_BASIC,299.0,low,176,3,value,high,27,270.32,19,30,0.16666666666666696,5.5,1.0,0.0,0.0,2026-01-15,1,0.0,0.0,0.0,1,2026-01-16
U001757,PLN_BASIC,299.0,low,169,2,value,high,28,166.86,16,17,-0.16666666666666696,5.5,0.0,0.0,0.0,2026-01-15,1,1.0,0.0,0.0,0,2026-01-16
U001758,PLN_BASIC,299.0,low,104,1,regular,high,28,603.0500000000001,39,50,-0.16666666666666696,5.5,0.0,0.0,0.0,2026-01-15,1,0.0,0.0,0.0,0,2026-01-16
U001759,PLN_BASIC,299.0,low,113,1,regular,high,27,724.02,43,78,0.16666666666666696,5.5,1.0,0.0,0.0,2026-01-15,1,0.0,0.0,0.0,0,2026-01-16
U001760,PLN_BASIC,299.0,low,111,3,regular,high,27,516.28,26,52,-0.666666666666667,5.0,0.0,0.0,0.0,2026-01-15,1,0.0,0.0,0.0,0,2026-01-16
U001761,PLN_BASIC,299.0,low,160,2,value,high,28,155.1,13,19,-0.16666666666666696,5.5,0.0,0.0,0.0,2026-01-15,1,1.0,1.0,0.0,0,2026-01-16
U001762,PLN_STD,499.0,mid,154,3,regular,high,28,518.18,30,44,-0.16666666666666696,5.5,0.0,0.0,0.0,2026-01-15,1,1.0,0.0,0.0,0,2026-01-16
U001763,PLN_STD,499.0,mid,254,3,regular,high,27,389.38,32,42,0.16666666666666696,5.5,0.0,0.0,0.0,2026-01-15,1,1.0,1.0,0.0,0,2026-01-16
U001764,PLN_BASIC,299.0,low,105,2,value,high,26,27.759999999999998,4,4,0.5,5.5,0.0,0.0,0.0,2026-01-15,1,1.0,0.0,0.0,1,2026-01-16
U001765,PLN_BASIC,299.0,low,112,2,value,high,28,55.160000000000004,4,8,-0.16666666666666696,5.5,0.0,0.0,0.0,2026-01-15,1,1.0,0.0,0.0,1,2026-01-16
U001766,PLN_PREM,799.0,high,22,2,premium,high,22,570.2,40,59,0.0,5.5,1.0,0.0,0.0,2026-01-15,1,0.0,0.0,0.0,0,2026-01-16
U001767,PLN_STD,499.0,mid,130,3,value,high,28,0.0,0,0,-0.16666666666666696,5.5,0.0,0.0,0.0,2026-01-15,1,0.0,0.0,0.0,1,2026-01-16
U001768,PLN_STD,499.0,mid,139,1,value,high,28,0.0,0,0,-0.16666666666666696,5.5,0.0,0.0,0.0,2026-01-15,1,0.0,0.0,0.0,1,2026-01-16
U001769,PLN_BASIC,299.0,low,240,2,value,high,27,224.42000000000002,13,28,0.16666666666666696,5.5,1.0,0.0,0.0,2026-01-15,1,0.0,0.0,0.0,0,2026-01-16
U001770,PLN_PREM,799.0,high,207,1,regular,high,28,513.67,36,43,-0.16666666666666696,5.5,1.0,0.0,0.0,2026-01-15,1,0.0,0.0,0.0,0,2026-01-16
U001771,PLN_BASIC,299.0,low,172,2,regular,high,28,0.0,0,0,-0.16666666666666696,5.5,0.0,0.0,0.0,2026-01-15,1,0.0,0.0,0.0,1,2026-01-16
U001772,PLN_BASIC,299.0,low,162,2,value,high,28,473.7807510200828,18,31,-0.16666666666666696,5.5,0.0,0.0,0.0,2026-01-15,1,1.0,1.0,0.0,0,2026-01-16
U001773,PLN_PREM,799.0,high,165,2,regular,high,28,55.129999999999995,5,6,-0.16666666666666696,5.5,0.0,0.0,0.0,2026-01-15,1,0.0,0.0,0.0,1,2026-01-16
U001774,PLN_BASIC,299.0,low,158,2,regular,high,27,0.0,0,0,0.16666666666666696,5.5,0.0,0.0,0.0,2026-01-15,1,1.0,0.0,0.0,1,2026-01-16
U001775,PLN_BASIC,299.0,low,64,2,value,high,28,301.45,26,38,-0.16666666666666696,5.5,1.0,0.0,0.0,2026-01-15,1,1.0,0.0,0.0,0,2026-01-16
U001776,PLN_PREM,799.0,high,224,1,premium,high,27,982.98,62,109,-0.666666666666667,5.0,0.0,0.0,0.0,2026-01-15,1,1.0,1.0,0.0,0,2026-01-16
U001777,PLN_BASIC,299.0,low,173,2,value,high,28,288.24,18,35,-0.16666666666666696,5.5,1.0,0.0,0.0,2026-01-15,1,1.0,0.0,0.0,1,2026-01-16
U001778,PLN_BASIC,299.0,low,216,3,value,high,28,0.0,0,0,-0.16666666666666696,5.5,0.0,0.0,0.0,2026-01-15,1,0.0,0.0,0.0,1,2026-01-16
U001779,PLN_STD,499.0,mid,179,2,premium,high,27,1178.89,74,121,-0.666666666666667,5.0,1.0,0.0,0.0,2026-01-15,1,0.0,0.0,0.0,0,2026-01-16
U001780,PLN_BASIC,299.0,low,85,2,regular,high,28,452.44,22,55,-0.16666666666666696,5.5,1.0,0.0,0.0,2026-01-15,1,1.0,0.0,0.0,0,2026-01-16
U001781,PLN_STD,499.0,mid,245,3,value,high,28,277.79,23,28,-0.16666666666666696,5.5,0.0,0.0,0.0,2026-01-15,1,2.0,0.0,0.0,0,2026-01-16
U001782,PLN_PREM,799.0,high,171,1,regular,high,27,0.0,0,0,-0.666666666666667,5.0,0.0,0.0,0.0,2026-01-15,1,1.0,0.0,0.0,1,2026-01-16
U001783,PLN_STD,499.0,mid,251,2,regular,high,28,567.7,39,67,-0.16666666666666696,5.5,0.0,0.0,0.0,2026-01-15,1,0.0,0.0,0.0,0,2026-01-16
U001784,PLN_STD,499.0,mid,17,1,value,high,17,138.53,9,14,-0.5,5.5,1.0,0.0,0.0,2026-01-15,1,0.0,0.0,0.0,1,2026-01-16
U001785,PLN_STD,499.0,mid,74,3,regular,high,28,415.01,29,54,-0.16666666666666696,5.5,0.0,0.0,0.0,2026-01-15,1,1.0,0.0,0.0,0,2026-01-16
U001786,PLN_BASIC,299.0,low,195,2,regular,high,28,585.73,35,54,-0.16666666666666696,5.5,0.0,0.0,0.0,2026-01-15,1,0.0,0.0,0.0,0,2026-01-16
U001787,PLN_BASIC,299.0,low,207,2,value,high,28,0.0,0,0,-0.16666666666666696,5.5,0.0,0.0,0.0,2026-01-15,1,0.0,0.0,0.0,1,2026-01-16
U001788,PLN_STD,499.0,mid,232,1,regular,high,27,0.0,0,0,0.16666666666666696,5.5,0.0,0.0,0.0,2026-01-15,1,0.0,0.0,0.0,1,2026-01-16
U001789,PLN_BASIC,299.0,low,138,1,value,high,24,174.8,11,20,-1.333333333333333,4.0,1.0,0.0,0.0,2026-01-15,1,2.0,0.0,0.0,0,2026-01-16
U001790,PLN_BASIC,299.0,low,67,2,value,high,28,263.87,18,34,-0.16666666666666696,5.5,0.0,0.0,0.0,2026-01-15,1,1.0,0.0,0.0,1,2026-01-16
U001791,PLN_PREM,799.0,high,110,2,premium,high,28,990.5500000000001,68,106,-0.16666666666666696,5.5,1.0,0.0,0.0,2026-01-15,1,1.0,0.0,0.0,0,2026-01-16
U001792,PLN_STD,499.0,mid,35,3,regular,high,28,378.9,22,27,-0.16666666666666696,5.5,0.0,0.0,0.0,2026-01-15,1,2.0,0.0,0.0,0,2026-01-16
U001793,PLN_STD,499.0,mid,170,3,regular,high,26,512.56,25,46,0.5,5.5,1.0,0.0,0.0,2026-01-15,1,0.0,0.0,0.0,0,2026-01-16
U001794,PLN_STD,499.0,mid,187,2,regular,high,28,0.0,0,0,-0.16666666666666696,5.5,0.0,0.0,0.0,2026-01-15,1,0.0,0.0,0.0,1,2026-01-16
U001795,PLN_STD,499.0,mid,137,2,regular,high,27,0.0,0,0,-0.666666666666667,5.0,0.0,0.0,0.0,2026-01-15,1,1.0,0.0,0.0,1,2026-01-16
U001796,PLN_BASIC,299.0,low,206,3,value,high,27,49.85,3,6,0.16666666666666696,5.5,0.0,0.0,0.0,2026-01-15,1,0.0,0.0,0.0,1,2026-01-16
U001797,PLN_PREM,799.0,high,12,2,premium,high,12,444.97,24,46,4.5,5.5,1.0,0.0,0.0,2026-01-15,1,1.0,0.0,0.0,1,2026-01-16
U001798,PLN_STD,499.0,mid,210,2,regular,high,28,418.48,24,37,-0.16666666666666696,5.5,1.0,0.0,0.0,2026-01-15,1,1.0,0.0,0.0,0,2026-01-16
U001799,PLN_STD,499.0,mid,136,3,regular,high,28,539.1899999999999,31,65,-0.16666666666666696,5.5,0.0,0.0,0.0,2026-01-15,1,1.0,0.0,0.0,0,2026-01-16
U001800,PLN_STD,499.0,mid,125,1,regular,high,28,467.6,31,52,-0.16666666666666696,5.5,0.0,0.0,0.0,2026-01-15,1,0.0,0.0,0.0,0,2026-01-16
U001801,PLN_STD,499.0,mid,242,3,value,high,28,177.04,14,24,-0.16666666666666696,5.5,1.0,0.0,0.0,2026-01-15,1,1.0,0.0,0.0,0,2026-01-16
U001802,PLN_BASIC,299.0,low,139,1,value,high,28,185.64,16,19,-0.16666666666666696,5.5,0.0,0.0,0.0,2026-01-15,1,0.0,0.0,0.0,0,2026-01-16
U001803,PLN_BASIC,299.0,low,142,2,value,high,28,49.05,4,5,-0.16666666666666696,5.5,0.0,0.0,0.0,2026-01-15,1,0.0,0.0,0.0,1,2026-01-16
U001804,PLN_BASIC,299.0,low,191,3,value,high,27,249.77,16,30,-0.666666666666667,5.0,0.0,0.0,0.0,2026-01-15,1,0.0,0.0,0.0,0,2026-01-16
U001805,PLN_BASIC,299.0,low,224,2,regular,high,27,398.28,24,41,0.16666666666666696,5.5,0.0,0.0,0.0,2026-01-15,1,1.0,0.0,0.0,0,2026-01-16
U001806,PLN_STD,499.0,mid,245,2,premium,high,27,1228.83,65,142,0.16666666666666696,5.5,0.0,0.0,0.0,2026-01-15,1,0.0,0.0,0.0,0,2026-01-16
U001807,PLN_BASIC,299.0,low,254,2,value,high,28,330.40000000000003,20,39,-0.16666666666666696,5.5,0.0,0.0,0.0,2026-01-15,1,1.0,0.0,0.0,0,2026-01-16
U001808,PLN_BASIC,299.0,low,136,1,value,high,25,103.25,8,11,-0.833333333333333,4.5,0.0,0.0,0.0,2026-01-15,1,0.0,0.0,0.0,0,2026-01-16
U001809,PLN_PREM,799.0,high,234,1,regular,high,28,596.38,35,66,-0.16666666666666696,5.5,1.0,0.0,0.0,2026-01-15,1,0.0,0.0,0.0,0,2026-01-16
U001810,PLN_BASIC,299.0,low,16,2,value,high,16,94.47,6,10,0.5,5.5,1.0,0.0,0.0,2026-01-15,1,0.0,0.0,0.0,0,2026-01-16
U001811,PLN_PREM,799.0,high,195,2,premium,high,28,667.99,40,63,-0.16666666666666696,5.5,0.0,0.0,0.0,2026-01-15,1,1.0,0.0,0.0,0,2026-01-16
U001812,PLN_BASIC,299.0,low,93,2,value,high,28,363.49,24,40,-0.16666666666666696,5.5,0.0,0.0,0.0,2026-01-15,1,0.0,0.0,0.0,0,2026-01-16
U001813,PLN_BASIC,299.0,low,87,1,value,high,28,99.89,11,10,-0.16666666666666696,5.5,1.0,0.0,0.0,2026-01-15,1,1.0,0.0,0.0,0,2026-01-16
U001814,PLN_BASIC,299.0,low,132,3,value,high,28,202.32999999999998,15,18,-0.16666666666666696,5.5,0.0,0.0,0.0,2026-01-15,1,0.0,0.0,0.0,0,2026-01-16
U001815,PLN_PREM,799.0,high,35,2,premium,high,28,999.36,52,98,-0.16666666666666696,5.5,0.0,0.0,0.0,2026-01-15,1,0.0,0.0,0.0,0,2026-01-16
U001816,PLN_BASIC,299.0,low,229,2,value,high,28,194.33,21,22,-0.16666666666666696,5.5,1.0,0.0,0.0,2026-01-15,1,1.0,0.0,0.0,0,2026-01-16
U001817,PLN_BASIC,299.0,low,198,2,regular,high,28,684.97,38,72,-0.16666666666666696,5.5,0.0,0.0,0.0,2026-01-15,1,0.0,0.0,0.0,0,2026-01-16
U001818,PLN_BASIC,299.0,low,193,1,value,high,27,214.08,23,20,0.16666666666666696,5.5,0.0,0.0,0.0,2026-01-15,1,2.0,0.0,0.0,0,2026-01-16
U001819,PLN_BASIC,299.0,low,223,2,value,high,26,0.0,0,0,-1.166666666666667,4.5,0.0,0.0,0.0,2026-01-15,1,0.0,0.0,0.0,1,2026-01-16
U001820,PLN_PREM,799.0,high,183,2,premium,high,28,700.78,48,90,-0.16666666666666696,5.5,0.0,0.0,0.0,2026-01-15,1,1.0,0.0,0.0,0,2026-01-16
U001821,PLN_BASIC,299.0,low,178,1,value,high,28,245.27,18,28,-0.16666666666666696,5.5,1.0,0.0,0.0,2026-01-15,1,0.0,0.0,0.0,0,2026-01-16
U001822,PLN_BASIC,299.0,low,65,3,value,high,27,306.47,21,28,-0.666666666666667,5.0,0.0,0.0,0.0,2026-01-15,1,0.0,0.0,0.0,0,2026-01-16
U001823,PLN_BASIC,299.0,low,181,3,regular,high,27,501.77,29,57,-0.666666666666667,5.0,1.0,0.0,0.0,2026-01-15,1,1.0,1.0,0.0,0,2026-01-16
U001824,PLN_PREM,799.0,high,36,2,premium,high,28,1076.96,58,115,-0.16666666666666696,5.5,0.0,0.0,0.0,2026-01-15,1,1.0,0.0,0.0,0,2026-01-16
U001825,PLN_BASIC,299.0,low,63,3,value,high,28,156.35,18,21,-0.16666666666666696,5.5,1.0,0.0,0.0,2026-01-15,1,1.0,0.0,0.0,0,2026-01-16
U001826,PLN_BASIC,299.0,low,30,3,value,high,27,151.15,9,15,-0.666666666666667,5.0,1.0,0.0,0.0,2026-01-15,1,1.0,0.0,0.0,1,2026-01-16
U001827,PLN_PREM,799.0,high,230,2,premium,high,27,603.12,25,63,-0.666666666666667,5.0,1.0,0.0,0.0,2026-01-15,1,1.0,0.0,0.0,0,2026-01-16
U001828,PLN_BASIC,299.0,low,9,2,regular,high,9,235.89,18,22,4.5,4.5,1.0,0.0,0.0,2026-01-15,1,0.0,0.0,0.0,0,2026-01-16
U001829,PLN_STD,499.0,mid,102,2,premium,high,28,1110.98,58,135,-0.16666666666666696,5.5,0.0,0.0,0.0,2026-01-15,1,2.0,0.0,0.0,0,2026-01-16
U001830,PLN_STD,499.0,mid,10,2,regular,high,10,174.70000000000002,8,16,5.0,5.0,1.0,1.0,1.0,2026-01-15,1,0.0,0.0,0.0,1,2026-01-16
U001831,PLN_STD,499.0,mid,167,1,regular,high,27,0.0,0,0,-0.666666666666667,5.0,0.0,0.0,0.0,2026-01-15,1,0.0,0.0,0.0,1,2026-01-16
U001832,PLN_STD,499.0,mid,17,1,regular,high,17,189.47,9,23,-0.5,5.5,1.0,0.0,0.0,2026-01-15,1,0.0,0.0,0.0,0,2026-01-16
U001833,PLN_BASIC,299.0,low,109,2,value,high,27,168.01999999999998,11,20,0.16666666666666696,5.5,1.0,0.0,0.0,2026-01-15,1,0.0,0.0,0.0,0,2026-01-16
U001834,PLN_STD,499.0,mid,238,3,regular,high,28,460.53000000000003,28,45,-0.16666666666666696,5.5,1.0,0.0,0.0,2026-01-15,1,0.0,0.0,0.0,0,2026-01-16
U001835,PLN_STD,499.0,mid,154,3,regular,high,27,377.29,24,51,0.16666666666666696,5.5,1.0,1.0,1.0,2026-01-15,1,2.0,0.0,0.0,0,2026-01-16
U001836,PLN_PREM,799.0,high,222,2,premium,high,28,983.64,53,111,-0.16666666666666696,5.5,0.0,0.0,0.0,2026-01-15,1,0.0,0.0,0.0,0,2026-01-16
U001837,PLN_BASIC,299.0,low,20,1,regular,high,20,218.36,18,28,1.0,5.5,1.0,0.0,0.0,2026-01-15,1,0.0,0.0,0.0,0,2026-01-16
U001838,PLN_BASIC,299.0,low,180,2,value,high,28,0.0,0,0,-0.16666666666666696,5.5,0.0,0.0,0.0,2026-01-15,1,1.0,0.0,0.0,1,2026-01-16
U001839,PLN_STD,499.0,mid,201,2,regular,high,27,642.01,46,61,-0.666666666666667,5.0,1.0,0.0,0.0,2026-01-15,1,1.0,0.0,0.0,0,2026-01-16
U001840,PLN_STD,499.0,mid,118,3,regular,high,27,494.24,31,49,-0.666666666666667,5.0,1.0,0.0,0.0,2026-01-15,1,1.0,0.0,0.0,0,2026-01-16
U001841,PLN_STD,499.0,mid,150,3,regular,high,28,621.24,34,54,-0.16666666666666696,5.5,1.0,0.0,0.0,2026-01-15,1,0.0,0.0,0.0,0,2026-01-16
U001842,PLN_PREM,799.0,high,232,3,regular,high,28,279.07,21,31,-0.16666666666666696,5.5,1.0,0.0,0.0,2026-01-15,1,1.0,0.0,0.0,0,2026-01-16
U001843,PLN_BASIC,299.0,low,52,3,regular,high,28,353.94,21,32,-0.16666666666666696,5.5,1.0,0.0,0.0,2026-01-15,1,0.0,0.0,0.0,0,2026-01-16
U001844,PLN_STD,499.0,mid,44,3,value,high,27,316.68,21,29,-0.666666666666667,5.0,0.0,0.0,0.0,2026-01-15,1,0.0,0.0,0.0,0,2026-01-16
U001845,PLN_STD,499.0,mid,70,2,regular,high,28,133.56,7,15,-0.16666666666666696,5.5,0.0,0.0,0.0,2026-01-15,1,0.0,0.0,0.0,1,2026-01-16
U001846,PLN_PREM,799.0,high,102,1,regular,high,28,0.0,0,0,-0.16666666666666696,5.5,0.0,0.0,0.0,2026-01-15,1,0.0,0.0,0.0,1,2026-01-16
U001847,PLN_PREM,799.0,high,155,1,premium,high,28,604.48,33,63,-0.16666666666666696,5.5,0.0,0.0,0.0,2026-01-15,1,0.0,0.0,0.0,0,2026-01-16
U001848,PLN_STD,499.0,mid,120,2,regular,high,28,456.22,23,45,-0.16666666666666696,5.5,1.0,0.0,0.0,2026-01-15,1,3.0,0.0,0.0,0,2026-01-16
U001849,PLN_PREM,799.0,high,126,2,regular,high,28,0.0,0,0,-0.16666666666666696,5.5,0.0,0.0,0.0,2026-01-15,1,0.0,0.0,0.0,1,2026-01-16
U001850,PLN_STD,499.0,mid,215,1,regular,high,28,0.0,0,0,-0.16666666666666696,5.5,0.0,0.0,0.0,2026-01-15,1,0.0,0.0,0.0,1,2026-01-16
U001851,PLN_BASIC,299.0,low,236,3,regular,high,27,576.69,32,54,0.16666666666666696,5.5,1.0,0.0,0.0,2026-01-15,1,0.0,0.0,0.0,0,2026-01-16
U001852,PLN_BASIC,299.0,low,193,1,value,high,28,155.34,13,22,-0.16666666666666696,5.5,0.0,0.0,0.0,2026-01-15,1,1.0,0.0,0.0,0,2026-01-16
U001853,PLN_PREM,799.0,high,142,3,premium,high,28,1052.87,63,118,-0.16666666666666696,5.5,0.0,0.0,0.0,2026-01-15,1,0.0,0.0,0.0,0,2026-01-16
U001854,PLN_PREM,799.0,high,216,3,premium,high,28,957.14,53,105,-0.16666666666666696,5.5,0.0,0.0,0.0,2026-01-15,1,1.0,0.0,0.0,0,2026-01-16
U001855,PLN_STD,499.0,mid,230,2,regular,high,28,346.77000000000004,22,31,-0.16666666666666696,5.5,0.0,0.0,0.0,2026-01-15,1,1.0,0.0,0.0,0,2026-01-16
U001856,PLN_BASIC,299.0,low,43,2,regular,high,28,411.27000000000004,20,51,-0.16666666666666696,5.5,0.0,0.0,0.0,2026-01-15,1,2.0,0.0,0.0,0,2026-01-16
U001857,PLN_BASIC,299.0,low,162,2,value,high,28,164.61,12,14,-0.16666666666666696,5.5,0.0,0.0,0.0,2026-01-15,1,0.0,0.0,0.0,0,2026-01-16
U001858,PLN_BASIC,299.0,low,110,2,regular,high,28,584.47,42,47,-0.16666666666666696,5.5,0.0,0.0,0.0,2026-01-15,1,0.0,0.0,0.0,0,2026-01-16
U001859,PLN_STD,499.0,mid,125,1,regular,high,26,427.35,32,55,0.5,5.5,0.0,0.0,0.0,2026-01-15,1,0.0,0.0,0.0,0,2026-01-16
U001860,PLN_STD,499.0,mid,72,3,regular,high,28,392.18,25,27,-0.16666666666666696,5.5,0.0,0.0,0.0,2026-01-15,1,0.0,0.0,0.0,0,2026-01-16
U001861,PLN_STD,499.0,mid,71,2,value,high,28,220.83,13,25,-0.16666666666666696,5.5,0.0,0.0,0.0,2026-01-15,1,1.0,0.0,0.0,0,2026-01-16
U001862,PLN_BASIC,299.0,low,182,2,regular,high,28,435.94,29,43,-0.16666666666666696,5.5,1.0,0.0,0.0,2026-01-15,1,2.0,0.0,0.0,0,2026-01-16
U001863,PLN_BASIC,299.0,low,44,2,value,high,28,305.24,27,26,-0.16666666666666696,5.5,0.0,0.0,0.0,2026-01-15,1,2.0,0.0,0.0,0,2026-01-16
U001864,PLN_STD,499.0,mid,163,2,regular,high,28,501.89,35,48,-0.16666666666666696,5.5,0.0,0.0,0.0,2026-01-15,1,2.0,0.0,0.0,0,2026-01-16
U001865,PLN_BASIC,299.0,low,47,2,regular,high,27,504.63,32,52,-0.666666666666667,5.0,0.0,0.0,0.0,2026-01-15,1,0.0,0.0,0.0,0,2026-01-16
U001866,PLN_BASIC,299.0,low,155,2,value,high,28,209.23,12,18,-0.16666666666666696,5.5,0.0,0.0,0.0,2026-01-15,1,0.0,0.0,0.0,0,2026-01-16
U001867,PLN_STD,499.0,mid,229,1,regular,high,28,630.51,35,58,-0.16666666666666696,5.5,1.0,0.0,0.0,2026-01-15,1,1.0,0.0,0.0,0,2026-01-16
U001868,PLN_BASIC,299.0,low,66,2,regular,high,28,574.6,41,56,-0.16666666666666696,5.5,0.0,0.0,0.0,2026-01-15,1,1.0,0.0,0.0,0,2026-01-16
U001869,PLN_PREM,799.0,high,249,2,regular,high,28,403.44,23,45,-0.16666666666666696,5.5,0.0,0.0,0.0,2026-01-15,1,0.0,0.0,0.0,0,2026-01-16
U001870,PLN_BASIC,299.0,low,63,2,value,high,28,192.97,13,23,-0.16666666666666696,5.5,0.0,0.0,0.0,2026-01-15,1,0.0,0.0,0.0,0,2026-01-16
U001871,PLN_PREM,799.0,high,246,1,regular,high,27,632.36,42,71,0.16666666666666696,5.5,0.0,0.0,0.0,2026-01-15,1,2.0,0.0,0.0,0,2026-01-16
U001872,PLN_BASIC,299.0,low,205,2,value,high,28,251.68,19,26,-0.16666666666666696,5.5,1.0,0.0,0.0,2026-01-15,1,0.0,0.0,0.0,0,2026-01-16
U001873,PLN_STD,499.0,mid,105,2,regular,high,28,455.02,29,49,-0.16666666666666696,5.5,0.0,0.0,0.0,2026-01-15,1,0.0,0.0,0.0,0,2026-01-16
U001874,PLN_BASIC,299.0,low,20,2,regular,high,20,247.62,16,22,1.0,5.5,1.0,0.0,0.0,2026-01-15,1,0.0,0.0,0.0,1,2026-01-16
U001875,PLN_BASIC,299.0,low,154,1,value,high,27,0.0,0,0,0.16666666666666696,5.5,0.0,0.0,0.0,2026-01-15,1,0.0,0.0,0.0,1,2026-01-16
U001876,PLN_STD,499.0,mid,226,1,regular,high,28,536.05,40,45,-0.16666666666666696,5.5,0.0,0.0,0.0,2026-01-15,1,0.0,0.0,0.0,0,2026-01-16
U001877,PLN_STD,499.0,mid,198,2,regular,high,28,330.35,22,33,-0.16666666666666696,5.5,0.0,0.0,0.0,2026-01-15,1,0.0,0.0,0.0,0,2026-01-16
U001878,PLN_STD,499.0,mid,32,1,regular,high,28,404.66,23,35,-0.16666666666666696,5.5,0.0,0.0,0.0,2026-01-15,1,0.0,0.0,0.0,0,2026-01-16
U001879,PLN_BASIC,299.0,low,74,2,value,high,28,167.62,14,17,-0.16666666666666696,5.5,0.0,0.0,0.0,2026-01-15,1,0.0,0.0,0.0,0,2026-01-16
U001880,PLN_BASIC,299.0,low,231,3,value,high,28,208.76000000000002,15,18,-0.16666666666666696,5.5,1.0,0.0,0.0,2026-01-15,1,1.0,0.0,0.0,0,2026-01-16
U001881,PLN_STD,499.0,mid,160,2,regular,high,28,409.95,25,43,-0.16666666666666696,5.5,0.0,0.0,0.0,2026-01-15,1,1.0,0.0,0.0,0,2026-01-16
U001882,PLN_STD,499.0,mid,190,3,value,high,28,215.01,15,24,-0.16666666666666696,5.5,0.0,0.0,0.0,2026-01-15,1,0.0,0.0,0.0,0,2026-01-16
U001883,PLN_STD,499.0,mid,212,1,regular,high,28,364.75,22,33,-0.16666666666666696,5.5,0.0,0.0,0.0,2026-01-15,1,1.0,0.0,0.0,0,2026-01-16
U001884,PLN_BASIC,299.0,low,44,1,value,high,28,160.41,21,15,-0.16666666666666696,5.5,0.0,0.0,0.0,2026-01-15,1,2.0,1.0,0.0,0,2026-01-16
U001885,PLN_BASIC,299.0,low,101,2,value,high,28,237.32,28,22,-0.16666666666666696,5.5,0.0,0.0,0.0,2026-01-15,1,0.0,0.0,0.0,0,2026-01-16
U001886,PLN_BASIC,299.0,low,211,3,regular,high,28,0.0,0,0,-0.16666666666666696,5.5,0.0,0.0,0.0,2026-01-15,1,1.0,0.0,0.0,1,2026-01-16
U001887,PLN_BASIC,299.0,low,93,3,value,high,28,182.63,16,12,-0.16666666666666696,5.5,1.0,0.0,0.0,2026-01-15,1,0.0,0.0,0.0,0,2026-01-16
U001888,PLN_PREM,799.0,high,153,1,regular,high,28,0.0,0,0,-0.16666666666666696,5.5,0.0,0.0,0.0,2026-01-15,1,0.0,0.0,0.0,1,2026-01-16
U001889,PLN_BASIC,299.0,low,241,3,value,high,28,0.0,0,0,-0.16666666666666696,5.5,0.0,0.0,0.0,2026-01-15,1,1.0,0.0,0.0,1,2026-01-16
U001890,PLN_STD,499.0,mid,144,2,regular,high,27,308.61,23,29,0.16666666666666696,5.5,1.0,0.0,0.0,2026-01-15,1,1.0,0.0,0.0,0,2026-01-16
U001891,PLN_PREM,799.0,high,210,2,regular,high,26,0.0,0,0,-0.33333333333333304,5.0,0.0,0.0,0.0,2026-01-15,1,0.0,0.0,0.0,1,2026-01-16
U001892,PLN_PREM,799.0,high,195,1,regular,high,28,417.14,27,34,-0.16666666666666696,5.5,0.0,0.0,0.0,2026-01-15,1,1.0,0.0,0.0,0,2026-01-16
U001893,PLN_BASIC,299.0,low,36,3,regular,high,28,418.83,23,41,-0.16666666666666696,5.5,0.0,0.0,0.0,2026-01-15,1,1.0,0.0,0.0,0,2026-01-16
U001894,PLN_BASIC,299.0,low,78,1,value,high,28,290.46,23,31,-0.16666666666666696,5.5,0.0,0.0,0.0,2026-01-15,1,1.0,0.0,0.0,0,2026-01-16
U001895,PLN_STD,499.0,mid,223,3,regular,high,28,442.48,22,48,-0.16666666666666696,5.5,0.0,0.0,0.0,2026-01-15,1,2.0,0.0,0.0,0,2026-01-16
U001896,PLN_STD,499.0,mid,43,2,value,high,28,169.16,13,20,-0.16666666666666696,5.5,0.0,0.0,0.0,2026-01-15,1,1.0,0.0,0.0,0,2026-01-16
U001897,PLN_STD,499.0,mid,112,2,regular,high,28,0.0,0,0,-0.16666666666666696,5.5,0.0,0.0,0.0,2026-01-15,1,1.0,0.0,0.0,1,2026-01-16
U001898,PLN_BASIC,299.0,low,37,2,value,high,28,172.41,13,14,-0.16666666666666696,5.5,0.0,0.0,0.0,2026-01-15,1,1.0,0.0,0.0,0,2026-01-16
U001899,PLN_STD,499.0,mid,69,3,regular,high,28,429.44,29,36,-0.16666666666666696,5.5,0.0,0.0,0.0,2026-01-15,1,2.0,0.0,0.0,0,2026-01-16
U001900,PLN_STD,499.0,mid,171,1,value,high,28,292.55,19,32,-0.16666666666666696,5.5,1.0,0.0,0.0,2026-01-15,1,0.0,0.0,0.0,0,2026-01-16
U001901,PLN_STD,499.0,mid,122,1,premium,high,28,991.73,49,103,-0.16666666666666696,5.5,1.0,0.0,0.0,2026-01-15,1,0.0,0.0,0.0,0,2026-01-16
U001902,PLN_PREM,799.0,high,123,2,regular,high,28,0.0,0,0,-0.16666666666666696,5.5,0.0,0.0,0.0,2026-01-15,1,0.0,0.0,0.0,1,2026-01-16
U001903,PLN_STD,499.0,mid,76,2,regular,high,28,591.19,36,48,-0.16666666666666696,5.5,0.0,0.0,0.0,2026-01-15,1,0.0,0.0,0.0,0,2026-01-16
U001904,PLN_BASIC,299.0,low,194,1,value,high,26,198.7,11,27,-0.33333333333333304,5.0,0.0,0.0,0.0,2026-01-15,1,1.0,0.0,0.0,0,2026-01-16
U001905,PLN_BASIC,299.0,low,173,1,value,high,28,332.01,22,26,-0.16666666666666696,5.5,1.0,0.0,0.0,2026-01-15,1,1.0,0.0,0.0,0,2026-01-16
U001906,PLN_BASIC,299.0,low,195,2,value,high,27,243.97,15,30,0.16666666666666696,5.5,0.0,0.0,0.0,2026-01-15,1,1.0,0.0,0.0,0,2026-01-16
U001907,PLN_PREM,799.0,high,182,1,premium,high,28,833.12,43,89,-0.16666666666666696,5.5,1.0,0.0,0.0,2026-01-15,1,1.0,0.0,0.0,0,2026-01-16
U001908,PLN_STD,499.0,mid,216,1,regular,high,28,445.87,37,39,-0.16666666666666696,5.5,1.0,0.0,0.0,2026-01-15,1,0.0,0.0,0.0,0,2026-01-16
U001909,PLN_BASIC,299.0,low,247,3,value,high,28,302.87,23,30,-0.16666666666666696,5.5,0.0,0.0,0.0,2026-01-15,1,0.0,0.0,0.0,0,2026-01-16
U001910,PLN_PREM,799.0,high,21,2,regular,high,20,656.6754533728403,13,32,1.0,5.5,1.0,0.0,0.0,2026-01-15,1,0.0,0.0,0.0,0,2026-01-16
U001911,PLN_STD,499.0,mid,238,3,regular,high,28,0.0,0,0,-0.16666666666666696,5.5,0.0,0.0,0.0,2026-01-15,1,1.0,0.0,0.0,1,2026-01-16
U001912,PLN_BASIC,299.0,low,34,3,value,high,28,182.61,11,22,-0.16666666666666696,5.5,1.0,0.0,0.0,2026-01-15,1,0.0,0.0,0.0,0,2026-01-16
U001913,PLN_STD,499.0,mid,256,1,regular,high,28,727.31,42,75,-0.16666666666666696,5.5,0.0,0.0,0.0,2026-01-15,1,0.0,0.0,0.0,0,2026-01-16
U001914,PLN_BASIC,299.0,low,61,2,value,high,28,201.91,15,24,-0.16666666666666696,5.5,1.0,0.0,0.0,2026-01-15,1,0.0,0.0,0.0,0,2026-01-16
U001915,PLN_BASIC,299.0,low,174,2,value,high,28,0.0,0,0,-0.16666666666666696,5.5,0.0,0.0,0.0,2026-01-15,1,1.0,0.0,0.0,1,2026-01-16
U001916,PLN_PREM,799.0,high,127,2,regular,high,28,589.61,40,56,-0.16666666666666696,5.5,0.0,0.0,0.0,2026-01-15,1,0.0,0.0,0.0,0,2026-01-16
U001917,PLN_BASIC,299.0,low,186,1,value,high,28,94.14,7,15,-0.16666666666666696,5.5,0.0,0.0,0.0,2026-01-15,1,1.0,1.0,0.0,1,2026-01-16
U001918,PLN_PREM,799.0,high,133,1,premium,high,28,538.22,19,55,-0.16666666666666696,5.5,0.0,0.0,0.0,2026-01-15,1,0.0,0.0,0.0,0,2026-01-16
U001919,PLN_STD,499.0,mid,143,1,regular,high,28,0.0,0,0,-0.16666666666666696,5.5,0.0,0.0,0.0,2026-01-15,1,0.0,0.0,0.0,1,2026-01-16
U001920,PLN_STD,499.0,mid,124,2,regular,high,28,485.52,24,62,-0.16666666666666696,5.5,0.0,0.0,0.0,2026-01-15,1,1.0,0.0,0.0,1,2026-01-16
U001921,PLN_STD,499.0,mid,158,3,regular,high,28,499.92,40,50,-0.16666666666666696,5.5,0.0,0.0,0.0,2026-01-15,1,2.0,1.0,0.0,0,2026-01-16
U001922,PLN_PREM,799.0,high,122,2,premium,high,28,750.42,45,73,-0.16666666666666696,5.5,0.0,0.0,0.0,2026-01-15,1,1.0,0.0,0.0,0,2026-01-16
U001923,PLN_BASIC,299.0,low,49,2,value,high,28,263.42,22,42,-0.16666666666666696,5.5,0.0,0.0,0.0,2026-01-15,1,1.0,0.0,0.0,0,2026-01-16
U001924,PLN_STD,499.0,mid,147,3,regular,high,28,0.0,0,0,-0.16666666666666696,5.5,0.0,0.0,0.0,2026-01-15,1,0.0,0.0,0.0,1,2026-01-16
U001925,PLN_BASIC,299.0,low,166,2,regular,high,28,876.95,47,88,-0.16666666666666696,5.5,0.0,0.0,0.0,2026-01-15,1,1.0,0.0,0.0,0,2026-01-16
U001926,PLN_PREM,799.0,high,223,1,premium,high,28,1035.33,62,113,-0.16666666666666696,5.5,0.0,0.0,0.0,2026-01-15,1,1.0,0.0,0.0,0,2026-01-16
U001927,PLN_STD,499.0,mid,166,3,value,high,28,195.64,13,24,-0.16666666666666696,5.5,0.0,0.0,0.0,2026-01-15,1,0.0,0.0,0.0,0,2026-01-16
U001928,PLN_BASIC,299.0,low,225,2,regular,high,27,142.31,13,8,0.16666666666666696,5.5,0.0,0.0,0.0,2026-01-15,1,1.0,0.0,0.0,1,2026-01-16
U001929,PLN_STD,499.0,mid,211,1,regular,high,26,464.36,16,42,-0.33333333333333304,5.0,1.0,0.0,0.0,2026-01-15,1,1.0,0.0,0.0,0,2026-01-16
U001930,PLN_BASIC,299.0,low,17,2,value,high,17,80.08,7,14,-0.5,5.5,1.0,0.0,0.0,2026-01-15,1,2.0,0.0,0.0,0,2026-01-16
U001931,PLN_PREM,799.0,high,234,3,premium,high,28,555.04,33,50,-0.16666666666666696,5.5,1.0,0.0,0.0,2026-01-15,1,0.0,0.0,0.0,0,2026-01-16
U001932,PLN_BASIC,299.0,low,136,2,value,high,28,0.0,0,0,-0.16666666666666696,5.5,0.0,0.0,0.0,2026-01-15,1,0.0,0.0,0.0,1,2026-01-16
U001933,PLN_BASIC,299.0,low,47,2,value,high,28,210.74,14,23,-0.16666666666666696,5.5,0.0,0.0,0.0,2026-01-15,1,1.0,0.0,0.0,0,2026-01-16
U001934,PLN_BASIC,299.0,low,17,1,regular,high,17,242.98,12,21,-0.5,5.5,1.0,0.0,0.0,2026-01-15,1,0.0,0.0,0.0,0,2026-01-16
U001935,PLN_STD,499.0,mid,220,1,regular,high,27,0.0,0,0,-0.666666666666667,5.0,0.0,0.0,0.0,2026-01-15,1,0.0,0.0,0.0,1,2026-01-16
U001936,PLN_BASIC,299.0,low,215,1,value,high,28,213.07,18,18,-0.16666666666666696,5.5,0.0,0.0,0.0,2026-01-15,1,0.0,0.0,0.0,0,2026-01-16
U001937,PLN_STD,499.0,mid,163,2,value,high,28,0.0,0,0,-0.16666666666666696,5.5,0.0,0.0,0.0,2026-01-15,1,0.0,0.0,0.0,1,2026-01-16
U001938,PLN_BASIC,299.0,low,117,3,value,high,28,223.64000000000001,15,21,-0.16666666666666696,5.5,2.0,1.0,0.5,2026-01-15,1,2.0,0.0,0.0,1,2026-01-16
U001939,PLN_PREM,799.0,high,16,1,regular,high,16,234.92,16,24,0.5,5.5,1.0,1.0,1.0,2026-01-15,1,0.0,0.0,0.0,1,2026-01-16
U001940,PLN_PREM,799.0,high,204,2,premium,high,28,838.81,49,94,-0.16666666666666696,5.5,1.0,0.0,0.0,2026-01-15,1,0.0,0.0,0.0,0,2026-01-16
U001941,PLN_BASIC,299.0,low,215,1,regular,high,28,376.23,24,33,-0.16666666666666696,5.5,0.0,0.0,0.0,2026-01-15,1,0.0,0.0,0.0,0,2026-01-16
U001942,PLN_BASIC,299.0,low,193,1,value,high,28,0.0,0,0,-0.16666666666666696,5.5,0.0,0.0,0.0,2026-01-15,1,0.0,0.0,0.0,1,2026-01-16
U001943,PLN_PREM,799.0,high,37,2,regular,high,27,388.65,24,36,-0.666666666666667,5.0,0.0,0.0,0.0,2026-01-14,2,1.0,0.0,0.0,0,2026-01-16
U001944,PLN_PREM,799.0,high,249,2,premium,high,28,0.0,0,0,-0.16666666666666696,5.5,0.0,0.0,0.0,2026-01-15,1,0.0,0.0,0.0,1,2026-01-16
U001945,PLN_PREM,799.0,high,161,2,regular,high,28,452.18,34,36,-0.16666666666666696,5.5,0.0,0.0,0.0,2026-01-15,1,1.0,0.0,0.0,0,2026-01-16
U001946,PLN_BASIC,299.0,low,227,2,value,high,28,0.0,0,0,-0.16666666666666696,5.5,0.0,0.0,0.0,2026-01-15,1,1.0,0.0,0.0,1,2026-01-16
U001947,PLN_BASIC,299.0,low,217,2,value,high,28,0.0,0,0,-0.16666666666666696,5.5,0.0,0.0,0.0,2026-01-15,1,0.0,0.0,0.0,1,2026-01-16
U001948,PLN_PREM,799.0,high,26,1,premium,high,25,1209.73,73,101,0.0,5.0,1.0,0.0,0.0,2026-01-15,1,0.0,0.0,0.0,0,2026-01-16
U001949,PLN_PREM,799.0,high,256,1,premium,high,28,1103.8799999999999,59,114,-0.16666666666666696,5.5,1.0,1.0,1.0,2026-01-15,1,0.0,0.0,0.0,0,2026-01-16
U001950,PLN_STD,499.0,mid,176,3,value,high,28,304.71,30,44,-0.16666666666666696,5.5,1.0,0.0,0.0,2026-01-15,1,0.0,0.0,0.0,0,2026-01-16
U001951,PLN_PREM,799.0,high,27,3,regular,high,27,541.7334079219297,19,36,0.16666666666666696,5.5,1.0,0.0,0.0,2026-01-15,1,0.0,0.0,0.0,0,2026-01-16
U001952,PLN_BASIC,299.0,low,104,3,value,high,28,0.0,0,0,-0.16666666666666696,5.5,0.0,0.0,0.0,2026-01-15,1,1.0,0.0,0.0,1,2026-01-16
U001953,PLN_BASIC,299.0,low,238,3,value,high,28,204.52999999999997,13,18,-0.16666666666666696,5.5,1.0,0.0,0.0,2026-01-15,1,0.0,0.0,0.0,0,2026-01-16
U001954,PLN_STD,499.0,mid,140,2,regular,high,27,440.02,33,37,-0.666666666666667,5.0,0.0,0.0,0.0,2026-01-15,1,1.0,0.0,0.0,0,2026-01-16
U001955,PLN_STD,499.0,mid,13,3,regular,high,11,175.38,9,17,2.5,4.5,1.0,0.0,0.0,2026-01-15,1,1.0,0.0,0.0,0,2026-01-16
U001956,PLN_STD,499.0,mid,156,2,regular,high,28,319.0,22,33,-0.16666666666666696,5.5,0.0,0.0,0.0,2026-01-15,1,1.0,0.0,0.0,0,2026-01-16
U001957,PLN_STD,499.0,mid,124,1,premium,high,28,1033.91,74,94,-0.16666666666666696,5.5,1.0,0.0,0.0,2026-01-15,1,0.0,0.0,0.0,0,2026-01-16
U001958,PLN_PREM,799.0,high,123,1,regular,high,28,423.35,27,39,-0.16666666666666696,5.5,1.0,0.0,0.0,2026-01-15,1,0.0,0.0,0.0,1,2026-01-16
U001959,PLN_BASIC,299.0,low,91,1,value,high,28,156.71,17,15,-0.16666666666666696,5.5,1.0,0.0,0.0,2026-01-15,1,1.0,0.0,0.0,0,2026-01-16
U001960,PLN_STD,499.0,mid,210,1,regular,high,27,319.81,30,31,-0.666666666666667,5.0,1.0,0.0,0.0,2026-01-15,1,0.0,0.0,0.0,0,2026-01-16
U001961,PLN_BASIC,299.0,low,46,2,regular,high,28,577.6,35,63,-0.16666666666666696,5.5,0.0,0.0,0.0,2026-01-15,1,1.0,0.0,0.0,0,2026-01-16
U001962,PLN_BASIC,299.0,low,8,2,regular,high,8,445.0903810463642,8,19,4.0,4.0,1.0,0.0,0.0,2026-01-15,1,0.0,0.0,0.0,0,2026-01-16
U001963,PLN_STD,499.0,mid,221,3,premium,high,28,661.25,36,61,-0.16666666666666696,5.5,0.0,0.0,0.0,2026-01-15,1,0.0,0.0,0.0,0,2026-01-16
U001964,PLN_STD,499.0,mid,51,2,regular,high,28,302.78000000000003,21,36,-0.16666666666666696,5.5,1.0,0.0,0.0,2026-01-15,1,1.0,0.0,0.0,0,2026-01-16
U001965,PLN_BASIC,299.0,low,51,1,value,high,26,109.43,6,17,-1.166666666666667,4.5,1.0,0.0,0.0,2026-01-15,1,0.0,0.0,0.0,0,2026-01-16
U001966,PLN_BASIC,299.0,low,70,2,value,high,28,118.15,11,9,-0.16666666666666696,5.5,0.0,0.0,0.0,2026-01-15,1,1.0,0.0,0.0,1,2026-01-16
U001967,PLN_STD,499.0,mid,163,2,regular,high,27,547.5,33,52,0.16666666666666696,5.5,0.0,0.0,0.0,2026-01-15,1,0.0,0.0,0.0,0,2026-01-16
U001968,PLN_STD,499.0,mid,139,1,premium,high,28,760.71,48,86,-0.16666666666666696,5.5,1.0,0.0,0.0,2026-01-15,1,0.0,0.0,0.0,0,2026-01-16
U001969,PLN_BASIC,299.0,low,46,2,value,high,27,238.91,22,27,-0.666666666666667,5.0,0.0,0.0,0.0,2026-01-15,1,1.0,0.0,0.0,0,2026-01-16
U001970,PLN_BASIC,299.0,low,218,2,value,high,28,134.19,9,11,-0.16666666666666696,5.5,0.0,0.0,0.0,2026-01-15,1,0.0,0.0,0.0,1,2026-01-16
U001971,PLN_PREM,799.0,high,48,2,regular,high,28,351.96999999999997,22,37,-0.16666666666666696,5.5,0.0,0.0,0.0,2026-01-15,1,2.0,1.0,0.0,0,2026-01-16
U001972,PLN_BASIC,299.0,low,25,3,value,high,25,243.10000000000002,19,24,-1.5,5.5,1.0,0.0,0.0,2026-01-15,1,0.0,0.0,0.0,0,2026-01-16
U001973,PLN_STD,499.0,mid,85,3,value,high,28,220.18,26,25,-0.16666666666666696,5.5,1.0,0.0,0.0,2026-01-15,1,1.0,1.0,0.0,0,2026-01-16
U001974,PLN_STD,499.0,mid,171,2,premium,high,28,197.78,17,21,-0.16666666666666696,5.5,0.0,0.0,0.0,2026-01-15,1,1.0,1.0,0.0,1,2026-01-16
U001975,PLN_STD,499.0,mid,116,1,regular,high,28,598.29,40,55,-0.16666666666666696,5.5,1.0,0.0,0.0,2026-01-15,1,0.0,0.0,0.0,0,2026-01-16
U001976,PLN_PREM,799.0,high,244,3,premium,high,28,720.17,45,63,-0.16666666666666696,5.5,0.0,0.0,0.0,2026-01-15,1,1.0,0.0,0.0,0,2026-01-16
U001977,PLN_PREM,799.0,high,23,2,regular,high,23,428.85,29,44,-0.5,5.5,1.0,0.0,0.0,2026-01-15,1,0.0,0.0,0.0,0,2026-01-16
U001978,PLN_STD,499.0,mid,171,1,value,high,28,190.21,18,17,-0.16666666666666696,5.5,0.0,0.0,0.0,2026-01-15,1,0.0,0.0,0.0,0,2026-01-16
U001979,PLN_PREM,799.0,high,242,2,premium,high,28,1664.942715610598,50,83,-0.16666666666666696,5.5,0.0,0.0,0.0,2026-01-15,1,0.0,0.0,0.0,0,2026-01-16
U001980,PLN_BASIC,299.0,low,57,2,value,high,28,168.9,14,11,-0.16666666666666696,5.5,1.0,1.0,1.0,2026-01-15,1,0.0,0.0,0.0,1,2026-01-16
U001981,PLN_BASIC,299.0,low,91,2,value,high,27,402.83,26,47,0.16666666666666696,5.5,0.0,0.0,0.0,2026-01-15,1,0.0,0.0,0.0,0,2026-01-16
U001982,PLN_PREM,799.0,high,100,1,premium,high,28,1725.458209153051,58,129,-0.16666666666666696,5.5,0.0,0.0,0.0,2026-01-15,1,0.0,0.0,0.0,0,2026-01-16
U001983,PLN_STD,499.0,mid,243,2,regular,high,28,514.3,27,52,-0.16666666666666696,5.5,0.0,0.0,0.0,2026-01-15,1,0.0,0.0,0.0,0,2026-01-16
U001984,PLN_PREM,799.0,high,68,1,premium,high,28,783.16,43,77,-0.16666666666666696,5.5,0.0,0.0,0.0,2026-01-15,1,1.0,0.0,0.0,0,2026-01-16
U001985,PLN_BASIC,299.0,low,97,1,value,high,28,193.8,15,16,-0.16666666666666696,5.5,0.0,0.0,0.0,2026-01-15,1,1.0,0.0,0.0,0,2026-01-16
U001986,PLN_STD,499.0,mid,57,1,premium,high,28,894.02,47,84,-0.16666666666666696,5.5,1.0,0.0,0.0,2026-01-15,1,0.0,0.0,0.0,1,2026-01-16
U001987,PLN_BASIC,299.0,low,49,3,regular,high,28,581.85,35,59,-0.16666666666666696,5.5,0.0,0.0,0.0,2026-01-15,1,0.0,0.0,0.0,0,2026-01-16
U001988,PLN_BASIC,299.0,low,203,2,regular,high,27,274.38,18,23,0.16666666666666696,5.5,1.0,0.0,0.0,2026-01-15,1,1.0,0.0,0.0,0,2026-01-16
U001989,PLN_PREM,799.0,high,204,2,premium,high,28,1029.78,65,99,-0.16666666666666696,5.5,1.0,0.0,0.0,2026-01-15,1,0.0,0.0,0.0,0,2026-01-16
U001990,PLN_BASIC,299.0,low,25,2,regular,high,24,452.55,26,52,-2.0,5.0,1.0,0.0,0.0,2026-01-15,1,0.0,0.0,0.0,0,2026-01-16
U001991,PLN_STD,499.0,mid,123,3,regular,high,27,386.21,17,35,-0.666666666666667,5.0,0.0,0.0,0.0,2026-01-15,1,0.0,0.0,0.0,1,2026-01-16
U001992,PLN_PREM,799.0,high,147,2,regular,high,28,0.0,0,0,-0.16666666666666696,5.5,0.0,0.0,0.0,2026-01-15,1,0.0,0.0,0.0,1,2026-01-16
U001993,PLN_BASIC,299.0,low,184,3,regular,high,28,407.35,32,46,-0.16666666666666696,5.5,1.0,0.0,0.0,2026-01-15,1,1.0,0.0,0.0,0,2026-01-16
U001994,PLN_STD,499.0,mid,96,2,premium,high,27,721.5799999999999,40,66,0.16666666666666696,5.5,0.0,0.0,0.0,2026-01-15,1,0.0,0.0,0.0,0,2026-01-16
U001995,PLN_STD,499.0,mid,67,1,regular,high,28,514.25,39,60,-0.16666666666666696,5.5,0.0,0.0,0.0,2026-01-15,1,1.0,0.0,0.0,0,2026-01-16
U001996,PLN_BASIC,299.0,low,256,2,value,high,28,377.17,31,39,-0.16666666666666696,5.5,0.0,0.0,0.0,2026-01-15,1,1.0,0.0,0.0,0,2026-01-16
U001997,PLN_BASIC,299.0,low,118,2,value,high,27,0.0,0,0,0.16666666666666696,5.5,0.0,0.0,0.0,2026-01-15,1,1.0,0.0,0.0,1,2026-01-16
U001998,PLN_STD,499.0,mid,7,3,premium,high,7,233.75,19,23,3.5,3.5,1.0,0.0,0.0,2026-01-15,1,0.0,0.0,0.0,0,2026-01-16
U001999,PLN_STD,499.0,mid,186,3,premium,high,28,1020.759440597241,23,67,-0.16666666666666696,5.5,0.0,0.0,0.0,2026-01-15,1,2.0,1.0,0.0,0,2026-01-16
U002000,PLN_STD,499.0,mid,186,2,premium,high,26,585.49,39,69,-0.33333333333333304,5.0,0.0,0.0,0.0,2026-01-15,1,0.0,0.0,0.0,0,2026-01-16
U002001,PLN_BASIC,299.0,low,36,3,value,high,27,232.04,21,24,0.16666666666666696,5.5,0.0,0.0,0.0,2026-01-15,1,0.0,0.0,0.0,0,2026-01-16
U002002,PLN_PREM,799.0,high,241,2,regular,high,28,0.0,0,0,-0.16666666666666696,5.5,0.0,0.0,0.0,2026-01-15,1,0.0,0.0,0.0,1,2026-01-16
U002003,PLN_STD,499.0,mid,157,2,regular,high,27,316.4,18,26,0.16666666666666696,5.5,0.0,0.0,0.0,2026-01-15,1,1.0,1.0,0.0,0,2026-01-16
U002004,PLN_BASIC,299.0,low,141,2,regular,high,27,446.19,33,37,-0.666666666666667,5.0,1.0,0.0,0.0,2026-01-15,1,1.0,0.0,0.0,0,2026-01-16
U002005,PLN_BASIC,299.0,low,56,1,value,high,28,44.27,3,5,-0.16666666666666696,5.5,0.0,0.0,0.0,2026-01-15,1,1.0,0.0,0.0,1,2026-01-16
U002006,PLN_BASIC,299.0,low,224,3,regular,high,28,401.02,24,38,-0.16666666666666696,5.5,0.0,0.0,0.0,2026-01-15,1,1.0,0.0,0.0,0,2026-01-16
U002007,PLN_STD,499.0,mid,148,1,value,high,28,0.0,0,0,-0.16666666666666696,5.5,0.0,0.0,0.0,2026-01-15,1,1.0,0.0,0.0,1,2026-01-16
U002008,PLN_STD,499.0,mid,218,2,regular,high,28,467.64,31,51,-0.16666666666666696,5.5,0.0,0.0,0.0,2026-01-15,1,1.0,0.0,0.0,0,2026-01-16
U002009,PLN_STD,499.0,mid,59,2,value,high,28,178.97,11,23,-0.16666666666666696,5.5,0.0,0.0,0.0,2026-01-15,1,1.0,0.0,0.0,1,2026-01-16
U002010,PLN_BASIC,299.0,low,98,1,value,high,28,209.28,19,24,-0.16666666666666696,5.5,0.0,0.0,0.0,2026-01-15,1,0.0,0.0,0.0,0,2026-01-16
U002011,PLN_BASIC,299.0,low,132,1,value,high,28,173.16,11,13,-0.16666666666666696,5.5,0.0,0.0,0.0,2026-01-15,1,0.0,0.0,0.0,0,2026-01-16
U002012,PLN_STD,499.0,mid,158,2,premium,high,28,0.0,0,0,-0.16666666666666696,5.5,0.0,0.0,0.0,2026-01-15,1,1.0,0.0,0.0,1,2026-01-16
U002013,PLN_STD,499.0,mid,218,1,regular,high,28,0.0,0,0,-0.16666666666666696,5.5,0.0,0.0,0.0,2026-01-15,1,1.0,0.0,0.0,1,2026-01-16
U002014,PLN_PREM,799.0,high,25,2,premium,high,25,646.58,34,80,-1.5,5.5,1.0,0.0,0.0,2026-01-15,1,1.0,0.0,0.0,1,2026-01-16
U002015,PLN_STD,499.0,mid,94,2,regular,high,28,0.0,0,0,-0.16666666666666696,5.5,0.0,0.0,0.0,2026-01-15,1,1.0,0.0,0.0,1,2026-01-16
U002016,PLN_STD,499.0,mid,176,1,regular,high,28,400.0,18,38,-0.16666666666666696,5.5,1.0,0.0,0.0,2026-01-15,1,2.0,0.0,0.0,0,2026-01-16
U002017,PLN_BASIC,299.0,low,153,1,value,high,28,245.43,19,27,-0.16666666666666696,5.5,0.0,0.0,0.0,2026-01-15,1,1.0,0.0,0.0,0,2026-01-16
U002018,PLN_PREM,799.0,high,74,3,regular,high,27,0.0,0,0,0.16666666666666696,5.5,0.0,0.0,0.0,2026-01-15,1,1.0,0.0,0.0,1,2026-01-16
U002019,PLN_BASIC,299.0,low,76,3,value,high,27,99.18,11,10,0.16666666666666696,5.5,0.0,0.0,0.0,2026-01-15,1,1.0,0.0,0.0,1,2026-01-16
U002020,PLN_BASIC,299.0,low,141,1,regular,high,28,647.14,39,77,-0.16666666666666696,5.5,1.0,0.0,0.0,2026-01-15,1,1.0,0.0,0.0,0,2026-01-16
U002021,PLN_BASIC,299.0,low,180,3,regular,high,28,558.82,36,53,-0.16666666666666696,5.5,1.0,0.0,0.0,2026-01-15,1,0.0,0.0,0.0,0,2026-01-16
U002022,PLN_PREM,799.0,high,91,2,premium,high,28,1037.33,47,89,-0.16666666666666696,5.5,0.0,0.0,0.0,2026-01-15,1,1.0,0.0,0.0,0,2026-01-16
U002023,PLN_BASIC,299.0,low,91,2,value,high,28,0.0,0,0,-0.16666666666666696,5.5,0.0,0.0,0.0,2026-01-15,1,0.0,0.0,0.0,1,2026-01-16
U002024,PLN_STD,499.0,mid,106,2,regular,high,28,583.24,33,61,-0.16666666666666696,5.5,0.0,0.0,0.0,2026-01-15,1,1.0,0.0,0.0,0,2026-01-16
U002025,PLN_STD,499.0,mid,238,2,value,high,27,217.24,16,20,0.16666666666666696,5.5,1.0,0.0,0.0,2026-01-15,1,1.0,0.0,0.0,0,2026-01-16
U002026,PLN_STD,499.0,mid,138,3,value,high,28,219.39,17,23,-0.16666666666666696,5.5,1.0,0.0,0.0,2026-01-15,1,2.0,0.0,0.0,0,2026-01-16
U002027,PLN_STD,499.0,mid,102,2,regular,high,28,0.0,0,0,-0.16666666666666696,5.5,0.0,0.0,0.0,2026-01-15,1,0.0,0.0,0.0,1,2026-01-16
U002028,PLN_STD,499.0,mid,18,2,regular,high,17,490.58,34,65,-2.0,5.0,1.0,0.0,0.0,2026-01-15,1,0.0,0.0,0.0,0,2026-01-16
U002029,PLN_BASIC,299.0,low,125,2,regular,high,28,409.42,26,44,-0.16666666666666696,5.5,1.0,0.0,0.0,2026-01-15,1,0.0,0.0,0.0,0,2026-01-16
U002030,PLN_STD,499.0,mid,170,1,value,high,28,263.58,18,30,-0.16666666666666696,5.5,0.0,0.0,0.0,2026-01-15,1,0.0,0.0,0.0,0,2026-01-16
U002031,PLN_PREM,799.0,high,117,2,premium,high,28,56.48,5,9,-0.16666666666666696,5.5,0.0,0.0,0.0,2026-01-15,1,1.0,0.0,0.0,1,2026-01-16
U002032,PLN_PREM,799.0,high,212,1,premium,high,27,0.0,0,0,-0.666666666666667,5.0,0.0,0.0,0.0,2026-01-15,1,0.0,0.0,0.0,1,2026-01-16
U002033,PLN_BASIC,299.0,low,234,2,regular,high,28,0.0,0,0,-0.16666666666666696,5.5,0.0,0.0,0.0,2026-01-15,1,1.0,0.0,0.0,1,2026-01-16
U002034,PLN_PREM,799.0,high,86,1,premium,high,28,1131.25,76,110,-0.16666666666666696,5.5,1.0,0.0,0.0,2026-01-15,1,1.0,0.0,0.0,0,2026-01-16
U002035,PLN_BASIC,299.0,low,9,1,value,high,9,28.99,2,3,4.5,4.5,0.0,0.0,0.0,2026-01-15,1,0.0,0.0,0.0,1,2026-01-16
U002036,PLN_BASIC,299.0,low,44,2,regular,high,28,651.1,37,61,-0.16666666666666696,5.5,0.0,0.0,0.0,2026-01-15,1,1.0,0.0,0.0,0,2026-01-16
U002037,PLN_STD,499.0,mid,110,2,premium,high,28,577.76,34,56,-0.16666666666666696,5.5,0.0,0.0,0.0,2026-01-15,1,1.0,0.0,0.0,0,2026-01-16
U002038,PLN_STD,499.0,mid,246,2,regular,high,27,0.0,0,0,-0.666666666666667,5.0,0.0,0.0,0.0,2026-01-15,1,0.0,0.0,0.0,1,2026-01-16
U002039,PLN_STD,499.0,mid,9,1,regular,high,8,146.4,9,16,4.0,4.0,1.0,0.0,0.0,2026-01-15,1,0.0,0.0,0.0,1,2026-01-16
U002040,PLN_PREM,799.0,high,144,2,regular,high,28,459.79,30,55,-0.16666666666666696,5.5,1.0,0.0,0.0,2026-01-15,1,1.0,0.0,0.0,0,2026-01-16
U002041,PLN_STD,499.0,mid,184,2,regular,high,27,628.48,36,75,0.16666666666666696,5.5,0.0,0.0,0.0,2026-01-15,1,0.0,0.0,0.0,0,2026-01-16
U002042,PLN_PREM,799.0,high,32,2,regular,high,28,517.88,37,49,-0.16666666666666696,5.5,0.0,0.0,0.0,2026-01-15,1,1.0,0.0,0.0,1,2026-01-16
U002043,PLN_STD,499.0,mid,69,2,value,high,27,254.9,26,25,0.16666666666666696,5.5,0.0,0.0,0.0,2026-01-15,1,0.0,0.0,0.0,0,2026-01-16
U002044,PLN_BASIC,299.0,low,68,2,value,high,28,274.46999999999997,21,43,-0.16666666666666696,5.5,0.0,0.0,0.0,2026-01-15,1,0.0,0.0,0.0,0,2026-01-16
U002045,PLN_BASIC,299.0,low,187,2,regular,high,28,378.61,27,37,-0.16666666666666696,5.5,0.0,0.0,0.0,2026-01-15,1,0.0,0.0,0.0,0,2026-01-16
U002046,PLN_STD,499.0,mid,8,3,regular,high,8,98.33,6,17,4.0,4.0,1.0,0.0,0.0,2026-01-15,1,0.0,0.0,0.0,0,2026-01-16
U002047,PLN_STD,499.0,mid,143,3,regular,high,28,441.36,27,43,-0.16666666666666696,5.5,1.0,0.0,0.0,2026-01-15,1,1.0,0.0,0.0,0,2026-01-16
U002048,PLN_PREM,799.0,high,123,2,premium,high,28,1069.67,54,98,-0.16666666666666696,5.5,1.0,0.0,0.0,2026-01-15,1,0.0,0.0,0.0,0,2026-01-16
U002049,PLN_STD,499.0,mid,68,2,regular,high,28,877.57,46,76,-0.16666666666666696,5.5,0.0,0.0,0.0,2026-01-15,1,1.0,0.0,0.0,0,2026-01-16
U002050,PLN_PREM,799.0,high,91,1,regular,high,28,542.07,34,58,-0.16666666666666696,5.5,1.0,0.0,0.0,2026-01-15,1,0.0,0.0,0.0,0,2026-01-16
U002051,PLN_BASIC,299.0,low,213,3,regular,high,28,422.16999999999996,29,46,-0.16666666666666696,5.5,0.0,0.0,0.0,2026-01-15,1,1.0,1.0,0.0,0,2026-01-16
U002052,PLN_STD,499.0,mid,181,2,regular,high,27,553.85,40,62,0.16666666666666696,5.5,0.0,0.0,0.0,2026-01-15,1,0.0,0.0,0.0,0,2026-01-16
U002053,PLN_PREM,799.0,high,166,2,regular,high,27,488.26,28,54,0.16666666666666696,5.5,0.0,0.0,0.0,2026-01-15,1,0.0,0.0,0.0,0,2026-01-16
U002054,PLN_STD,499.0,mid,19,3,regular,high,19,222.70000000000002,17,16,1.5,5.5,1.0,0.0,0.0,2026-01-15,1,0.0,0.0,0.0,1,2026-01-16
U002055,PLN_BASIC,299.0,low,77,2,regular,high,28,426.09000000000003,23,34,-0.16666666666666696,5.5,0.0,0.0,0.0,2026-01-15,1,2.0,0.0,0.0,0,2026-01-16
U002056,PLN_STD,499.0,mid,165,1,regular,high,27,666.84,42,79,0.16666666666666696,5.5,0.0,0.0,0.0,2026-01-15,1,0.0,0.0,0.0,0,2026-01-16
U002057,PLN_STD,499.0,mid,72,1,regular,high,28,806.82,46,84,-0.16666666666666696,5.5,0.0,0.0,0.0,2026-01-15,1,0.0,0.0,0.0,0,2026-01-16
U002058,PLN_BASIC,299.0,low,71,1,regular,high,28,295.92,18,26,-0.16666666666666696,5.5,0.0,0.0,0.0,2026-01-15,1,0.0,0.0,0.0,0,2026-01-16
U002059,PLN_BASIC,299.0,low,158,2,value,high,27,0.0,0,0,0.16666666666666696,5.5,0.0,0.0,0.0,2026-01-15,1,1.0,0.0,0.0,1,2026-01-16
U002060,PLN_STD,499.0,mid,155,1,regular,high,28,464.46999999999997,36,59,-0.16666666666666696,5.5,1.0,0.0,0.0,2026-01-15,1,2.0,0.0,0.0,0,2026-01-16
U002061,PLN_BASIC,299.0,low,32,3,regular,high,28,686.49,43,68,-0.16666666666666696,5.5,1.0,0.0,0.0,2026-01-15,1,0.0,0.0,0.0,0,2026-01-16
U002062,PLN_BASIC,299.0,low,115,3,value,high,28,0.0,0,0,-0.16666666666666696,5.5,0.0,0.0,0.0,2026-01-15,1,0.0,0.0,0.0,1,2026-01-16
U002063,PLN_STD,499.0,mid,219,2,regular,high,28,513.98,34,60,-0.16666666666666696,5.5,0.0,0.0,0.0,2026-01-15,1,1.0,0.0,0.0,0,2026-01-16
U002064,PLN_BASIC,299.0,low,76,2,regular,high,28,0.0,0,0,-0.16666666666666696,5.5,0.0,0.0,0.0,2026-01-15,1,0.0,0.0,0.0,1,2026-01-16
U002065,PLN_STD,499.0,mid,109,2,regular,high,27,0.0,0,0,0.16666666666666696,5.5,0.0,0.0,0.0,2026-01-15,1,0.0,0.0,0.0,1,2026-01-16
U002066,PLN_BASIC,299.0,low,129,1,regular,high,26,0.0,0,0,0.5,5.5,0.0,0.0,0.0,2026-01-15,1,0.0,0.0,0.0,1,2026-01-16
U002067,PLN_STD,499.0,mid,74,2,value,high,28,242.22,22,23,-0.16666666666666696,5.5,0.0,0.0,0.0,2026-01-15,1,1.0,0.0,0.0,0,2026-01-16
U002068,PLN_BASIC,299.0,low,29,1,value,high,28,210.57999999999998,15,36,-0.16666666666666696,5.5,1.0,0.0,0.0,2026-01-15,1,1.0,0.0,0.0,0,2026-01-16
U002069,PLN_BASIC,299.0,low,174,1,value,high,28,0.0,0,0,-0.16666666666666696,5.5,0.0,0.0,0.0,2026-01-15,1,1.0,0.0,0.0,1,2026-01-16
U002070,PLN_STD,499.0,mid,151,2,regular,high,28,552.41,34,68,-0.16666666666666696,5.5,1.0,0.0,0.0,2026-01-15,1,0.0,0.0,0.0,0,2026-01-16
U002071,PLN_BASIC,299.0,low,209,1,regular,high,27,240.42000000000002,15,29,0.16666666666666696,5.5,2.0,1.0,0.5,2026-01-15,1,0.0,0.0,0.0,0,2026-01-16
U002072,PLN_BASIC,299.0,low,94,2,regular,high,28,219.99,16,25,-0.16666666666666696,5.5,0.0,0.0,0.0,2026-01-15,1,1.0,0.0,0.0,0,2026-01-16
U002073,PLN_BASIC,299.0,low,155,2,regular,high,28,251.61,17,26,-0.16666666666666696,5.5,1.0,0.0,0.0,2026-01-15,1,2.0,1.0,0.0,1,2026-01-16
U002074,PLN_BASIC,299.0,low,171,3,value,high,27,191.6,15,17,0.16666666666666696,5.5,0.0,0.0,0.0,2026-01-15,1,1.0,0.0,0.0,0,2026-01-16
U002075,PLN_BASIC,299.0,low,82,2,value,high,28,260.57,17,32,-0.16666666666666696,5.5,1.0,0.0,0.0,2026-01-15,1,1.0,0.0,0.0,0,2026-01-16
U002076,PLN_BASIC,299.0,low,154,3,value,high,28,262.53,15,22,-0.16666666666666696,5.5,0.0,0.0,0.0,2026-01-15,1,1.0,0.0,0.0,0,2026-01-16
U002077,PLN_BASIC,299.0,low,140,2,regular,high,28,480.43,22,57,-0.16666666666666696,5.5,0.0,0.0,0.0,2026-01-15,1,1.0,0.0,0.0,0,2026-01-16
U002078,PLN_BASIC,299.0,low,146,3,value,high,28,0.0,0,0,-0.16666666666666696,5.5,0.0,0.0,0.0,2026-01-15,1,1.0,1.0,0.0,1,2026-01-16
U002079,PLN_PREM,799.0,high,192,2,regular,high,28,417.82,25,39,-0.16666666666666696,5.5,0.0,0.0,0.0,2026-01-15,1,2.0,0.0,0.0,0,2026-01-16
U002080,PLN_STD,499.0,mid,225,1,regular,high,28,521.9200000000001,26,52,-0.16666666666666696,5.5,0.0,0.0,0.0,2026-01-15,1,2.0,0.0,0.0,0,2026-01-16
U002081,PLN_STD,499.0,mid,49,3,regular,high,27,551.39,32,43,-0.666666666666667,5.0,0.0,0.0,0.0,2026-01-15,1,1.0,0.0,0.0,0,2026-01-16
U002082,PLN_BASIC,299.0,low,233,2,value,high,27,226.57,15,32,0.16666666666666696,5.5,1.0,0.0,0.0,2026-01-15,1,1.0,0.0,0.0,0,2026-01-16
U002083,PLN_BASIC,299.0,low,175,1,value,high,28,0.0,0,0,-0.16666666666666696,5.5,0.0,0.0,0.0,2026-01-15,1,0.0,0.0,0.0,1,2026-01-16
U002084,PLN_BASIC,299.0,low,89,1,regular,high,28,505.9,37,60,-0.16666666666666696,5.5,1.0,0.0,0.0,2026-01-15,1,2.0,0.0,0.0,0,2026-01-16
U002085,PLN_BASIC,299.0,low,224,2,regular,high,28,655.49,39,65,-0.16666666666666696,5.5,0.0,0.0,0.0,2026-01-15,1,1.0,0.0,0.0,0,2026-01-16
U002086,PLN_BASIC,299.0,low,92,2,value,high,28,168.97,10,19,-0.16666666666666696,5.5,1.0,0.0,0.0,2026-01-15,1,1.0,0.0,0.0,0,2026-01-16
U002087,PLN_PREM,799.0,high,73,2,premium,high,28,859.81,43,82,-0.16666666666666696,5.5,0.0,0.0,0.0,2026-01-15,1,0.0,0.0,0.0,0,2026-01-16
U002088,PLN_BASIC,299.0,low,90,3,regular,high,28,758.34,43,73,-0.16666666666666696,5.5,1.0,0.0,0.0,2026-01-15,1,0.0,0.0,0.0,0,2026-01-16
U002089,PLN_STD,499.0,mid,180,2,regular,high,26,347.09999999999997,17,35,0.5,5.5,1.0,0.0,0.0,2026-01-15,1,0.0,0.0,0.0,0,2026-01-16
U002090,PLN_BASIC,299.0,low,252,2,value,high,28,215.05,11,23,-0.16666666666666696,5.5,0.0,0.0,0.0,2026-01-15,1,0.0,0.0,0.0,0,2026-01-16
U002091,PLN_BASIC,299.0,low,34,2,value,high,28,314.13,25,36,-0.16666666666666696,5.5,1.0,0.0,0.0,2026-01-15,1,1.0,0.0,0.0,0,2026-01-16
U002092,PLN_BASIC,299.0,low,175,3,value,high,28,181.53,12,28,-0.16666666666666696,5.5,1.0,1.0,1.0,2026-01-15,1,0.0,0.0,0.0,0,2026-01-16
U002093,PLN_BASIC,299.0,low,54,1,value,high,28,104.67999999999999,7,14,-0.16666666666666696,5.5,1.0,1.0,1.0,2026-01-15,1,0.0,0.0,0.0,1,2026-01-16
U002094,PLN_BASIC,299.0,low,207,1,regular,high,27,530.92,33,60,-0.666666666666667,5.0,1.0,0.0,0.0,2026-01-15,1,0.0,0.0,0.0,0,2026-01-16
U002095,PLN_STD,499.0,mid,216,2,regular,high,28,450.23,26,40,-0.16666666666666696,5.5,0.0,0.0,0.0,2026-01-15,1,1.0,0.0,0.0,0,2026-01-16
U002096,PLN_PREM,799.0,high,61,2,premium,high,28,627.9,41,82,-0.16666666666666696,5.5,1.0,0.0,0.0,2026-01-15,1,0.0,0.0,0.0,0,2026-01-16
U002097,PLN_PREM,799.0,high,21,3,premium,high,20,572.87,28,61,0.0,5.0,2.0,1.0,0.5,2026-01-15,1,0.0,0.0,0.0,0,2026-01-16
U002098,PLN_BASIC,299.0,low,40,2,value,high,28,362.75,29,40,-0.16666666666666696,5.5,0.0,0.0,0.0,2026-01-15,1,0.0,0.0,0.0,0,2026-01-16
U002099,PLN_STD,499.0,mid,68,3,value,high,28,118.31,9,9,-0.16666666666666696,5.5,0.0,0.0,0.0,2026-01-15,1,1.0,0.0,0.0,0,2026-01-16
U002100,PLN_PREM,799.0,high,195,2,regular,high,28,593.89,34,61,-0.16666666666666696,5.5,0.0,0.0,0.0,2026-01-15,1,0.0,0.0,0.0,0,2026-01-16
U002101,PLN_PREM,799.0,high,27,1,premium,high,27,738.61,41,81,0.16666666666666696,5.5,1.0,0.0,0.0,2026-01-15,1,0.0,0.0,0.0,0,2026-01-16
U002102,PLN_PREM,799.0,high,89,1,premium,high,28,957.53,57,96,-0.16666666666666696,5.5,1.0,0.0,0.0,2026-01-15,1,0.0,0.0,0.0,0,2026-01-16
U002103,PLN_BASIC,299.0,low,213,1,value,high,27,262.21000000000004,17,24,-0.666666666666667,5.0,0.0,0.0,0.0,2026-01-15,1,1.0,0.0,0.0,0,2026-01-16
U002104,PLN_BASIC,299.0,low,224,2,value,high,28,279.9,14,35,-0.16666666666666696,5.5,0.0,0.0,0.0,2026-01-15,1,2.0,0.0,0.0,0,2026-01-16
U002105,PLN_STD,499.0,mid,38,2,value,high,28,251.95999999999998,22,36,-0.16666666666666696,5.5,0.0,0.0,0.0,2026-01-15,1,0.0,0.0,0.0,0,2026-01-16
U002106,PLN_BASIC,299.0,low,187,2,regular,high,27,436.21,28,37,-0.666666666666667,5.0,0.0,0.0,0.0,2026-01-15,1,1.0,0.0,0.0,0,2026-01-16
U002107,PLN_STD,499.0,mid,64,2,regular,high,28,330.58,23,35,-0.16666666666666696,5.5,0.0,0.0,0.0,2026-01-15,1,1.0,0.0,0.0,1,2026-01-16
U002108,PLN_STD,499.0,mid,222,2,regular,high,28,0.0,0,0,-0.16666666666666696,5.5,0.0,0.0,0.0,2026-01-15,1,0.0,0.0,0.0,1,2026-01-16
U002109,PLN_STD,499.0,mid,186,2,regular,high,28,0.0,0,0,-0.16666666666666696,5.5,0.0,0.0,0.0,2026-01-15,1,0.0,0.0,0.0,1,2026-01-16
U002110,PLN_STD,499.0,mid,185,2,value,high,28,0.0,0,0,-0.16666666666666696,5.5,0.0,0.0,0.0,2026-01-15,1,0.0,0.0,0.0,1,2026-01-16
U002111,PLN_STD,499.0,mid,186,2,regular,high,27,606.52,41,57,-0.666666666666667,5.0,0.0,0.0,0.0,2026-01-15,1,0.0,0.0,0.0,0,2026-01-16
U002112,PLN_BASIC,299.0,low,87,2,value,high,26,183.54000000000002,11,25,0.5,5.5,1.0,0.0,0.0,2026-01-15,1,1.0,0.0,0.0,0,2026-01-16
U002113,PLN_BASIC,299.0,low,27,2,regular,high,27,320.84000000000003,23,33,0.16666666666666696,5.5,1.0,0.0,0.0,2026-01-15,1,0.0,0.0,0.0,1,2026-01-16
U002114,PLN_STD,499.0,mid,28,2,regular,high,28,580.89,36,64,-0.16666666666666696,5.5,1.0,0.0,0.0,2026-01-15,1,0.0,0.0,0.0,0,2026-01-16
U002115,PLN_STD,499.0,mid,70,2,regular,high,27,342.04,19,33,-0.666666666666667,5.0,0.0,0.0,0.0,2026-01-15,1,0.0,0.0,0.0,0,2026-01-16
U002116,PLN_BASIC,299.0,low,206,2,value,high,28,5.69,1,1,-0.16666666666666696,5.5,0.0,0.0,0.0,2026-01-15,1,0.0,0.0,0.0,1,2026-01-16
U002117,PLN_BASIC,299.0,low,15,2,regular,high,15,217.18,18,23,1.5,5.5,1.0,0.0,0.0,2026-01-15,1,0.0,0.0,0.0,0,2026-01-16
U002118,PLN_STD,499.0,mid,120,2,regular,high,28,0.0,0,0,-0.16666666666666696,5.5,0.0,0.0,0.0,2026-01-15,1,0.0,0.0,0.0,1,2026-01-16
U002119,PLN_STD,499.0,mid,119,1,value,high,28,166.1,13,20,-0.16666666666666696,5.5,1.0,0.0,0.0,2026-01-15,1,1.0,0.0,0.0,0,2026-01-16
U002120,PLN_BASIC,299.0,low,80,2,value,high,28,229.59,24,27,-0.16666666666666696,5.5,1.0,0.0,0.0,2026-01-15,1,1.0,0.0,0.0,0,2026-01-16
U002121,PLN_STD,499.0,mid,63,3,regular,high,28,614.73,36,68,-0.16666666666666696,5.5,0.0,0.0,0.0,2026-01-15,1,0.0,0.0,0.0,0,2026-01-16
U002122,PLN_STD,499.0,mid,17,1,value,high,17,159.74,15,16,-0.5,5.5,2.0,1.0,0.5,2026-01-15,1,0.0,0.0,0.0,0,2026-01-16
U002123,PLN_BASIC,299.0,low,110,3,value,high,28,76.31,8,8,-0.16666666666666696,5.5,0.0,0.0,0.0,2026-01-15,1,1.0,1.0,0.0,1,2026-01-16
U002124,PLN_BASIC,299.0,low,103,1,value,high,28,0.0,0,0,-0.16666666666666696,5.5,0.0,0.0,0.0,2026-01-15,1,0.0,0.0,0.0,1,2026-01-16
U002125,PLN_BASIC,299.0,low,69,2,value,high,28,104.56,10,11,-0.16666666666666696,5.5,0.0,0.0,0.0,2026-01-15,1,1.0,0.0,0.0,1,2026-01-16
U002126,PLN_STD,499.0,mid,192,2,regular,high,28,587.41,35,57,-0.16666666666666696,5.5,0.0,0.0,0.0,2026-01-15,1,1.0,0.0,0.0,0,2026-01-16
U002127,PLN_BASIC,299.0,low,179,1,regular,high,27,457.98,29,52,0.16666666666666696,5.5,1.0,0.0,0.0,2026-01-15,1,1.0,0.0,0.0,0,2026-01-16
U002128,PLN_BASIC,299.0,low,100,3,value,high,28,150.28,10,24,-0.16666666666666696,5.5,0.0,0.0,0.0,2026-01-15,1,0.0,0.0,0.0,0,2026-01-16
U002129,PLN_BASIC,299.0,low,240,2,regular,high,28,602.35,39,57,-0.16666666666666696,5.5,1.0,0.0,0.0,2026-01-15,1,2.0,1.0,0.0,0,2026-01-16
U002130,PLN_BASIC,299.0,low,176,3,value,high,28,0.0,0,0,-0.16666666666666696,5.5,0.0,0.0,0.0,2026-01-15,1,0.0,0.0,0.0,1,2026-01-16
U002131,PLN_BASIC,299.0,low,76,2,value,high,28,252.28,17,24,-0.16666666666666696,5.5,2.0,1.0,0.5,2026-01-15,1,1.0,1.0,0.0,0,2026-01-16
U002132,PLN_BASIC,299.0,low,11,3,value,high,11,131.52,9,23,5.5,5.5,1.0,0.0,0.0,2026-01-15,1,0.0,0.0,0.0,0,2026-01-16
U002133,PLN_PREM,799.0,high,126,3,regular,high,27,608.39,40,71,0.16666666666666696,5.5,0.0,0.0,0.0,2026-01-15,1,0.0,0.0,0.0,0,2026-01-16
U002134,PLN_PREM,799.0,high,156,2,premium,high,28,655.37,45,60,-0.16666666666666696,5.5,0.0,0.0,0.0,2026-01-15,1,0.0,0.0,0.0,0,2026-01-16
U002135,PLN_PREM,799.0,high,146,1,regular,high,28,720.19,38,76,-0.16666666666666696,5.5,1.0,0.0,0.0,2026-01-15,1,1.0,0.0,0.0,0,2026-01-16
U002136,PLN_BASIC,299.0,low,84,2,value,high,28,15.42,1,2,-0.16666666666666696,5.5,0.0,0.0,0.0,2026-01-15,1,1.0,0.0,0.0,1,2026-01-16
U002137,PLN_BASIC,299.0,low,120,2,value,high,26,266.42,18,28,-0.33333333333333304,5.0,1.0,0.0,0.0,2026-01-15,1,0.0,0.0,0.0,0,2026-01-16
U002138,PLN_BASIC,299.0,low,251,3,value,high,28,211.82,14,27,-0.16666666666666696,5.5,0.0,0.0,0.0,2026-01-15,1,2.0,0.0,0.0,1,2026-01-16
U002139,PLN_BASIC,299.0,low,121,2,regular,high,27,391.38,23,47,-0.666666666666667,5.0,1.0,0.0,0.0,2026-01-14,2,2.0,0.0,0.0,0,2026-01-16
U002140,PLN_STD,499.0,mid,156,2,value,high,26,169.02,15,20,-0.33333333333333304,5.0,0.0,0.0,0.0,2026-01-15,1,1.0,0.0,0.0,0,2026-01-16
U002141,PLN_STD,499.0,mid,81,1,premium,high,28,824.21,46,75,-0.16666666666666696,5.5,1.0,0.0,0.0,2026-01-15,1,1.0,0.0,0.0,0,2026-01-16
U002142,PLN_BASIC,299.0,low,37,2,regular,high,27,454.38,34,48,-0.666666666666667,5.0,0.0,0.0,0.0,2026-01-15,1,0.0,0.0,0.0,0,2026-01-16
U002143,PLN_STD,499.0,mid,15,3,regular,high,15,136.85,8,11,1.5,5.5,1.0,0.0,0.0,2026-01-15,1,1.0,0.0,0.0,1,2026-01-16
U002144,PLN_BASIC,299.0,low,103,1,regular,high,27,225.84,15,21,0.16666666666666696,5.5,0.0,0.0,0.0,2026-01-15,1,1.0,0.0,0.0,1,2026-01-16
U002145,PLN_BASIC,299.0,low,165,2,value,high,27,203.92,14,18,-0.666666666666667,5.0,0.0,0.0,0.0,2026-01-15,1,2.0,1.0,0.0,0,2026-01-16
U002146,PLN_STD,499.0,mid,145,3,regular,high,28,525.45,45,59,-0.16666666666666696,5.5,1.0,0.0,0.0,2026-01-15,1,0.0,0.0,0.0,0,2026-01-16
U002147,PLN_BASIC,299.0,low,212,1,value,high,28,268.71,23,43,-0.16666666666666696,5.5,0.0,0.0,0.0,2026-01-15,1,2.0,0.0,0.0,0,2026-01-16
U002148,PLN_BASIC,299.0,low,22,1,regular,high,21,619.5,34,64,0.5,5.5,1.0,0.0,0.0,2026-01-15,1,0.0,0.0,0.0,0,2026-01-16
U002149,PLN_BASIC,299.0,low,44,2,regular,high,28,599.01,32,60,-0.16666666666666696,5.5,0.0,0.0,0.0,2026-01-15,1,2.0,0.0,0.0,0,2026-01-16
U002150,PLN_BASIC,299.0,low,42,2,value,high,28,390.21,30,45,-0.16666666666666696,5.5,0.0,0.0,0.0,2026-01-15,1,0.0,0.0,0.0,0,2026-01-16
U002151,PLN_PREM,799.0,high,174,1,regular,high,28,608.2099999999999,33,68,-0.16666666666666696,5.5,1.0,0.0,0.0,2026-01-15,1,0.0,0.0,0.0,0,2026-01-16
U002152,PLN_STD,499.0,mid,176,3,value,high,28,183.82,9,20,-0.16666666666666696,5.5,1.0,0.0,0.0,2026-01-15,1,0.0,0.0,0.0,0,2026-01-16
U002153,PLN_BASIC,299.0,low,41,2,value,high,28,69.25,6,5,-0.16666666666666696,5.5,0.0,0.0,0.0,2026-01-15,1,1.0,1.0,0.0,1,2026-01-16
U002154,PLN_BASIC,299.0,low,120,3,regular,high,28,0.0,0,0,-0.16666666666666696,5.5,0.0,0.0,0.0,2026-01-15,1,1.0,0.0,0.0,1,2026-01-16
U002155,PLN_STD,499.0,mid,80,3,regular,high,27,385.99,26,46,-0.666666666666667,5.0,1.0,0.0,0.0,2026-01-15,1,1.0,0.0,0.0,0,2026-01-16
U002156,PLN_PREM,799.0,high,134,3,premium,high,27,946.0600000000001,48,85,-0.666666666666667,5.0,0.0,0.0,0.0,2026-01-15,1,1.0,0.0,0.0,0,2026-01-16
U002157,PLN_STD,499.0,mid,145,2,regular,high,27,305.84,22,25,0.16666666666666696,5.5,1.0,0.0,0.0,2026-01-15,1,1.0,0.0,0.0,0,2026-01-16
U002158,PLN_STD,499.0,mid,98,2,regular,high,27,153.91,15,14,0.16666666666666696,5.5,0.0,0.0,0.0,2026-01-15,1,0.0,0.0,0.0,1,2026-01-16
U002159,PLN_BASIC,299.0,low,52,2,value,high,28,277.83,17,37,-0.16666666666666696,5.5,1.0,0.0,0.0,2026-01-15,1,2.0,1.0,0.0,0,2026-01-16
U002160,PLN_BASIC,299.0,low,173,1,value,high,28,170.10999999999999,12,25,-0.16666666666666696,5.5,1.0,0.0,0.0,2026-01-15,1,1.0,0.0,0.0,0,2026-01-16
U002161,PLN_PREM,799.0,high,53,2,premium,high,28,779.15,42,99,-0.16666666666666696,5.5,2.0,1.0,0.5,2026-01-15,1,2.0,0.0,0.0,0,2026-01-16
U002162,PLN_STD,499.0,mid,195,1,value,high,28,311.16,19,25,-0.16666666666666696,5.5,0.0,0.0,0.0,2026-01-15,1,1.0,0.0,0.0,0,2026-01-16
U002163,PLN_STD,499.0,mid,155,2,regular,high,28,473.32,27,47,-0.16666666666666696,5.5,0.0,0.0,0.0,2026-01-15,1,2.0,0.0,0.0,0,2026-01-16
U002164,PLN_BASIC,299.0,low,27,1,value,high,27,170.11,11,19,0.16666666666666696,5.5,1.0,0.0,0.0,2026-01-15,1,0.0,0.0,0.0,0,2026-01-16
U002165,PLN_BASIC,299.0,low,17,2,value,high,17,242.19,17,33,-0.5,5.5,1.0,1.0,1.0,2026-01-15,1,0.0,0.0,0.0,1,2026-01-16
U002166,PLN_BASIC,299.0,low,25,1,regular,high,24,565.7,37,51,-1.0,5.5,2.0,1.0,0.5,2026-01-15,1,0.0,0.0,0.0,0,2026-01-16
U002167,PLN_BASIC,299.0,low,177,2,regular,high,27,714.46,37,65,0.16666666666666696,5.5,1.0,0.0,0.0,2026-01-15,1,1.0,1.0,0.0,0,2026-01-16
U002168,PLN_PREM,799.0,high,45,3,regular,high,28,554.4300000000001,33,62,-0.16666666666666696,5.5,0.0,0.0,0.0,2026-01-15,1,1.0,0.0,0.0,0,2026-01-16
U002169,PLN_STD,499.0,mid,22,1,premium,high,22,475.53,23,53,0.0,5.5,2.0,1.0,0.5,2026-01-15,1,0.0,0.0,0.0,0,2026-01-16
U002170,PLN_BASIC,299.0,low,11,3,value,high,11,52.86,4,5,5.5,5.5,1.0,0.0,0.0,2026-01-15,1,0.0,0.0,0.0,0,2026-01-16
U002171,PLN_BASIC,299.0,low,251,3,regular,high,28,460.72,30,55,-0.16666666666666696,5.5,0.0,0.0,0.0,2026-01-15,1,1.0,0.0,0.0,0,2026-01-16
U002172,PLN_BASIC,299.0,low,70,2,value,high,28,34.96,2,4,-0.16666666666666696,5.5,0.0,0.0,0.0,2026-01-15,1,1.0,0.0,0.0,1,2026-01-16
U002173,PLN_BASIC,299.0,low,6,2,regular,high,6,34.67,3,5,3.0,3.0,1.0,0.0,0.0,2026-01-15,1,0.0,0.0,0.0,0,2026-01-16
U002174,PLN_BASIC,299.0,low,65,2,value,high,28,246.88,16,26,-0.16666666666666696,5.5,1.0,0.0,0.0,2026-01-15,1,1.0,0.0,0.0,0,2026-01-16
U002175,PLN_STD,499.0,mid,198,1,regular,high,28,601.86,38,55,-0.16666666666666696,5.5,0.0,0.0,0.0,2026-01-15,1,0.0,0.0,0.0,0,2026-01-16
U002176,PLN_BASIC,299.0,low,65,2,value,high,27,342.71,22,32,-0.666666666666667,5.0,0.0,0.0,0.0,2026-01-15,1,1.0,0.0,0.0,0,2026-01-16
U002177,PLN_PREM,799.0,high,230,1,regular,high,28,414.93,23,39,-0.16666666666666696,5.5,1.0,0.0,0.0,2026-01-15,1,0.0,0.0,0.0,0,2026-01-16
U002178,PLN_STD,499.0,mid,136,3,regular,high,28,832.81,43,84,-0.16666666666666696,5.5,0.0,0.0,0.0,2026-01-15,1,2.0,0.0,0.0,0,2026-01-16
U002179,PLN_PREM,799.0,high,99,3,premium,high,28,0.0,0,0,-0.16666666666666696,5.5,0.0,0.0,0.0,2026-01-15,1,0.0,0.0,0.0,1,2026-01-16
U002180,PLN_STD,499.0,mid,142,3,value,high,28,239.16,19,33,-0.16666666666666696,5.5,1.0,0.0,0.0,2026-01-15,1,0.0,0.0,0.0,0,2026-01-16
U002181,PLN_STD,499.0,mid,81,2,premium,high,28,1033.86,65,113,-0.16666666666666696,5.5,1.0,0.0,0.0,2026-01-15,1,2.0,0.0,0.0,0,2026-01-16
U002182,PLN_BASIC,299.0,low,196,2,value,high,28,0.0,0,0,-0.16666666666666696,5.5,0.0,0.0,0.0,2026-01-15,1,1.0,0.0,0.0,1,2026-01-16
U002183,PLN_BASIC,299.0,low,104,3,value,high,28,131.05,11,14,-0.16666666666666696,5.5,0.0,0.0,0.0,2026-01-15,1,2.0,0.0,0.0,0,2026-01-16
U002184,PLN_BASIC,299.0,low,95,1,value,high,28,176.18,10,19,-0.16666666666666696,5.5,1.0,0.0,0.0,2026-01-15,1,0.0,0.0,0.0,1,2026-01-16
U002185,PLN_BASIC,299.0,low,97,1,value,high,28,0.0,0,0,-0.16666666666666696,5.5,0.0,0.0,0.0,2026-01-15,1,1.0,0.0,0.0,1,2026-01-16
U002186,PLN_BASIC,299.0,low,184,2,regular,high,28,923.64,68,85,-0.16666666666666696,5.5,0.0,0.0,0.0,2026-01-15,1,1.0,0.0,0.0,0,2026-01-16
U002187,PLN_BASIC,299.0,low,180,2,value,high,27,212.99,14,19,0.16666666666666696,5.5,1.0,0.0,0.0,2026-01-15,1,0.0,0.0,0.0,0,2026-01-16
U002188,PLN_BASIC,299.0,low,192,2,regular,high,28,553.29,34,55,-0.16666666666666696,5.5,0.0,0.0,0.0,2026-01-15,1,1.0,0.0,0.0,0,2026-01-16
U002189,PLN_BASIC,299.0,low,141,1,regular,high,28,70.22,4,7,-0.16666666666666696,5.5,0.0,0.0,0.0,2026-01-15,1,0.0,0.0,0.0,1,2026-01-16
U002190,PLN_STD,499.0,mid,109,2,regular,high,28,504.18,29,48,-0.16666666666666696,5.5,1.0,0.0,0.0,2026-01-15,1,2.0,1.0,0.0,0,2026-01-16
U002191,PLN_PREM,799.0,high,166,2,regular,high,28,0.0,0,0,-0.16666666666666696,5.5,0.0,0.0,0.0,2026-01-15,1,0.0,0.0,0.0,1,2026-01-16
U002192,PLN_STD,499.0,mid,154,1,regular,high,28,500.65,33,48,-0.16666666666666696,5.5,1.0,0.0,0.0,2026-01-15,1,0.0,0.0,0.0,0,2026-01-16
U002193,PLN_BASIC,299.0,low,185,1,value,high,28,0.0,0,0,-0.16666666666666696,5.5,0.0,0.0,0.0,2026-01-15,1,0.0,0.0,0.0,1,2026-01-16
U002194,PLN_STD,499.0,mid,202,2,regular,high,28,667.47,42,67,-0.16666666666666696,5.5,1.0,0.0,0.0,2026-01-15,1,0.0,0.0,0.0,0,2026-01-16
U002195,PLN_STD,499.0,mid,91,3,value,high,27,192.87,14,24,-0.666666666666667,5.0,1.0,0.0,0.0,2026-01-15,1,0.0,0.0,0.0,0,2026-01-16
U002196,PLN_BASIC,299.0,low,52,2,value,high,27,95.13,11,9,-0.666666666666667,5.0,1.0,0.0,0.0,2026-01-15,1,1.0,0.0,0.0,0,2026-01-16
U002197,PLN_BASIC,299.0,low,184,2,value,high,28,233.69,20,19,-0.16666666666666696,5.5,0.0,0.0,0.0,2026-01-15,1,2.0,1.0,0.0,0,2026-01-16
U002198,PLN_BASIC,299.0,low,40,3,regular,high,28,662.8,37,69,-0.16666666666666696,5.5,0.0,0.0,0.0,2026-01-15,1,2.0,0.0,0.0,0,2026-01-16
U002199,PLN_BASIC,299.0,low,113,2,value,high,28,79.58,5,3,-0.16666666666666696,5.5,0.0,0.0,0.0,2026-01-15,1,0.0,0.0,0.0,1,2026-01-16
U002200,PLN_STD,499.0,mid,214,3,regular,high,27,283.75,19,28,-0.666666666666667,5.0,0.0,0.0,0.0,2026-01-15,1,0.0,0.0,0.0,0,2026-01-16
U002201,PLN_BASIC,299.0,low,165,2,value,high,27,301.58,24,38,0.16666666666666696,5.5,0.0,0.0,0.0,2026-01-15,1,2.0,0.0,0.0,0,2026-01-16
U002202,PLN_STD,499.0,mid,255,2,regular,high,28,774.85,49,93,-0.16666666666666696,5.5,0.0,0.0,0.0,2026-01-15,1,1.0,0.0,0.0,0,2026-01-16
U002203,PLN_BASIC,299.0,low,247,1,regular,high,28,0.0,0,0,-0.16666666666666696,5.5,0.0,0.0,0.0,2026-01-15,1,0.0,0.0,0.0,1,2026-01-16
U002204,PLN_BASIC,299.0,low,172,1,value,high,28,246.65,20,25,-0.16666666666666696,5.5,1.0,0.0,0.0,2026-01-15,1,0.0,0.0,0.0,0,2026-01-16
U002205,PLN_STD,499.0,mid,142,3,regular,high,28,174.41,12,19,-0.16666666666666696,5.5,0.0,0.0,0.0,2026-01-15,1,1.0,0.0,0.0,1,2026-01-16
U002206,PLN_STD,499.0,mid,56,3,regular,high,27,406.98,26,54,0.16666666666666696,5.5,1.0,0.0,0.0,2026-01-15,1,0.0,0.0,0.0,0,2026-01-16
U002207,PLN_STD,499.0,mid,223,3,regular,high,28,211.7,10,22,-0.16666666666666696,5.5,0.0,0.0,0.0,2026-01-15,1,0.0,0.0,0.0,1,2026-01-16
U002208,PLN_BASIC,299.0,low,46,3,value,high,27,236.26,15,24,0.16666666666666696,5.5,0.0,0.0,0.0,2026-01-15,1,1.0,0.0,0.0,0,2026-01-16
U002209,PLN_BASIC,299.0,low,198,1,regular,high,28,476.58000000000004,31,47,-0.16666666666666696,5.5,0.0,0.0,0.0,2026-01-15,1,1.0,0.0,0.0,0,2026-01-16
U002210,PLN_BASIC,299.0,low,222,3,value,high,28,177.06,17,13,-0.16666666666666696,5.5,0.0,0.0,0.0,2026-01-15,1,0.0,0.0,0.0,0,2026-01-16
U002211,PLN_BASIC,299.0,low,81,2,value,high,28,287.9,28,32,-0.16666666666666696,5.5,1.0,0.0,0.0,2026-01-15,1,0.0,0.0,0.0,0,2026-01-16
U002212,PLN_STD,499.0,mid,62,3,value,high,28,203.04,18,14,-0.16666666666666696,5.5,0.0,0.0,0.0,2026-01-15,1,2.0,1.0,0.0,0,2026-01-16
U002213,PLN_BASIC,299.0,low,105,1,regular,high,27,527.1800000000001,41,67,0.16666666666666696,5.5,0.0,0.0,0.0,2026-01-15,1,0.0,0.0,0.0,0,2026-01-16
U002214,PLN_BASIC,299.0,low,227,2,value,high,26,0.0,0,0,0.5,5.5,0.0,0.0,0.0,2026-01-15,1,1.0,0.0,0.0,1,2026-01-16
U002215,PLN_STD,499.0,mid,228,3,regular,high,28,315.64,16,39,-0.16666666666666696,5.5,1.0,0.0,0.0,2026-01-15,1,1.0,0.0,0.0,0,2026-01-16
U002216,PLN_BASIC,299.0,low,159,3,value,high,28,372.41,25,40,-0.16666666666666696,5.5,0.0,0.0,0.0,2026-01-15,1,1.0,0.0,0.0,0,2026-01-16
U002217,PLN_BASIC,299.0,low,143,2,regular,high,27,0.0,0,0,0.16666666666666696,5.5,0.0,0.0,0.0,2026-01-15,1,0.0,0.0,0.0,1,2026-01-16
U002218,PLN_BASIC,299.0,low,6,2,value,high,6,17.3,1,2,3.0,3.0,1.0,0.0,0.0,2026-01-15,1,0.0,0.0,0.0,0,2026-01-16
U002219,PLN_BASIC,299.0,low,185,2,regular,high,28,790.3203299283962,29,52,-0.16666666666666696,5.5,0.0,0.0,0.0,2026-01-15,1,1.0,0.0,0.0,0,2026-01-16
U002220,PLN_BASIC,299.0,low,208,3,regular,high,28,704.86,45,64,-0.16666666666666696,5.5,1.0,0.0,0.0,2026-01-15,1,0.0,0.0,0.0,0,2026-01-16
U002221,PLN_STD,499.0,mid,19,2,regular,high,19,573.37,37,69,1.5,5.5,1.0,0.0,0.0,2026-01-15,1,1.0,0.0,0.0,0,2026-01-16
U002222,PLN_STD,499.0,mid,218,2,value,high,28,0.0,0,0,-0.16666666666666696,5.5,0.0,0.0,0.0,2026-01-15,1,0.0,0.0,0.0,1,2026-01-16
U002223,PLN_BASIC,299.0,low,250,2,regular,high,28,0.0,0,0,-0.16666666666666696,5.5,0.0,0.0,0.0,2026-01-15,1,0.0,0.0,0.0,1,2026-01-16
U002224,PLN_STD,499.0,mid,150,2,premium,high,28,1101.68,67,111,-0.16666666666666696,5.5,1.0,0.0,0.0,2026-01-15,1,0.0,0.0,0.0,0,2026-01-16
U002225,PLN_PREM,799.0,high,156,2,premium,high,28,616.39,45,67,-0.16666666666666696,5.5,1.0,0.0,0.0,2026-01-15,1,0.0,0.0,0.0,0,2026-01-16
U002226,PLN_STD,499.0,mid,101,2,value,high,28,0.0,0,0,-0.16666666666666696,5.5,0.0,0.0,0.0,2026-01-15,1,1.0,0.0,0.0,1,2026-01-16
U002227,PLN_STD,499.0,mid,36,3,regular,high,28,386.49,22,30,-0.16666666666666696,5.5,0.0,0.0,0.0,2026-01-15,1,1.0,0.0,0.0,0,2026-01-16
U002228,PLN_STD,499.0,mid,22,3,value,high,22,183.26,15,16,0.0,5.5,1.0,0.0,0.0,2026-01-15,1,0.0,0.0,0.0,0,2026-01-16
U002229,PLN_BASIC,299.0,low,184,3,value,high,26,177.69,9,22,-0.33333333333333304,5.0,1.0,0.0,0.0,2026-01-14,2,1.0,0.0,0.0,0,2026-01-16
U002230,PLN_STD,499.0,mid,10,2,regular,high,10,127.0,6,7,5.0,5.0,1.0,0.0,0.0,2026-01-15,1,1.0,0.0,0.0,0,2026-01-16
U002231,PLN_STD,499.0,mid,98,2,regular,high,28,648.56,36,62,-0.16666666666666696,5.5,0.0,0.0,0.0,2026-01-15,1,0.0,0.0,0.0,0,2026-01-16
U002232,PLN_BASIC,299.0,low,239,2,regular,high,28,0.0,0,0,-0.16666666666666696,5.5,0.0,0.0,0.0,2026-01-15,1,0.0,0.0,0.0,1,2026-01-16
U002233,PLN_STD,499.0,mid,21,3,regular,high,21,406.94,20,43,0.5,5.5,2.0,1.0,0.5,2026-01-15,1,0.0,0.0,0.0,0,2026-01-16
U002234,PLN_BASIC,299.0,low,222,2,value,high,28,284.87,20,29,-0.16666666666666696,5.5,0.0,0.0,0.0,2026-01-15,1,0.0,0.0,0.0,0,2026-01-16
U002235,PLN_STD,499.0,mid,109,2,regular,high,27,353.26,23,45,0.16666666666666696,5.5,1.0,0.0,0.0,2026-01-15,1,2.0,0.0,0.0,0,2026-01-16
U002236,PLN_BASIC,299.0,low,58,2,value,high,28,0.0,0,0,-0.16666666666666696,5.5,0.0,0.0,0.0,2026-01-15,1,1.0,0.0,0.0,1,2026-01-16
U002237,PLN_BASIC,299.0,low,194,2,value,high,28,0.0,0,0,-0.16666666666666696,5.5,0.0,0.0,0.0,2026-01-15,1,0.0,0.0,0.0,1,2026-01-16
U002238,PLN_STD,499.0,mid,189,2,value,high,28,199.25,14,19,-0.16666666666666696,5.5,0.0,0.0,0.0,2026-01-15,1,0.0,0.0,0.0,0,2026-01-16
U002239,PLN_STD,499.0,mid,137,1,premium,high,28,669.66,45,77,-0.16666666666666696,5.5,1.0,0.0,0.0,2026-01-15,1,0.0,0.0,0.0,0,2026-01-16
U002240,PLN_STD,499.0,mid,34,2,regular,high,28,443.0,31,35,-0.16666666666666696,5.5,0.0,0.0,0.0,2026-01-15,1,0.0,0.0,0.0,0,2026-01-16
U002241,PLN_BASIC,299.0,low,200,2,value,high,28,0.0,0,0,-0.16666666666666696,5.5,0.0,0.0,0.0,2026-01-15,1,0.0,0.0,0.0,1,2026-01-16
U002242,PLN_PREM,799.0,high,90,1,regular,high,27,375.54,19,36,-0.666666666666667,5.0,1.0,0.0,0.0,2026-01-15,1,1.0,0.0,0.0,1,2026-01-16
U002243,PLN_STD,499.0,mid,143,3,premium,high,28,733.06,43,68,-0.16666666666666696,5.5,1.0,0.0,0.0,2026-01-15,1,1.0,0.0,0.0,0,2026-01-16
U002244,PLN_PREM,799.0,high,228,2,premium,high,28,756.02,41,76,-0.16666666666666696,5.5,0.0,0.0,0.0,2026-01-15,1,0.0,0.0,0.0,0,2026-01-16
U002245,PLN_STD,499.0,mid,78,1,regular,high,28,565.0,34,57,-0.16666666666666696,5.5,0.0,0.0,0.0,2026-01-15,1,1.0,0.0,0.0,0,2026-01-16
U002246,PLN_BASIC,299.0,low,48,3,value,high,27,218.66,20,21,-0.666666666666667,5.0,0.0,0.0,0.0,2026-01-15,1,1.0,0.0,0.0,0,2026-01-16
U002247,PLN_STD,499.0,mid,112,2,regular,high,28,571.67,34,59,-0.16666666666666696,5.5,0.0,0.0,0.0,2026-01-15,1,1.0,0.0,0.0,0,2026-01-16
U002248,PLN_STD,499.0,mid,212,3,regular,high,28,0.0,0,0,-0.16666666666666696,5.5,0.0,0.0,0.0,2026-01-15,1,0.0,0.0,0.0,1,2026-01-16
U002249,PLN_PREM,799.0,high,217,2,premium,high,28,590.59,32,57,-0.16666666666666696,5.5,0.0,0.0,0.0,2026-01-15,1,1.0,0.0,0.0,0,2026-01-16
U002250,PLN_PREM,799.0,high,150,3,regular,high,28,416.59,29,49,-0.16666666666666696,5.5,1.0,0.0,0.0,2026-01-15,1,2.0,0.0,0.0,0,2026-01-16
U002251,PLN_STD,499.0,mid,129,2,regular,high,28,428.96999999999997,24,49,-0.16666666666666696,5.5,0.0,0.0,0.0,2026-01-15,1,1.0,0.0,0.0,0,2026-01-16
U002252,PLN_BASIC,299.0,low,118,2,value,high,28,205.45,14,24,-0.16666666666666696,5.5,1.0,0.0,0.0,2026-01-15,1,1.0,0.0,0.0,0,2026-01-16
U002253,PLN_STD,499.0,mid,195,1,regular,high,28,588.5699999999999,45,56,-0.16666666666666696,5.5,0.0,0.0,0.0,2026-01-15,1,1.0,0.0,0.0,0,2026-01-16
U002254,PLN_BASIC,299.0,low,131,2,value,high,27,0.0,0,0,0.16666666666666696,5.5,0.0,0.0,0.0,2026-01-15,1,1.0,0.0,0.0,1,2026-01-16
U002255,PLN_BASIC,299.0,low,182,2,value,high,27,232.98000000000002,17,27,-0.666666666666667,5.0,1.0,0.0,0.0,2026-01-15,1,2.0,1.0,0.0,1,2026-01-16
U002256,PLN_BASIC,299.0,low,84,2,regular,high,28,0.0,0,0,-0.16666666666666696,5.5,0.0,0.0,0.0,2026-01-15,1,2.0,0.0,0.0,1,2026-01-16
U002257,PLN_STD,499.0,mid,57,2,regular,high,27,485.06,33,57,0.16666666666666696,5.5,1.0,0.0,0.0,2026-01-15,1,1.0,0.0,0.0,0,2026-01-16
U002258,PLN_STD,499.0,mid,93,3,premium,high,27,955.67,51,100,-0.666666666666667,5.0,1.0,0.0,0.0,2026-01-15,1,0.0,0.0,0.0,0,2026-01-16
U002259,PLN_PREM,799.0,high,256,2,regular,high,28,401.48,30,33,-0.16666666666666696,5.5,0.0,0.0,0.0,2026-01-15,1,1.0,0.0,0.0,0,2026-01-16
U002260,PLN_PREM,799.0,high,7,2,premium,high,7,111.46,5,8,3.5,3.5,1.0,0.0,0.0,2026-01-15,1,0.0,0.0,0.0,0,2026-01-16
U002261,PLN_STD,499.0,mid,251,3,regular,high,28,0.0,0,0,-0.16666666666666696,5.5,0.0,0.0,0.0,2026-01-15,1,0.0,0.0,0.0,1,2026-01-16
U002262,PLN_PREM,799.0,high,6,2,regular,high,6,115.99000000000001,6,15,3.0,3.0,1.0,0.0,0.0,2026-01-15,1,0.0,0.0,0.0,1,2026-01-16
U002263,PLN_BASIC,299.0,low,249,3,value,high,27,268.89,19,36,-0.666666666666667,5.0,0.0,0.0,0.0,2026-01-15,1,1.0,0.0,0.0,0,2026-01-16
U002264,PLN_STD,499.0,mid,127,3,regular,high,28,433.32,28,49,-0.16666666666666696,5.5,1.0,0.0,0.0,2026-01-15,1,1.0,0.0,0.0,0,2026-01-16
U002265,PLN_STD,499.0,mid,230,3,value,high,27,14.29,1,2,0.16666666666666696,5.5,0.0,0.0,0.0,2026-01-15,1,1.0,0.0,0.0,1,2026-01-16
U002266,PLN_STD,499.0,mid,233,3,value,high,27,186.65,15,27,-0.666666666666667,5.0,1.0,0.0,0.0,2026-01-15,1,0.0,0.0,0.0,0,2026-01-16
U002267,PLN_BASIC,299.0,low,85,2,value,high,28,209.48999999999998,12,25,-0.16666666666666696,5.5,1.0,0.0,0.0,2026-01-15,1,1.0,0.0,0.0,0,2026-01-16
U002268,PLN_BASIC,299.0,low,74,1,regular,high,28,556.0,30,57,-0.16666666666666696,5.5,0.0,0.0,0.0,2026-01-15,1,1.0,0.0,0.0,0,2026-01-16
U002269,PLN_BASIC,299.0,low,227,2,regular,high,28,343.18,33,38,-0.16666666666666696,5.5,0.0,0.0,0.0,2026-01-15,1,0.0,0.0,0.0,0,2026-01-16
U002270,PLN_STD,499.0,mid,11,3,premium,high,11,605.9,30,56,5.5,5.5,1.0,0.0,0.0,2026-01-15,1,0.0,0.0,0.0,0,2026-01-16
U002271,PLN_PREM,799.0,high,176,2,premium,high,28,712.29,37,76,-0.16666666666666696,5.5,1.0,0.0,0.0,2026-01-15,1,0.0,0.0,0.0,0,2026-01-16
U002272,PLN_STD,499.0,mid,177,3,premium,high,28,759.14,39,96,-0.16666666666666696,5.5,1.0,0.0,0.0,2026-01-15,1,0.0,0.0,0.0,0,2026-01-16
U002273,PLN_BASIC,299.0,low,182,1,value,high,28,250.57,16,21,-0.16666666666666696,5.5,0.0,0.0,0.0,2026-01-15,1,2.0,1.0,0.0,0,2026-01-16
U002274,PLN_STD,499.0,mid,141,2,premium,high,27,639.62,41,66,0.16666666666666696,5.5,1.0,0.0,0.0,2026-01-15,1,1.0,0.0,0.0,1,2026-01-16
U002275,PLN_STD,499.0,mid,212,2,regular,high,26,327.53999999999996,20,24,-0.33333333333333304,5.0,1.0,0.0,0.0,2026-01-15,1,1.0,0.0,0.0,0,2026-01-16
U002276,PLN_PREM,799.0,high,150,2,premium,high,28,0.0,0,0,-0.16666666666666696,5.5,0.0,0.0,0.0,2026-01-15,1,2.0,1.0,0.0,1,2026-01-16
U002277,PLN_BASIC,299.0,low,204,1,value,high,28,219.14,13,36,-0.16666666666666696,5.5,1.0,0.0,0.0,2026-01-15,1,2.0,0.0,0.0,0,2026-01-16
U002278,PLN_STD,499.0,mid,244,1,value,high,28,267.02,25,32,-0.16666666666666696,5.5,0.0,0.0,0.0,2026-01-15,1,0.0,0.0,0.0,0,2026-01-16
U002279,PLN_STD,499.0,mid,164,3,premium,high,28,650.73,32,69,-0.16666666666666696,5.5,0.0,0.0,0.0,2026-01-15,1,1.0,0.0,0.0,0,2026-01-16
U002280,PLN_BASIC,299.0,low,88,2,value,high,28,270.1,15,30,-0.16666666666666696,5.5,1.0,0.0,0.0,2026-01-15,1,0.0,0.0,0.0,0,2026-01-16
U002281,PLN_BASIC,299.0,low,65,1,value,high,28,283.25,27,36,-0.16666666666666696,5.5,1.0,0.0,0.0,2026-01-15,1,0.0,0.0,0.0,0,2026-01-16
U002282,PLN_BASIC,299.0,low,168,1,regular,high,27,425.80714061391177,20,29,0.16666666666666696,5.5,0.0,0.0,0.0,2026-01-15,1,1.0,0.0,0.0,0,2026-01-16
U002283,PLN_STD,499.0,mid,175,2,value,high,27,235.57,17,23,0.16666666666666696,5.5,1.0,0.0,0.0,2026-01-15,1,0.0,0.0,0.0,0,2026-01-16
U002284,PLN_BASIC,299.0,low,59,1,value,high,28,233.43,23,26,-0.16666666666666696,5.5,1.0,0.0,0.0,2026-01-15,1,1.0,0.0,0.0,0,2026-01-16
U002285,PLN_PREM,799.0,high,86,2,premium,high,28,877.75,43,70,-0.16666666666666696,5.5,1.0,0.0,0.0,2026-01-15,1,1.0,0.0,0.0,0,2026-01-16
U002286,PLN_PREM,799.0,high,48,3,premium,high,28,953.58,45,96,-0.16666666666666696,5.5,0.0,0.0,0.0,2026-01-15,1,0.0,0.0,0.0,0,2026-01-16
U002287,PLN_PREM,799.0,high,29,1,premium,high,28,1062.7,64,113,-0.16666666666666696,5.5,1.0,0.0,0.0,2026-01-15,1,0.0,0.0,0.0,0,2026-01-16
U002288,PLN_STD,499.0,mid,50,2,value,high,28,14.55,1,4,-0.16666666666666696,5.5,0.0,0.0,0.0,2026-01-15,1,1.0,1.0,0.0,1,2026-01-16
U002289,PLN_BASIC,299.0,low,21,1,value,high,21,107.12,9,8,0.5,5.5,1.0,0.0,0.0,2026-01-15,1,0.0,0.0,0.0,0,2026-01-16
U002290,PLN_STD,499.0,mid,152,2,regular,high,28,426.6,24,52,-0.16666666666666696,5.5,1.0,0.0,0.0,2026-01-15,1,1.0,0.0,0.0,0,2026-01-16
U002291,PLN_STD,499.0,mid,157,3,regular,high,28,501.18,32,55,-0.16666666666666696,5.5,0.0,0.0,0.0,2026-01-15,1,0.0,0.0,0.0,0,2026-01-16
U002292,PLN_BASIC,299.0,low,176,2,value,high,28,355.45,25,40,-0.16666666666666696,5.5,1.0,0.0,0.0,2026-01-15,1,0.0,0.0,0.0,0,2026-01-16
U002293,PLN_STD,499.0,mid,197,3,regular,high,27,526.39,37,53,0.16666666666666696,5.5,1.0,0.0,0.0,2026-01-15,1,0.0,0.0,0.0,0,2026-01-16
U002294,PLN_PREM,799.0,high,69,1,premium,high,27,957.7,61,95,-0.666666666666667,5.0,0.0,0.0,0.0,2026-01-15,1,1.0,0.0,0.0,0,2026-01-16
U002295,PLN_STD,499.0,mid,77,2,regular,high,28,259.72,17,30,-0.16666666666666696,5.5,0.0,0.0,0.0,2026-01-15,1,1.0,0.0,0.0,1,2026-01-16
U002296,PLN_STD,499.0,mid,55,2,regular,high,28,342.0,29,32,-0.16666666666666696,5.5,1.0,0.0,0.0,2026-01-15,1,1.0,0.0,0.0,0,2026-01-16
U002297,PLN_STD,499.0,mid,214,2,regular,high,28,836.89,53,79,-0.16666666666666696,5.5,0.0,0.0,0.0,2026-01-15,1,0.0,0.0,0.0,0,2026-01-16
U002298,PLN_BASIC,299.0,low,133,3,value,high,28,0.0,0,0,-0.16666666666666696,5.5,0.0,0.0,0.0,2026-01-15,1,1.0,0.0,0.0,1,2026-01-16
U002299,PLN_BASIC,299.0,low,201,1,value,high,28,316.58000000000004,21,28,-0.16666666666666696,5.5,1.0,0.0,0.0,2026-01-15,1,1.0,0.0,0.0,0,2026-01-16
U002300,PLN_STD,499.0,mid,32,3,regular,high,28,386.15,26,38,-0.16666666666666696,5.5,1.0,0.0,0.0,2026-01-15,1,0.0,0.0,0.0,0,2026-01-16
U002301,PLN_STD,499.0,mid,189,3,regular,high,28,0.0,0,0,-0.16666666666666696,5.5,0.0,0.0,0.0,2026-01-15,1,0.0,0.0,0.0,1,2026-01-16
U002302,PLN_BASIC,299.0,low,220,2,regular,high,28,426.38,28,51,-0.16666666666666696,5.5,0.0,0.0,0.0,2026-01-15,1,0.0,0.0,0.0,0,2026-01-16
U002303,PLN_STD,499.0,mid,113,2,regular,high,27,415.53,25,48,0.16666666666666696,5.5,1.0,0.0,0.0,2026-01-15,1,0.0,0.0,0.0,0,2026-01-16
U002304,PLN_BASIC,299.0,low,36,2,value,high,27,316.4383945719222,17,22,-0.666666666666667,5.0,0.0,0.0,0.0,2026-01-14,2,1.0,0.0,0.0,0,2026-01-16
U002305,PLN_STD,499.0,mid,27,2,value,high,27,199.25,16,23,0.16666666666666696,5.5,1.0,0.0,0.0,2026-01-15,1,0.0,0.0,0.0,1,2026-01-16
U002306,PLN_BASIC,299.0,low,232,3,value,high,28,0.0,0,0,-0.16666666666666696,5.5,0.0,0.0,0.0,2026-01-15,1,0.0,0.0,0.0,1,2026-01-16
U002307,PLN_STD,499.0,mid,175,2,value,high,28,593.6605875059481,24,29,-0.16666666666666696,5.5,1.0,0.0,0.0,2026-01-15,1,0.0,0.0,0.0,0,2026-01-16
U002308,PLN_BASIC,299.0,low,218,3,regular,high,28,559.35,32,58,-0.16666666666666696,5.5,0.0,0.0,0.0,2026-01-15,1,0.0,0.0,0.0,0,2026-01-16
U002309,PLN_STD,499.0,mid,179,2,regular,high,28,645.37,34,77,-0.16666666666666696,5.5,1.0,0.0,0.0,2026-01-15,1,1.0,0.0,0.0,0,2026-01-16
U002310,PLN_PREM,799.0,high,123,2,premium,high,28,93.19,7,10,-0.16666666666666696,5.5,0.0,0.0,0.0,2026-01-15,1,1.0,0.0,0.0,1,2026-01-16
U002311,PLN_STD,499.0,mid,186,2,regular,high,28,721.53,51,55,-0.16666666666666696,5.5,0.0,0.0,0.0,2026-01-15,1,2.0,0.0,0.0,0,2026-01-16
U002312,PLN_STD,499.0,mid,240,2,regular,high,28,492.35,28,41,-0.16666666666666696,5.5,2.0,1.0,0.5,2026-01-15,1,1.0,0.0,0.0,0,2026-01-16
U002313,PLN_BASIC,299.0,low,128,3,value,high,28,151.84,12,15,-0.16666666666666696,5.5,0.0,0.0,0.0,2026-01-15,1,1.0,0.0,0.0,0,2026-01-16
U002314,PLN_PREM,799.0,high,243,1,regular,high,28,527.38,35,54,-0.16666666666666696,5.5,1.0,0.0,0.0,2026-01-15,1,1.0,0.0,0.0,0,2026-01-16
U002315,PLN_BASIC,299.0,low,200,3,value,high,28,213.52,15,32,-0.16666666666666696,5.5,0.0,0.0,0.0,2026-01-15,1,0.0,0.0,0.0,0,2026-01-16
U002316,PLN_PREM,799.0,high,256,3,premium,high,27,953.54,53,79,0.16666666666666696,5.5,1.0,0.0,0.0,2026-01-15,1,0.0,0.0,0.0,0,2026-01-16
U002317,PLN_STD,499.0,mid,235,3,regular,high,28,456.22,28,43,-0.16666666666666696,5.5,1.0,0.0,0.0,2026-01-15,1,1.0,0.0,0.0,0,2026-01-16
U002318,PLN_STD,499.0,mid,147,2,value,high,28,288.78999999999996,18,31,-0.16666666666666696,5.5,1.0,0.0,0.0,2026-01-15,1,0.0,0.0,0.0,0,2026-01-16
U002319,PLN_BASIC,299.0,low,43,3,value,high,28,85.07000000000001,4,8,-0.16666666666666696,5.5,0.0,0.0,0.0,2026-01-15,1,0.0,0.0,0.0,1,2026-01-16
U002320,PLN_STD,499.0,mid,62,2,value,high,27,372.27,32,51,0.16666666666666696,5.5,0.0,0.0,0.0,2026-01-15,1,0.0,0.0,0.0,0,2026-01-16
U002321,PLN_STD,499.0,mid,232,3,premium,high,28,772.52,45,70,-0.16666666666666696,5.5,1.0,0.0,0.0,2026-01-15,1,1.0,0.0,0.0,0,2026-01-16
U002322,PLN_STD,499.0,mid,248,1,value,high,28,0.0,0,0,-0.16666666666666696,5.5,0.0,0.0,0.0,2026-01-15,1,0.0,0.0,0.0,1,2026-01-16
U002323,PLN_BASIC,299.0,low,172,2,value,high,28,283.35,24,37,-0.16666666666666696,5.5,2.0,1.0,0.5,2026-01-15,1,0.0,0.0,0.0,0,2026-01-16
U002324,PLN_STD,499.0,mid,93,2,value,high,28,0.0,0,0,-0.16666666666666696,5.5,0.0,0.0,0.0,2026-01-15,1,1.0,0.0,0.0,1,2026-01-16
U002325,PLN_STD,499.0,mid,69,2,regular,high,28,0.0,0,0,-0.16666666666666696,5.5,0.0,0.0,0.0,2026-01-15,1,0.0,0.0,0.0,1,2026-01-16
U002326,PLN_BASIC,299.0,low,50,2,regular,high,28,562.12,35,54,-0.16666666666666696,5.5,1.0,0.0,0.0,2026-01-15,1,1.0,0.0,0.0,0,2026-01-16
U002327,PLN_BASIC,299.0,low,171,3,regular,high,28,0.0,0,0,-0.16666666666666696,5.5,0.0,0.0,0.0,2026-01-15,1,0.0,0.0,0.0,1,2026-01-16
U002328,PLN_STD,499.0,mid,214,2,value,high,28,216.47,13,18,-0.16666666666666696,5.5,0.0,0.0,0.0,2026-01-15,1,1.0,0.0,0.0,0,2026-01-16
U002329,PLN_BASIC,299.0,low,250,2,value,high,28,0.0,0,0,-0.16666666666666696,5.5,0.0,0.0,0.0,2026-01-15,1,1.0,0.0,0.0,1,2026-01-16
U002330,PLN_STD,499.0,mid,220,1,premium,high,27,860.58,48,79,-0.666666666666667,5.0,0.0,0.0,0.0,2026-01-15,1,0.0,0.0,0.0,0,2026-01-16
U002331,PLN_STD,499.0,mid,240,3,value,high,28,409.37,36,44,-0.16666666666666696,5.5,1.0,0.0,0.0,2026-01-15,1,1.0,0.0,0.0,0,2026-01-16
U002332,PLN_BASIC,299.0,low,40,3,value,high,27,52.79,4,9,0.16666666666666696,5.5,0.0,0.0,0.0,2026-01-15,1,0.0,0.0,0.0,1,2026-01-16
U002333,PLN_STD,499.0,mid,189,2,regular,high,27,391.0,24,39,-0.666666666666667,5.0,0.0,0.0,0.0,2026-01-15,1,0.0,0.0,0.0,0,2026-01-16
U002334,PLN_BASIC,299.0,low,50,2,value,high,27,190.73000000000002,11,19,0.16666666666666696,5.5,1.0,0.0,0.0,2026-01-15,1,0.0,0.0,0.0,0,2026-01-16
U002335,PLN_BASIC,299.0,low,118,3,value,high,28,0.0,0,0,-0.16666666666666696,5.5,0.0,0.0,0.0,2026-01-15,1,1.0,0.0,0.0,1,2026-01-16
U002336,PLN_BASIC,299.0,low,121,3,regular,high,28,500.71000000000004,24,44,-0.16666666666666696,5.5,1.0,0.0,0.0,2026-01-15,1,1.0,0.0,0.0,0,2026-01-16
U002337,PLN_STD,499.0,mid,142,2,regular,high,28,344.47,16,33,-0.16666666666666696,5.5,1.0,0.0,0.0,2026-01-15,1,0.0,0.0,0.0,0,2026-01-16
U002338,PLN_BASIC,299.0,low,51,2,value,high,28,240.44,18,29,-0.16666666666666696,5.5,1.0,0.0,0.0,2026-01-15,1,0.0,0.0,0.0,0,2026-01-16
U002339,PLN_BASIC,299.0,low,246,3,value,high,28,0.0,0,0,-0.16666666666666696,5.5,0.0,0.0,0.0,2026-01-15,1,0.0,0.0,0.0,1,2026-01-16
U002340,PLN_STD,499.0,mid,233,2,regular,high,28,0.0,0,0,-0.16666666666666696,5.5,0.0,0.0,0.0,2026-01-15,1,0.0,0.0,0.0,1,2026-01-16
U002341,PLN_BASIC,299.0,low,150,3,value,high,28,226.49,16,22,-0.16666666666666696,5.5,0.0,0.0,0.0,2026-01-15,1,1.0,0.0,0.0,0,2026-01-16
U002342,PLN_BASIC,299.0,low,157,2,value,high,28,0.0,0,0,-0.16666666666666696,5.5,0.0,0.0,0.0,2026-01-15,1,0.0,0.0,0.0,1,2026-01-16
U002343,PLN_BASIC,299.0,low,120,3,regular,high,28,484.22,31,46,-0.16666666666666696,5.5,1.0,0.0,0.0,2026-01-15,1,0.0,0.0,0.0,0,2026-01-16
U002344,PLN_STD,499.0,mid,71,1,regular,high,27,463.48,31,49,-0.666666666666667,5.0,0.0,0.0,0.0,2026-01-15,1,0.0,0.0,0.0,0,2026-01-16
U002345,PLN_STD,499.0,mid,109,1,premium,high,28,926.85,51,96,-0.16666666666666696,5.5,1.0,0.0,0.0,2026-01-15,1,0.0,0.0,0.0,0,2026-01-16
U002346,PLN_STD,499.0,mid,192,3,value,high,27,182.42,15,14,0.16666666666666696,5.5,0.0,0.0,0.0,2026-01-15,1,1.0,0.0,0.0,0,2026-01-16
U002347,PLN_BASIC,299.0,low,174,3,value,high,26,304.35,28,33,0.5,5.5,1.0,0.0,0.0,2026-01-15,1,0.0,0.0,0.0,0,2026-01-16
U002348,PLN_STD,499.0,mid,68,3,regular,high,28,390.31,29,40,-0.16666666666666696,5.5,0.0,0.0,0.0,2026-01-15,1,0.0,0.0,0.0,0,2026-01-16
U002349,PLN_BASIC,299.0,low,206,3,regular,high,28,0.0,0,0,-0.16666666666666696,5.5,0.0,0.0,0.0,2026-01-15,1,1.0,0.0,0.0,1,2026-01-16
U002350,PLN_BASIC,299.0,low,130,2,value,high,28,0.0,0,0,-0.16666666666666696,5.5,0.0,0.0,0.0,2026-01-15,1,1.0,0.0,0.0,1,2026-01-16
U002351,PLN_STD,499.0,mid,121,2,regular,high,28,0.0,0,0,-0.16666666666666696,5.5,0.0,0.0,0.0,2026-01-15,1,1.0,0.0,0.0,1,2026-01-16
U002352,PLN_BASIC,299.0,low,68,1,value,high,27,149.85,16,22,-0.666666666666667,5.0,0.0,0.0,0.0,2026-01-15,1,1.0,0.0,0.0,0,2026-01-16
U002353,PLN_STD,499.0,mid,77,2,regular,high,27,462.64,30,48,-0.666666666666667,5.0,0.0,0.0,0.0,2026-01-15,1,0.0,0.0,0.0,0,2026-01-16
U002354,PLN_STD,499.0,mid,140,1,regular,high,28,531.45,30,40,-0.16666666666666696,5.5,1.0,1.0,1.0,2026-01-15,1,1.0,0.0,0.0,1,2026-01-16
U002355,PLN_STD,499.0,mid,179,3,regular,high,27,387.53,22,45,0.16666666666666696,5.5,1.0,0.0,0.0,2026-01-15,1,1.0,1.0,1.0,0,2026-01-16
U002356,PLN_STD,499.0,mid,164,1,premium,high,27,721.95,46,71,0.16666666666666696,5.5,0.0,0.0,0.0,2026-01-15,1,2.0,0.0,0.0,0,2026-01-16
U002357,PLN_PREM,799.0,high,153,1,premium,high,28,650.18,37,72,-0.16666666666666696,5.5,0.0,0.0,0.0,2026-01-15,1,1.0,0.0,0.0,0,2026-01-16
U002358,PLN_STD,499.0,mid,201,1,value,high,27,182.46,13,14,0.16666666666666696,5.5,1.0,0.0,0.0,2026-01-15,1,0.0,0.0,0.0,1,2026-01-16
U002359,PLN_BASIC,299.0,low,100,1,value,high,28,617.6558632646241,15,16,-0.16666666666666696,5.5,0.0,0.0,0.0,2026-01-15,1,0.0,0.0,0.0,0,2026-01-16
U002360,PLN_STD,499.0,mid,204,1,regular,high,28,492.47,25,52,-0.16666666666666696,5.5,1.0,0.0,0.0,2026-01-15,1,1.0,0.0,0.0,0,2026-01-16
U002361,PLN_BASIC,299.0,low,94,2,value,high,27,0.0,0,0,0.16666666666666696,5.5,0.0,0.0,0.0,2026-01-15,1,0.0,0.0,0.0,1,2026-01-16
U002362,PLN_STD,499.0,mid,68,2,regular,high,28,382.98,15,31,-0.16666666666666696,5.5,0.0,0.0,0.0,2026-01-15,1,0.0,0.0,0.0,1,2026-01-16
U002363,PLN_BASIC,299.0,low,15,2,value,high,14,109.63,10,10,1.0,5.0,1.0,0.0,0.0,2026-01-15,1,0.0,0.0,0.0,0,2026-01-16
U002364,PLN_STD,499.0,mid,227,3,premium,high,28,802.09,49,80,-0.16666666666666696,5.5,0.0,0.0,0.0,2026-01-15,1,1.0,0.0,0.0,0,2026-01-16
U002365,PLN_STD,499.0,mid,66,2,regular,high,28,580.5699999999999,38,62,-0.16666666666666696,5.5,0.0,0.0,0.0,2026-01-15,1,1.0,0.0,0.0,0,2026-01-16
U002366,PLN_STD,499.0,mid,235,2,regular,high,28,427.93,20,41,-0.16666666666666696,5.5,1.0,0.0,0.0,2026-01-15,1,0.0,0.0,0.0,0,2026-01-16
U002367,PLN_STD,499.0,mid,172,2,regular,high,28,483.73,36,54,-0.16666666666666696,5.5,2.0,1.0,0.5,2026-01-15,1,1.0,0.0,0.0,0,2026-01-16
U002368,PLN_BASIC,299.0,low,212,1,value,high,28,317.79,17,26,-0.16666666666666696,5.5,1.0,0.0,0.0,2026-01-15,1,2.0,0.0,0.0,1,2026-01-16
U002369,PLN_PREM,799.0,high,216,2,premium,high,28,965.77,66,90,-0.16666666666666696,5.5,0.0,0.0,0.0,2026-01-15,1,0.0,0.0,0.0,0,2026-01-16
U002370,PLN_BASIC,299.0,low,212,3,value,high,27,163.69,13,17,0.16666666666666696,5.5,0.0,0.0,0.0,2026-01-15,1,0.0,0.0,0.0,0,2026-01-16
U002371,PLN_STD,499.0,mid,245,2,value,high,28,278.56,22,35,-0.16666666666666696,5.5,0.0,0.0,0.0,2026-01-15,1,0.0,0.0,0.0,0,2026-01-16
U002372,PLN_BASIC,299.0,low,50,2,value,high,27,185.14,13,19,0.16666666666666696,5.5,1.0,1.0,1.0,2026-01-15,1,0.0,0.0,0.0,1,2026-01-16
U002373,PLN_BASIC,299.0,low,241,2,regular,high,28,589.78,36,73,-0.16666666666666696,5.5,1.0,0.0,0.0,2026-01-15,1,0.0,0.0,0.0,0,2026-01-16
U002374,PLN_BASIC,299.0,low,156,3,value,high,28,0.0,0,0,-0.16666666666666696,5.5,0.0,0.0,0.0,2026-01-15,1,0.0,0.0,0.0,1,2026-01-16
U002375,PLN_BASIC,299.0,low,81,2,value,high,28,166.73,13,18,-0.16666666666666696,5.5,0.0,0.0,0.0,2026-01-15,1,0.0,0.0,0.0,0,2026-01-16
U002376,PLN_BASIC,299.0,low,8,2,value,high,8,10.57,3,2,4.0,4.0,1.0,0.0,0.0,2026-01-15,1,0.0,0.0,0.0,1,2026-01-16
U002377,PLN_BASIC,299.0,low,42,3,value,high,28,240.46,16,25,-0.16666666666666696,5.5,0.0,0.0,0.0,2026-01-15,1,0.0,0.0,0.0,0,2026-01-16
U002378,PLN_BASIC,299.0,low,222,2,value,high,28,0.0,0,0,-0.16666666666666696,5.5,0.0,0.0,0.0,2026-01-15,1,0.0,0.0,0.0,1,2026-01-16
U002379,PLN_STD,499.0,mid,9,2,regular,high,9,259.45,21,35,4.5,4.5,1.0,0.0,0.0,2026-01-15,1,0.0,0.0,0.0,0,2026-01-16
U002380,PLN_BASIC,299.0,low,92,1,value,high,28,265.29,20,30,-0.16666666666666696,5.5,1.0,0.0,0.0,2026-01-15,1,0.0,0.0,0.0,0,2026-01-16
U002381,PLN_BASIC,299.0,low,211,1,value,high,27,218.33,18,25,-0.666666666666667,5.0,1.0,0.0,0.0,2026-01-15,1,1.0,0.0,0.0,0,2026-01-16
U002382,PLN_STD,499.0,mid,144,3,regular,high,28,0.0,0,0,-0.16666666666666696,5.5,0.0,0.0,0.0,2026-01-15,1,0.0,0.0,0.0,1,2026-01-16
U002383,PLN_STD,499.0,mid,26,2,regular,high,25,472.93,27,49,0.0,5.0,1.0,0.0,0.0,2026-01-15,1,0.0,0.0,0.0,0,2026-01-16
U002384,PLN_BASIC,299.0,low,158,2,value,high,28,0.0,0,0,-0.16666666666666696,5.5,0.0,0.0,0.0,2026-01-15,1,1.0,0.0,0.0,1,2026-01-16
U002385,PLN_BASIC,299.0,low,210,2,value,high,27,252.76,17,24,0.16666666666666696,5.5,2.0,1.0,0.5,2026-01-15,1,0.0,0.0,0.0,0,2026-01-16
U002386,PLN_BASIC,299.0,low,37,1,value,high,28,151.52,13,26,-0.16666666666666696,5.5,0.0,0.0,0.0,2026-01-15,1,2.0,0.0,0.0,0,2026-01-16
U002387,PLN_PREM,799.0,high,17,3,premium,high,17,627.65,27,67,-0.5,5.5,1.0,0.0,0.0,2026-01-15,1,0.0,0.0,0.0,0,2026-01-16
U002388,PLN_BASIC,299.0,low,12,1,value,high,12,74.22,5,8,4.5,5.5,1.0,0.0,0.0,2026-01-15,1,0.0,0.0,0.0,0,2026-01-16
U002389,PLN_BASIC,299.0,low,17,3,value,high,17,169.37,11,21,-0.5,5.5,1.0,0.0,0.0,2026-01-15,1,0.0,0.0,0.0,0,2026-01-16
U002390,PLN_STD,499.0,mid,37,2,regular,high,28,355.89,18,32,-0.16666666666666696,5.5,0.0,0.0,0.0,2026-01-15,1,1.0,0.0,0.0,0,2026-01-16
U002391,PLN_BASIC,299.0,low,142,2,value,high,28,167.16,12,22,-0.16666666666666696,5.5,1.0,0.0,0.0,2026-01-15,1,1.0,1.0,0.0,0,2026-01-16
U002392,PLN_BASIC,299.0,low,208,1,value,high,28,26.57,2,2,-0.16666666666666696,5.5,0.0,0.0,0.0,2026-01-15,1,1.0,0.0,0.0,1,2026-01-16
U002393,PLN_BASIC,299.0,low,102,3,value,high,28,289.19,23,35,-0.16666666666666696,5.5,0.0,0.0,0.0,2026-01-15,1,2.0,0.0,0.0,0,2026-01-16
U002394,PLN_BASIC,299.0,low,201,1,regular,high,28,613.79,40,68,-0.16666666666666696,5.5,1.0,0.0,0.0,2026-01-15,1,0.0,0.0,0.0,0,2026-01-16
U002395,PLN_STD,499.0,mid,138,1,regular,high,28,353.76,23,37,-0.16666666666666696,5.5,0.0,0.0,0.0,2026-01-15,1,1.0,0.0,0.0,0,2026-01-16
U002396,PLN_BASIC,299.0,low,92,3,regular,high,28,547.48,34,64,-0.16666666666666696,5.5,1.0,0.0,0.0,2026-01-15,1,1.0,1.0,0.0,0,2026-01-16
U002397,PLN_BASIC,299.0,low,19,2,regular,high,19,359.79,23,43,1.5,5.5,1.0,0.0,0.0,2026-01-15,1,0.0,0.0,0.0,0,2026-01-16
U002398,PLN_STD,499.0,mid,184,2,value,high,28,151.48,9,21,-0.16666666666666696,5.5,0.0,0.0,0.0,2026-01-15,1,0.0,0.0,0.0,0,2026-01-16
U002399,PLN_STD,499.0,mid,193,1,premium,high,28,712.38,33,67,-0.16666666666666696,5.5,0.0,0.0,0.0,2026-01-15,1,1.0,1.0,0.0,0,2026-01-16
U002400,PLN_STD,499.0,mid,72,3,regular,high,28,307.75,14,28,-0.16666666666666696,5.5,0.0,0.0,0.0,2026-01-15,1,1.0,0.0,0.0,1,2026-01-16
U002401,PLN_PREM,799.0,high,255,2,regular,high,28,671.13,47,63,-0.16666666666666696,5.5,0.0,0.0,0.0,2026-01-15,1,0.0,0.0,0.0,0,2026-01-16
U002402,PLN_STD,499.0,mid,114,1,regular,high,28,779.71,47,89,-0.16666666666666696,5.5,1.0,0.0,0.0,2026-01-15,1,1.0,0.0,0.0,0,2026-01-16
U002403,PLN_BASIC,299.0,low,69,2,value,high,28,199.21,13,22,-0.16666666666666696,5.5,0.0,0.0,0.0,2026-01-15,1,1.0,0.0,0.0,0,2026-01-16
U002404,PLN_BASIC,299.0,low,118,1,value,high,28,359.7460961037337,20,24,-0.16666666666666696,5.5,1.0,0.0,0.0,2026-01-15,1,2.0,0.0,0.0,1,2026-01-16
U002405,PLN_BASIC,299.0,low,160,2,regular,high,28,237.21,16,16,-0.16666666666666696,5.5,0.0,0.0,0.0,2026-01-15,1,1.0,1.0,0.0,1,2026-01-16
U002406,PLN_STD,499.0,mid,49,1,value,high,28,69.1,4,7,-0.16666666666666696,5.5,0.0,0.0,0.0,2026-01-15,1,0.0,0.0,0.0,1,2026-01-16
U002407,PLN_STD,499.0,mid,163,1,regular,high,28,356.82,24,35,-0.16666666666666696,5.5,0.0,0.0,0.0,2026-01-15,1,0.0,0.0,0.0,0,2026-01-16
U002408,PLN_BASIC,299.0,low,78,2,value,high,28,142.76,12,20,-0.16666666666666696,5.5,0.0,0.0,0.0,2026-01-15,1,1.0,0.0,0.0,0,2026-01-16
U002409,PLN_STD,499.0,mid,140,3,value,high,27,325.12,21,30,0.16666666666666696,5.5,0.0,0.0,0.0,2026-01-15,1,1.0,0.0,0.0,0,2026-01-16
U002410,PLN_PREM,799.0,high,250,1,premium,high,28,650.5699999999999,45,60,-0.16666666666666696,5.5,0.0,0.0,0.0,2026-01-15,1,2.0,0.0,0.0,0,2026-01-16
U002411,PLN_STD,499.0,mid,123,1,regular,high,28,378.64,23,34,-0.16666666666666696,5.5,1.0,0.0,0.0,2026-01-15,1,1.0,0.0,0.0,0,2026-01-16
U002412,PLN_BASIC,299.0,low,244,3,regular,high,28,692.58,45,68,-0.16666666666666696,5.5,2.0,1.0,0.5,2026-01-15,1,1.0,0.0,0.0,0,2026-01-16
U002413,PLN_BASIC,299.0,low,23,3,value,high,23,215.02,19,31,-0.5,5.5,2.0,1.0,0.5,2026-01-15,1,0.0,0.0,0.0,0,2026-01-16
U002414,PLN_STD,499.0,mid,106,2,regular,high,28,0.0,0,0,-0.16666666666666696,5.5,0.0,0.0,0.0,2026-01-15,1,0.0,0.0,0.0,1,2026-01-16
U002415,PLN_PREM,799.0,high,163,1,premium,high,28,758.61,38,59,-0.16666666666666696,5.5,0.0,0.0,0.0,2026-01-15,1,1.0,0.0,0.0,0,2026-01-16
U002416,PLN_STD,499.0,mid,134,2,regular,high,27,500.64,23,48,0.16666666666666696,5.5,0.0,0.0,0.0,2026-01-15,1,1.0,0.0,0.0,0,2026-01-16
U002417,PLN_STD,499.0,mid,101,1,regular,high,28,446.24,26,42,-0.16666666666666696,5.5,0.0,0.0,0.0,2026-01-15,1,0.0,0.0,0.0,0,2026-01-16
U002418,PLN_STD,499.0,mid,191,1,regular,high,28,273.32,18,29,-0.16666666666666696,5.5,0.0,0.0,0.0,2026-01-15,1,1.0,0.0,0.0,0,2026-01-16
U002419,PLN_BASIC,299.0,low,184,2,value,high,27,163.97,12,25,-0.666666666666667,5.0,0.0,0.0,0.0,2026-01-15,1,0.0,0.0,0.0,0,2026-01-16
U002420,PLN_STD,499.0,mid,151,2,regular,high,26,393.48,29,37,-0.33333333333333304,5.0,1.0,0.0,0.0,2026-01-15,1,1.0,0.0,0.0,0,2026-01-16
U002421,PLN_PREM,799.0,high,192,2,premium,high,28,960.54,51,96,-0.16666666666666696,5.5,0.0,0.0,0.0,2026-01-15,1,1.0,0.0,0.0,0,2026-01-16
U002422,PLN_BASIC,299.0,low,66,2,regular,high,28,284.95,18,27,-0.16666666666666696,5.5,0.0,0.0,0.0,2026-01-15,1,0.0,0.0,0.0,0,2026-01-16
U002423,PLN_BASIC,299.0,low,230,2,regular,high,28,563.1003072356762,22,40,-0.16666666666666696,5.5,0.0,0.0,0.0,2026-01-15,1,1.0,0.0,0.0,0,2026-01-16
U002424,PLN_BASIC,299.0,low,49,2,regular,high,28,470.07,29,43,-0.16666666666666696,5.5,1.0,0.0,0.0,2026-01-15,1,1.0,0.0,0.0,0,2026-01-16
U002425,PLN_BASIC,299.0,low,169,3,regular,high,28,34.64,1,2,-0.16666666666666696,5.5,0.0,0.0,0.0,2026-01-15,1,1.0,0.0,0.0,1,2026-01-16
U002426,PLN_PREM,799.0,high,116,3,premium,high,28,1089.31,60,89,-0.16666666666666696,5.5,1.0,0.0,0.0,2026-01-15,1,0.0,0.0,0.0,0,2026-01-16
U002427,PLN_STD,499.0,mid,217,2,regular,high,26,0.0,0,0,-0.33333333333333304,5.0,0.0,0.0,0.0,2026-01-15,1,0.0,0.0,0.0,1,2026-01-16
U002428,PLN_STD,499.0,mid,160,2,value,high,28,0.0,0,0,-0.16666666666666696,5.5,0.0,0.0,0.0,2026-01-15,1,1.0,0.0,0.0,1,2026-01-16
U002429,PLN_BASIC,299.0,low,67,2,value,high,28,244.07,18,22,-0.16666666666666696,5.5,0.0,0.0,0.0,2026-01-15,1,0.0,0.0,0.0,0,2026-01-16
U002430,PLN_PREM,799.0,high,189,1,regular,high,28,613.33,28,73,-0.16666666666666696,5.5,0.0,0.0,0.0,2026-01-15,1,1.0,1.0,0.0,0,2026-01-16
U002431,PLN_STD,499.0,mid,223,2,value,high,28,239.08,15,23,-0.16666666666666696,5.5,0.0,0.0,0.0,2026-01-15,1,1.0,0.0,0.0,0,2026-01-16
U002432,PLN_PREM,799.0,high,125,1,regular,high,27,397.36,20,41,-0.666666666666667,5.0,0.0,0.0,0.0,2026-01-15,1,1.0,0.0,0.0,0,2026-01-16
U002433,PLN_STD,499.0,mid,216,2,regular,high,28,0.0,0,0,-0.16666666666666696,5.5,0.0,0.0,0.0,2026-01-15,1,0.0,0.0,0.0,1,2026-01-16
U002434,PLN_STD,499.0,mid,177,2,regular,high,27,0.0,0,0,0.16666666666666696,5.5,0.0,0.0,0.0,2026-01-15,1,0.0,0.0,0.0,1,2026-01-16
U002435,PLN_BASIC,299.0,low,143,1,value,high,27,293.46999999999997,27,30,-0.666666666666667,5.0,1.0,0.0,0.0,2026-01-15,1,0.0,0.0,0.0,0,2026-01-16
U002436,PLN_PREM,799.0,high,115,1,regular,high,27,482.3,26,49,0.16666666666666696,5.5,1.0,0.0,0.0,2026-01-15,1,0.0,0.0,0.0,0,2026-01-16
U002437,PLN_BASIC,299.0,low,96,2,regular,high,28,0.0,0,0,-0.16666666666666696,5.5,0.0,0.0,0.0,2026-01-15,1,0.0,0.0,0.0,1,2026-01-16
U002438,PLN_BASIC,299.0,low,87,3,value,high,27,106.88,8,9,0.16666666666666696,5.5,1.0,1.0,1.0,2026-01-15,1,0.0,0.0,0.0,1,2026-01-16
U002439,PLN_STD,499.0,mid,45,2,regular,high,28,589.17,32,57,-0.16666666666666696,5.5,0.0,0.0,0.0,2026-01-15,1,0.0,0.0,0.0,0,2026-01-16
U002440,PLN_STD,499.0,mid,240,2,regular,high,28,0.0,0,0,-0.16666666666666696,5.5,0.0,0.0,0.0,2026-01-15,1,0.0,0.0,0.0,1,2026-01-16
U002441,PLN_BASIC,299.0,low,166,1,regular,high,28,328.67,16,29,-0.16666666666666696,5.5,0.0,0.0,0.0,2026-01-15,1,2.0,0.0,0.0,0,2026-01-16
U002442,PLN_BASIC,299.0,low,256,2,value,high,28,0.0,0,0,-0.16666666666666696,5.5,0.0,0.0,0.0,2026-01-15,1,0.0,0.0,0.0,1,2026-01-16
U002443,PLN_STD,499.0,mid,254,1,value,high,28,239.15,19,19,-0.16666666666666696,5.5,0.0,0.0,0.0,2026-01-15,1,1.0,0.0,0.0,0,2026-01-16
U002444,PLN_BASIC,299.0,low,203,2,regular,high,28,550.43,36,56,-0.16666666666666696,5.5,1.0,0.0,0.0,2026-01-15,1,0.0,0.0,0.0,0,2026-01-16
U002445,PLN_BASIC,299.0,low,106,3,value,high,28,287.02,29,27,-0.16666666666666696,5.5,0.0,0.0,0.0,2026-01-15,1,0.0,0.0,0.0,0,2026-01-16
U002446,PLN_BASIC,299.0,low,32,2,regular,high,28,425.62,27,48,-0.16666666666666696,5.5,0.0,0.0,0.0,2026-01-15,1,1.0,0.0,0.0,0,2026-01-16
U002447,PLN_STD,499.0,mid,62,2,regular,high,28,357.67,28,36,-0.16666666666666696,5.5,0.0,0.0,0.0,2026-01-15,1,1.0,0.0,0.0,0,2026-01-16
U002448,PLN_BASIC,299.0,low,94,1,value,high,28,251.98999999999998,22,23,-0.16666666666666696,5.5,0.0,0.0,0.0,2026-01-15,1,0.0,0.0,0.0,0,2026-01-16
U002449,PLN_STD,499.0,mid,61,1,regular,high,27,574.62,36,78,-0.666666666666667,5.0,1.0,0.0,0.0,2026-01-15,1,0.0,0.0,0.0,0,2026-01-16
U002450,PLN_PREM,799.0,high,213,2,premium,high,27,682.87,44,62,-0.666666666666667,5.0,1.0,0.0,0.0,2026-01-15,1,1.0,0.0,0.0,0,2026-01-16
U002451,PLN_STD,499.0,mid,46,3,regular,high,28,303.64,25,37,-0.16666666666666696,5.5,0.0,0.0,0.0,2026-01-15,1,1.0,1.0,0.0,0,2026-01-16
U002452,PLN_BASIC,299.0,low,33,1,regular,high,28,454.68,24,45,-0.16666666666666696,5.5,1.0,0.0,0.0,2026-01-15,1,0.0,0.0,0.0,0,2026-01-16
U002453,PLN_BASIC,299.0,low,233,2,regular,high,26,436.09,34,43,0.5,5.5,1.0,0.0,0.0,2026-01-15,1,1.0,0.0,0.0,0,2026-01-16
U002454,PLN_BASIC,299.0,low,139,2,value,high,27,188.44,15,22,0.16666666666666696,5.5,0.0,0.0,0.0,2026-01-15,1,0.0,0.0,0.0,0,2026-01-16
U002455,PLN_BASIC,299.0,low,48,1,value,high,28,82.06,6,9,-0.16666666666666696,5.5,0.0,0.0,0.0,2026-01-15,1,0.0,0.0,0.0,1,2026-01-16
U002456,PLN_BASIC,299.0,low,137,1,regular,high,28,390.44,21,44,-0.16666666666666696,5.5,1.0,0.0,0.0,2026-01-15,1,1.0,0.0,0.0,0,2026-01-16
U002457,PLN_BASIC,299.0,low,46,2,regular,high,28,330.95,23,41,-0.16666666666666696,5.5,0.0,0.0,0.0,2026-01-15,1,0.0,0.0,0.0,1,2026-01-16
U002458,PLN_BASIC,299.0,low,22,2,value,high,22,122.99,7,12,0.0,5.5,1.0,0.0,0.0,2026-01-15,1,1.0,0.0,0.0,1,2026-01-16
U002459,PLN_BASIC,299.0,low,137,2,value,high,28,96.76,9,13,-0.16666666666666696,5.5,0.0,0.0,0.0,2026-01-15,1,1.0,0.0,0.0,1,2026-01-16
U002460,PLN_STD,499.0,mid,242,2,regular,high,28,423.51,23,44,-0.16666666666666696,5.5,1.0,1.0,1.0,2026-01-15,1,0.0,0.0,0.0,1,2026-01-16
U002461,PLN_STD,499.0,mid,171,3,value,high,28,273.89,18,26,-0.16666666666666696,5.5,0.0,0.0,0.0,2026-01-15,1,1.0,0.0,0.0,0,2026-01-16
U002462,PLN_STD,499.0,mid,202,3,regular,high,28,363.63,23,39,-0.16666666666666696,5.5,1.0,0.0,0.0,2026-01-15,1,0.0,0.0,0.0,0,2026-01-16
U002463,PLN_PREM,799.0,high,137,3,regular,high,28,833.05,59,78,-0.16666666666666696,5.5,0.0,0.0,0.0,2026-01-15,1,1.0,0.0,0.0,0,2026-01-16
U002464,PLN_BASIC,299.0,low,109,3,regular,high,27,831.55,51,81,0.16666666666666696,5.5,1.0,0.0,0.0,2026-01-15,1,1.0,0.0,0.0,0,2026-01-16
U002465,PLN_BASIC,299.0,low,140,3,value,high,27,283.64,16,26,-0.666666666666667,5.0,1.0,0.0,0.0,2026-01-15,1,1.0,0.0,0.0,0,2026-01-16
U002466,PLN_BASIC,299.0,low,207,3,value,high,28,16.87,3,1,-0.16666666666666696,5.5,0.0,0.0,0.0,2026-01-15,1,1.0,0.0,0.0,1,2026-01-16
U002467,PLN_BASIC,299.0,low,181,2,regular,high,27,525.47,26,55,0.16666666666666696,5.5,1.0,0.0,0.0,2026-01-15,1,1.0,0.0,0.0,0,2026-01-16
U002468,PLN_BASIC,299.0,low,86,3,regular,high,28,451.73,29,46,-0.16666666666666696,5.5,1.0,1.0,1.0,2026-01-15,1,2.0,1.0,0.0,0,2026-01-16
U002469,PLN_BASIC,299.0,low,250,3,value,high,28,217.82,16,24,-0.16666666666666696,5.5,0.0,0.0,0.0,2026-01-15,1,1.0,0.0,0.0,0,2026-01-16
U002470,PLN_STD,499.0,mid,203,2,regular,high,28,472.96,29,51,-0.16666666666666696,5.5,1.0,0.0,0.0,2026-01-15,1,1.0,0.0,0.0,0,2026-01-16
U002471,PLN_STD,499.0,mid,33,2,regular,high,28,420.95,27,45,-0.16666666666666696,5.5,0.0,0.0,0.0,2026-01-15,1,1.0,0.0,0.0,0,2026-01-16
U002472,PLN_STD,499.0,mid,232,2,value,high,28,168.96,15,21,-0.16666666666666696,5.5,1.0,0.0,0.0,2026-01-15,1,0.0,0.0,0.0,0,2026-01-16
U002473,PLN_BASIC,299.0,low,152,3,regular,high,28,0.0,0,0,-0.16666666666666696,5.5,0.0,0.0,0.0,2026-01-15,1,2.0,0.0,0.0,1,2026-01-16
U002474,PLN_BASIC,299.0,low,205,2,value,high,28,0.0,0,0,-0.16666666666666696,5.5,0.0,0.0,0.0,2026-01-15,1,0.0,0.0,0.0,1,2026-01-16
U002475,PLN_BASIC,299.0,low,230,3,regular,high,28,553.98,30,55,-0.16666666666666696,5.5,1.0,0.0,0.0,2026-01-15,1,1.0,0.0,0.0,0,2026-01-16
U002476,PLN_STD,499.0,mid,150,3,value,high,28,265.81,16,29,-0.16666666666666696,5.5,1.0,0.0,0.0,2026-01-15,1,0.0,0.0,0.0,0,2026-01-16
U002477,PLN_BASIC,299.0,low,126,3,regular,high,28,471.71000000000004,37,55,-0.16666666666666696,5.5,0.0,0.0,0.0,2026-01-15,1,0.0,0.0,0.0,0,2026-01-16
U002478,PLN_STD,499.0,mid,212,1,value,high,28,0.0,0,0,-0.16666666666666696,5.5,0.0,0.0,0.0,2026-01-15,1,0.0,0.0,0.0,1,2026-01-16
U002479,PLN_STD,499.0,mid,237,2,regular,high,28,385.08000000000004,27,39,-0.16666666666666696,5.5,2.0,1.0,0.5,2026-01-15,1,0.0,0.0,0.0,0,2026-01-16
U002480,PLN_STD,499.0,mid,223,3,regular,high,28,516.11,32,51,-0.16666666666666696,5.5,0.0,0.0,0.0,2026-01-15,1,1.0,0.0,0.0,0,2026-01-16
U002481,PLN_PREM,799.0,high,93,3,premium,high,27,778.0,42,74,0.16666666666666696,5.5,1.0,0.0,0.0,2026-01-15,1,1.0,0.0,0.0,0,2026-01-16
U002482,PLN_STD,499.0,mid,41,3,regular,high,28,472.44,30,47,-0.16666666666666696,5.5,0.0,0.0,0.0,2026-01-15,1,0.0,0.0,0.0,0,2026-01-16
U002483,PLN_PREM,799.0,high,211,2,regular,high,28,412.03,27,38,-0.16666666666666696,5.5,1.0,0.0,0.0,2026-01-15,1,1.0,0.0,0.0,0,2026-01-16
U002484,PLN_BASIC,299.0,low,176,2,value,high,28,275.67,21,31,-0.16666666666666696,5.5,1.0,0.0,0.0,2026-01-15,1,0.0,0.0,0.0,0,2026-01-16
U002485,PLN_BASIC,299.0,low,170,1,value,high,28,0.0,0,0,-0.16666666666666696,5.5,0.0,0.0,0.0,2026-01-15,1,0.0,0.0,0.0,1,2026-01-16
U002486,PLN_BASIC,299.0,low,166,3,value,high,28,159.15,15,17,-0.16666666666666696,5.5,0.0,0.0,0.0,2026-01-15,1,0.0,0.0,0.0,0,2026-01-16
U002487,PLN_BASIC,299.0,low,195,2,regular,high,27,294.34000000000003,18,29,0.16666666666666696,5.5,0.0,0.0,0.0,2026-01-15,1,0.0,0.0,0.0,0,2026-01-16
U002488,PLN_PREM,799.0,high,243,2,regular,high,28,0.0,0,0,-0.16666666666666696,5.5,0.0,0.0,0.0,2026-01-15,1,0.0,0.0,0.0,1,2026-01-16
U002489,PLN_STD,499.0,mid,125,3,regular,high,28,708.94,46,76,-0.16666666666666696,5.5,0.0,0.0,0.0,2026-01-15,1,1.0,0.0,0.0,0,2026-01-16
U002490,PLN_BASIC,299.0,low,167,2,regular,high,26,325.62,28,39,-0.33333333333333304,5.0,1.0,0.0,0.0,2026-01-15,1,1.0,0.0,0.0,0,2026-01-16
U002491,PLN_STD,499.0,mid,171,1,regular,high,26,386.6,29,29,-0.33333333333333304,5.0,1.0,0.0,0.0,2026-01-15,1,0.0,0.0,0.0,0,2026-01-16
U002492,PLN_BASIC,299.0,low,190,1,value,high,28,448.67,30,50,-0.16666666666666696,5.5,0.0,0.0,0.0,2026-01-15,1,0.0,0.0,0.0,0,2026-01-16
U002493,PLN_BASIC,299.0,low,23,3,value,high,23,160.71,8,14,-0.5,5.5,1.0,0.0,0.0,2026-01-15,1,0.0,0.0,0.0,0,2026-01-16
U002494,PLN_STD,499.0,mid,103,2,regular,high,28,375.23,24,43,-0.16666666666666696,5.5,0.0,0.0,0.0,2026-01-15,1,0.0,0.0,0.0,0,2026-01-16
U002495,PLN_BASIC,299.0,low,151,1,value,high,28,113.37,11,10,-0.16666666666666696,5.5,1.0,0.0,0.0,2026-01-15,1,1.0,0.0,0.0,0,2026-01-16
U002496,PLN_BASIC,299.0,low,205,2,value,high,28,0.0,0,0,-0.16666666666666696,5.5,0.0,0.0,0.0,2026-01-15,1,0.0,0.0,0.0,1,2026-01-16
U002497,PLN_PREM,799.0,high,55,2,premium,high,27,842.03,49,98,0.16666666666666696,5.5,1.0,0.0,0.0,2026-01-15,1,1.0,0.0,0.0,0,2026-01-16
U002498,PLN_STD,499.0,mid,34,3,premium,high,28,722.96,47,76,-0.16666666666666696,5.5,1.0,0.0,0.0,2026-01-15,1,2.0,0.0,0.0,0,2026-01-16
U002499,PLN_PREM,799.0,high,248,2,regular,high,28,403.24,22,49,-0.16666666666666696,5.5,0.0,0.0,0.0,2026-01-15,1,1.0,0.0,0.0,0,2026-01-16
U002500,PLN_BASIC,299.0,low,23,1,value,high,23,132.99,9,9,-0.5,5.5,1.0,1.0,1.0,2026-01-15,1,1.0,0.0,0.0,1,2026-01-16
